# File exported by ZBrush version 2026
# www.zbrush.com
#Vertex Count 12658
#Face Count 25448
#Auto scale x=0.007097 y=0.007097 z=0.007097
#Auto offset x=-0.000000 y=-0.000000 z=-0.000000
v -31.48527348 -129.6034699 3.70386476
v -31.69673188 -129.62093046 3.60574489
v -31.71703535 -129.70680552 3.64677071
v -30.42386405 -128.96919546 3.23496804
v -30.42769798 -128.95668164 3.19861444
v -30.41491961 -129.00866859 3.20157598
v -31.42083569 -128.75665364 2.27292068
v -29.08737939 -127.75706796 1.84338109
v -29.10391611 -127.80185736 1.85514797
v -31.67843147 -127.28809355 -0.78741877
v -31.5811176 -127.37491765 -0.76168414
v -31.60426187 -127.31757242 -0.84133785
v -31.66492452 -127.31351593 -0.83158774
v 31.48527348 -129.6034699 3.70386476
v 31.69673188 -129.62093046 3.60574489
v 31.71703535 -129.70680552 3.64677071
v 30.42386405 -128.96919546 3.23496804
v 30.42769798 -128.95668164 3.19861444
v 30.41491961 -129.00866859 3.20157598
v 31.42083569 -128.75665364 2.27292068
v 29.08737939 -127.75706796 1.84338109
v 29.10391611 -127.80185736 1.85514797
v 31.67843147 -127.28809355 -0.78741877
v 31.5811176 -127.37491765 -0.76168414
v 31.60426187 -127.31757242 -0.84133785
v 31.66492452 -127.31351593 -0.83158774
v 28.67218503 -127.63229927 2.24480395
v -28.67218503 -127.63229927 2.24480395
v 26.77892343 -129.64641163 4.17051854
v -26.77891713 -129.64641163 4.17052379
v 32.39077873 -129.85745851 3.46090973
v -32.39077873 -129.85745851 3.46090973
v 30.78735281 -129.0936786 3.35145683
v -30.78735281 -129.0936786 3.35145683
v 30.41137962 -129.14880661 3.17660975
v -30.41137962 -129.14880661 3.17660975
v 29.2102878 -127.70152842 1.84161845
v -29.2102878 -127.70152842 1.84161845
v 30.71918817 -128.73249944 3.37740227
v -30.71918817 -128.73249944 3.37740227
v 26.08088309 -129.63519958 4.12399982
v -26.08088519 -129.63521638 4.12400297
v 30.38768105 -128.90353568 2.9511578
v -30.38768105 -128.90353568 2.9511578
v 33.41440733 -129.49467523 2.00626589
v -33.41442202 -129.49469203 2.00626235
v 31.47924752 -128.88394189 2.32810039
v -31.47924752 -128.88394189 2.32810039
v 31.51602683 -129.49545629 3.695509
v -31.51602683 -129.49545629 3.695509
v 33.48794283 -128.07010669 -0.01886538
v -33.48794703 -128.07010669 -0.01886097
v 31.50630342 -129.59401315 3.5504022
v -31.50630342 -129.59401315 3.5504022
v 31.5127262 -129.00348669 2.54718126
v -31.5127262 -129.00348669 2.54718126
v 32.53956304 -129.15547505 2.13978219
v -32.53956304 -129.15547505 2.13978219
v 31.57945259 -129.60908852 3.66023593
v -31.57945259 -129.60908852 3.66023593
v 27.16456334 -128.74635703 3.78457314
v -27.16455074 -128.74632344 3.78454847
v 35.14602014 -130.90062421 2.3629601
v -35.14602014 -130.90062421 2.3629601
v 32.03278052 -128.76538812 2.07987502
v -32.03278052 -128.76538812 2.07987502
v 31.4937833 -129.70160683 3.58485248
v -31.4937833 -129.70160683 3.58485248
v 26.44890705 -131.47973705 5.19204751
v -26.44890705 -131.47973705 5.19204751
v 31.49114405 -128.75142135 2.30474721
v -31.49114405 -128.75142135 2.30474721
v 27.16998879 -125.78446957 0.38572175
v -27.16998879 -125.78446957 0.3857205
v 28.12365546 -130.11104399 5.78396444
v -28.12365966 -130.11104399 5.78397337
v 26.72378703 -127.64815571 2.31339849
v -26.72377233 -127.6481641 2.31339376
v 26.42320333 -130.04582934 5.13887793
v -26.42317183 -130.04583773 5.13886219
v 35.04093763 -129.17294401 -0.23673927
v -35.04093763 -129.17294401 -0.23671716
v 31.40291531 -125.91672976 -1.68923877
v -31.40291531 -125.91672976 -1.68923877
v 33.21357937 -130.54440859 3.11559909
v -33.21357937 -130.54440859 3.11559909
v 30.54339415 -127.78310343 0.19191551
v -30.54333116 -127.78310343 0.19192955
v 31.40782425 -128.90603845 2.26539821
v -31.40782425 -128.90603845 2.26539821
v 36.21628373 -130.76416475 1.63922429
v -36.21625433 -130.76413116 1.6391928
v 20.84296433 -136.02724343 -17.74761989
v -20.84298533 -136.02722663 -17.74763879
v 25.53261808 -126.73162317 0.50183588
v -25.53255299 -126.73166517 0.50183257
v 29.42808921 -128.37898815 1.73805738
v -29.42808921 -128.37898815 1.73805738
v 28.02430915 -129.08014016 3.39646355
v -28.02430915 -129.08014016 3.39646355
v 29.75421706 -127.82057771 0.02581374
v -29.75425066 -127.82067009 0.02579605
v 32.12360021 -126.61955307 -2.02206945
v -32.12358552 -126.61954467 -2.02206145
v 32.23380374 -127.36156397 -1.18554114
v -32.23383103 -127.36156397 -1.18554625
v 29.10073936 -127.5999397 1.71889257
v -29.10073936 -127.5999397 1.71889257
v 33.06176528 -128.22431226 0.12434315
v -33.06176528 -128.22431226 0.12434309
v 34.53331105 -129.44346934 1.42750146
v -34.53331105 -129.44346934 1.42750146
v 26.1905575 -130.72246601 5.32216344
v -26.190589 -130.72244921 5.32217709
v 24.87419784 -129.95480597 3.50496925
v -24.87426293 -129.95489836 3.5051884
v 27.30906229 -129.09000004 4.13339254
v -27.30906229 -129.09000004 4.13339254
v 30.57116812 -128.23486922 -0.00984527
v -30.57116812 -128.23486922 -0.00984527
v 33.97298574 -128.07485187 -3.24327787
v -33.97299204 -128.07485187 -3.2432679
v 28.39851444 -128.38681559 1.83637199
v -28.39851444 -128.38681559 1.83637185
v 32.98322845 -128.02612354 -0.60053036
v -32.98326204 -128.02612354 -0.60054906
v -0.00001144 73.5117209 18.09633982
v 30.63247955 -125.52687799 -1.76255316
v -30.63247116 -125.52687799 -1.7625155
v 32.83109732 -127.62757089 -1.83471826
v -32.83114351 -127.62759608 -1.83473716
v 27.02205063 -127.12361657 2.59173
v -27.02205063 -127.12361657 2.59173
v 33.53679083 -128.0057067 -1.27612948
v -33.53679293 -128.00572349 -1.27612384
v 26.77687629 -126.15803657 0.69599523
v -26.77687629 -126.15803657 0.69599517
v 30.96575457 -127.05509289 0.25814757
v -30.96574827 -127.05511809 0.25815564
v 33.71043482 -130.46985476 2.93551919
v -33.71043902 -130.46983796 2.93551762
v 27.46634383 -129.27670795 5.57440673
v -27.46634383 -129.27670795 5.57440673
v 34.50407154 -129.42662187 1.14698187
v -34.50407573 -129.42662187 1.14697715
v 30.48270841 -125.3089947 -2.06144981
v -30.48270841 -125.3089947 -2.06144981
v 30.66777231 -126.09699599 -2.0214763
v -30.6678332 -126.09702959 -2.02153956
v 19.05478945 -134.66536158 -13.30349112
v -19.05477476 -134.66539518 -13.30346593
v 30.60197816 -127.65215341 -1.14979787
v -30.60198656 -127.65215341 -1.14979564
v 31.65708238 -125.96714619 -3.42715548
v -31.65704459 -125.96712099 -3.42711086
v 26.66660348 -128.49565225 2.72021242
v -26.66660348 -128.49565225 2.72021242
v 30.31594073 -128.20978279 2.14398658
v -30.31594073 -128.20978279 2.14398658
v -0.00001144 152.85995591 10.43328736
v 28.34192089 -128.54100436 3.2953971
v -28.34192089 -128.54100436 3.2953971
v 24.71035494 -128.30661794 1.20060877
v -24.71023526 -128.30655075 1.2003933
v 26.35976916 -125.37901331 -1.02260082
v -26.35977546 -125.37901331 -1.02260056
v 26.26339173 -129.7747245 3.4577986
v -26.26339173 -129.7747245 3.4577986
v 27.86678616 -132.67645323 10.08315543
v -27.86714939 -132.67636925 10.08306514
v 32.8300265 -128.4597065 2.19455392
v -32.8300265 -128.4597065 2.19455392
v 32.19071714 -127.52946756 -3.11043372
v -32.19072343 -127.52946756 -3.11043451
v 32.61634248 -128.47368167 0.67772375
v -32.61634458 -128.47366488 0.67772539
v 25.84261024 -128.57076038 2.49992478
v -25.84261024 -128.57076038 2.49992478
v 42.20862852 -137.27539226 8.55456941
v -42.2087377 -137.27551824 8.55434948
v 34.30685915 -129.0189568 0.11579251
v -34.30684865 -129.0189568 0.11579618
v -0.00001144 70.05675103 -22.53273773
v -38.47539407 -135.04182608 -0.28210691
v 38.47544026 -135.04184288 -0.28198395
v 33.8927545 -129.24512105 0.8163623
v -33.8927314 -129.24510425 0.81638678
v 26.85203271 -130.0063982 4.90959625
v -26.85203271 -130.0063982 4.90959625
v 26.00877533 -127.2067705 0.3774529
v -26.00877533 -127.2067705 0.37745296
v 26.94566592 -126.84129129 0.7538342
v -26.94566382 -126.84129129 0.75382849
v 33.83856293 -138.19971024 29.36728169
v -33.83855243 -138.19971024 29.36728378
v 31.58637089 -127.93006946 -1.42705936
v -31.58637089 -127.93006946 -1.42705923
v 29.2390549 -128.20711205 0.70197946
v -29.2390549 -128.20711205 0.70197919
v 26.65013814 -124.99681261 -0.78358884
v -26.65015074 -124.99681261 -0.78359094
v 26.98274337 -128.9126481 3.3817997
v -26.98273707 -128.91266489 3.38182332
v 31.3937378 -127.05467297 -0.26255695
v -31.3937399 -127.05467297 -0.26255748
v 22.64203631 -138.30164331 15.08135994
v -22.64201741 -138.30165171 15.08135469
v 31.73046462 -132.28262895 8.8740262
v -31.73010768 -132.28246098 8.87355694
v 27.25550061 -126.41123572 1.43513114
v -27.25550061 -126.41123572 1.43513088
v 26.42801149 -125.36879229 -0.46712186
v -26.42800729 -125.36878389 -0.46712934
v 32.05993719 -127.22511291 -0.55136026
v -32.0598616 -127.22509611 -0.55129799
v 26.05250022 -127.96964337 2.25148577
v -26.05253592 -127.96964337 2.25146793
v 29.4464946 -128.88571398 3.38874266
v -29.4464946 -128.88571398 3.38874266
v 27.9389695 -128.63739439 3.91000978
v -27.9389716 -128.63743638 3.91004626
v 23.72187633 -127.57167861 -1.12587713
v -23.72191412 -127.57163662 -1.12586847
v 25.69001299 -127.49711639 0.89112039
v -25.69000669 -127.49714998 0.89113062
v 27.12276381 -126.87827846 0.78928417
v -27.12276591 -126.87827006 0.78927406
v 29.13840681 -126.39132278 -0.59759756
v -29.13823464 -126.3912472 -0.59773384
v 32.00259407 -126.84563334 -0.09963767
v -32.00259407 -126.84563334 -0.09963771
v 27.73987374 -128.29176932 2.70169338
v -27.73987374 -128.29176932 2.70169338
v 26.65845479 -126.69054592 1.13141177
v -26.65844849 -126.69057112 1.13141623
v 30.02857003 -128.34201778 0.76003383
v -30.02857003 -128.34201778 0.76003383
v 25.51548926 -126.05292886 -0.32053977
v -25.51547246 -126.05293726 -0.32054486
v 21.37550097 -137.8194664 -4.07945109
v -21.37553667 -137.8194664 -4.07937025
v 29.25064068 -126.93754695 2.05146368
v -29.25064068 -126.93754695 2.05146368
v 24.11279261 -138.97492056 -0.78950279
v -24.11277162 -138.97487017 -0.78954367
v 33.7841194 -128.72082547 0.7425171
v -33.78416979 -128.72085907 0.74249991
v 32.62954918 -129.53230908 1.9993308
v -32.62957438 -129.53233428 1.99936571
v -0.00001144 128.11423261 25.55021302
v 33.44026643 -133.11026295 -13.80699402
v -33.44026223 -133.11035534 -13.80702656
v 26.80374951 -125.36303089 -1.31634352
v -26.80374322 -125.36303089 -1.31635074
v 22.9512999 -135.2118461 5.02321431
v -22.9512999 -135.2118461 5.0232269
v 27.91468932 -130.52621735 5.34374611
v -27.91468932 -130.52623415 5.34376343
v -0.00001144 126.60146262 -21.05054261
v 34.71153434 -131.42070372 2.04733619
v -34.71153434 -131.42070372 2.04733619
v 27.91798785 -128.3315448 -17.60772333
v -27.91791016 -128.33148601 -17.60774328
v 31.83760057 -127.47544816 -0.6435398
v -31.83765307 -127.47543136 -0.64357733
v 29.12789814 -138.54494058 -17.93660381
v -29.12788974 -138.54494058 -17.93660801
v 25.90305453 -131.19013024 5.24557454
v -25.90305453 -131.19013024 5.24557454
v 23.67323199 -127.00956441 -1.01588836
v -23.67323619 -127.00953922 -1.01589124
v -0.00001144 25.27757335 21.17426569
v 27.71147618 -129.6126579 5.79341857
v -27.71147618 -129.6126579 5.79341857
v 35.14344809 -130.48386352 -5.40893767
v -35.14344599 -130.48387192 -5.40895447
v 30.8523386 -130.03770795 -15.92771848
v -30.85246458 -130.03795151 -15.92776363
v 32.40750652 -129.48291728 2.83017501
v -32.40742883 -129.48290048 2.83020756
v 32.54045539 -126.82257935 -0.8161902
v -32.54045539 -126.82257935 -0.8161879
v 26.09950475 -127.47227351 1.05761735
v -26.09950475 -127.47227351 1.05761735
v 18.35946813 -138.07570582 -14.74181752
v -18.35948073 -138.07572262 -14.74183746
v 26.91617655 -127.90274061 2.88850024
v -26.91627104 -127.90266502 2.888453
v 31.9920602 -126.73431071 -4.54554059
v -31.9920539 -126.73430231 -4.54551697
v 34.00593321 -129.16793848 -0.02430307
v -34.00593321 -129.16793848 -0.02430306
v 33.52533103 -128.31811554 -4.2726222
v -33.52538352 -128.31818273 -4.27266524
v 18.03997302 -137.63946892 -11.36864732
v -18.03997092 -137.63943532 -11.36863157
v 26.38105316 -125.00721 -1.65945887
v -26.38104266 -125.00721 -1.65945952
v 33.22486281 -128.22551325 -1.6541195
v -33.22486281 -128.22551325 -1.6541195
v 31.20059451 -127.24492506 -1.32448538
v -31.2006596 -127.24492506 -1.3244678
v 29.11017302 -129.17975522 5.34031846
v -29.11017302 -129.17975522 5.34031846
v 26.25902239 -127.63591064 1.39947173
v -26.25902449 -127.63590224 1.39947252
v 15.26681542 132.95177413 3.14597214
v -15.26681542 132.95177413 3.14597214
v 24.8640692 -139.90669644 18.75226149
v -24.8640608 -139.90671324 18.7522384
v 20.3396567 -142.67849138 -8.36482753
v -20.33954752 -142.67855857 -8.36515454
v 36.2342524 -132.00782037 2.45584558
v -36.23434479 -132.00782037 2.45575372
v 27.18858316 -128.32711877 3.75948093
v -27.18858316 -128.32711877 3.75948093
v 80.38810008 0.4570549 18.50307475
v -80.38808328 0.45710795 18.50305375
v 79.58453629 -4.69789848 4.64972919
v -79.58454469 -4.69791791 4.64975701
v 26.00154209 -142.87066674 10.026396
v -25.99966292 -142.87073393 10.02751406
v 32.39393658 -129.63176458 -10.98398899
v -32.39397437 -129.63173098 -10.98381472
v 24.08326965 -129.37371108 -17.81777918
v -24.08322766 -129.37371948 -17.81777078
v 29.20389861 -124.99059769 -0.88187812
v -29.20389861 -124.99059769 -0.88187812
v 32.35925691 -126.81925353 -3.12415694
v -32.35925691 -126.81925353 -3.12415694
v 32.03081946 -126.96400234 -2.19677454
v -32.03081946 -126.96400234 -2.19677454
v 73.11600695 3.39247188 19.69520533
v -73.11604054 3.39248579 19.69526622
v 30.42238591 -128.88487413 3.33117042
v -30.42238591 -128.88487413 3.33117042
v 18.22615393 -141.3903739 -11.79652452
v -18.22615393 -141.3903739 -11.79652767
v 22.98674383 64.09745029 11.54444028
v -22.98674383 64.09745029 11.54444028
v -0.00001144 96.7636633 6.63312127
v -0.00001144 -0.25612784 -13.56697323
v 21.42563395 40.99779439 -6.77928104
v -21.42563395 40.99779439 -6.77928104
v 51.5776898 46.56944378 1.68400202
v -51.5776898 46.56944378 1.68400202
v 31.88960643 -27.8240103 8.37354521
v -31.88960643 -27.8240103 8.37354521
v -0.00001144 24.98516353 -13.75833498
v 34.20015781 89.21661881 -14.15155247
v -34.20015781 89.21661881 -14.15155247
v 31.33405359 62.99645225 -15.37813281
v -31.33405359 62.99645225 -15.37813281
v -0.00001144 -4.08803702 -2.4498401
v 19.76447648 14.82491161 -11.43757622
v -19.76447648 14.82491161 -11.43757622
v 29.86712072 -112.28084546 -17.93545111
v -29.86712072 -112.28084546 -17.93545111
v 31.79718261 92.40616546 0.4055776
v -31.79718261 92.40616546 0.4055776
v 18.67008389 -43.22730828 11.09492319
v -18.67008389 -43.22730828 11.09492319
v -0.00001144 81.47181392 -21.57730736
v -0.00001144 102.69686978 -10.90532198
v 21.50208375 -7.24417953 16.74302343
v -21.50208375 -7.24417953 16.74302343
v 9.58225923 102.63900385 -5.63728449
v -9.58225923 102.63900385 -5.63728449
v 29.70727553 -25.30518355 -5.44798038
v -29.70727553 -25.30518355 -5.44798038
v -0.00001144 122.26769065 19.69321278
v 25.74806789 13.47275842 1.98886491
v -25.74806789 13.47275842 1.98886491
v -0.00001144 142.05232993 -0.99896635
v 6.60471164 -7.30302494 -15.59417787
v -6.60471164 -7.30302442 -15.59417787
v -0.00001144 103.88711909 17.23453006
v 18.01523513 -87.37107351 -7.07025892
v -18.01523513 -87.37107351 -7.07025892
v 56.5768402 28.5246101 -4.18260719
v -56.5768402 28.5246101 -4.18260719
v 21.40100524 -43.24051918 -15.63742824
v -21.40100524 -43.24051918 -15.63742824
v 48.09312768 68.73690387 -2.85393054
v -48.09312768 68.73690387 -2.85393054
v 28.06642992 -49.30760677 2.38323181
v -28.06642992 -49.30760677 2.38323181
v -0.00000381 -2.25035591 15.69998266
v 22.54789709 -90.52721917 -22.98736743
v -22.54789709 -90.52721917 -22.98736743
v 34.25615717 -92.138672 -10.48193589
v -34.25615717 -92.138672 -10.48193589
v 17.16555496 83.21593846 -21.93930118
v -17.16555496 83.21593846 -21.93930118
v 29.84519423 -43.80494298 -0.48269134
v -29.84519423 -43.80494298 -0.48269134
v 76.26445955 -13.35497941 15.54071907
v -76.26445955 -13.35497941 15.54071907
v 4.97220631 127.43738598 18.81230474
v -4.97220631 127.43738598 18.81230474
v 15.60961858 9.6973549 15.59739556
v -15.60961963 9.69735385 15.59739556
v 53.57382509 51.81352917 -14.26297798
v -53.57382509 51.81352917 -14.26297798
v -0.00001144 143.98834428 -10.41499219
v 16.17752672 -53.15917244 -11.66877015
v -16.17752672 -53.15917244 -11.66877015
v 28.19309668 72.29797248 0.84648019
v -28.19309668 72.29797248 0.84648019
v 8.62629136 -38.8734722 2.15185863
v -8.62629136 -38.8734722 2.15185863
v -0.00001144 136.88050977 -0.54349168
v 28.03269719 -70.10383744 -21.34510036
v -28.03269719 -70.10383744 -21.34510036
v 39.64700702 50.04524203 -4.32141404
v -39.64700702 50.04524203 -4.32141404
v 26.84777255 -91.0650364 -3.17771993
v -26.84777255 -91.0650364 -3.17771993
v 16.11546782 128.34030448 -9.81398856
v -16.11547307 128.34030448 -9.81398016
v 31.4178857 -140.48634679 20.99534112
v -31.4178857 -140.48634679 20.99534112
v 77.52702028 19.88569469 5.6005582
v -77.52702028 19.88569469 5.6005582
v 21.93635119 -118.24002863 -12.02065107
v -21.93635119 -118.24002863 -12.02065107
v 8.66047499 108.33733679 -2.86761701
v -8.66047499 108.33733679 -2.86761701
v 30.26791998 -109.84069203 -7.06260312
v -30.26791998 -109.84069203 -7.06260312
v 21.32662568 29.01741536 9.70424171
v -21.32662568 29.01741536 9.70424171
v 25.86558235 -139.34475862 7.72769338
v -25.86558235 -139.34475862 7.72769338
v -0.00001144 104.59313385 11.81166499
v 22.77707222 -130.58853451 -3.04697988
v -22.77707222 -130.58853451 -3.04697988
v 40.59540361 66.02245416 -18.3976206
v -40.59540361 66.02245416 -18.3976206
v 28.67101763 -140.47063312 -13.2507252
v -28.67101763 -140.47063312 -13.2507252
v 11.76719892 -29.25153302 11.41623869
v -11.76719892 -29.25153302 11.41623869
v -0.00001144 139.79366051 -6.41111903
v 16.16666846 51.44667679 -17.05060101
v -16.16665271 51.44670199 -17.05061781
v 2.72793304 141.95752722 -0.03340883
v -2.72786559 141.95754402 -0.03340986
v 13.36516579 35.61577141 -10.99281586
v -13.36516474 35.61577141 -10.99281691
v 8.85925737 146.54875639 -6.46727585
v -8.85925842 146.54875639 -6.46727271
v 15.04470452 -62.73410709 -10.05881226
v -15.04470452 -62.73410709 -10.05881226
v 5.26242569 9.77741292 -19.77137168
v -5.26242359 9.77741607 -19.77137168
v 75.42491642 16.46951767 1.86939543
v -75.42491642 16.46951767 1.86939543
v 31.32841817 -85.34052521 -23.54293496
v -31.32841817 -85.34052521 -23.54293496
v -0.00001144 129.54576354 -6.32854459
v 32.3271115 -12.53629196 2.94713989
v -32.3271115 -12.53629196 2.94713989
v 9.32830421 142.08328694 -6.11294098
v -9.32830421 142.08328694 -6.11294098
v 12.59299259 -33.69833883 -13.69854264
v -12.59299259 -33.69833883 -13.69854264
v -0.00001144 130.92839818 -12.58062889
v 41.32703391 72.80918313 2.11076406
v -41.32703391 72.80918313 2.11076406
v 16.44444908 128.89511195 11.6029319
v -16.44444908 128.89511195 11.6029319
v 68.21574515 25.45808735 7.22669692
v -68.21574515 25.45808735 7.22669692
v 73.06899193 9.07631341 9.04116657
v -73.06899193 9.07631341 9.04116657
v 26.35516046 129.05353358 0.42040427
v -26.35516046 129.05353358 0.42040414
v 77.378047 3.84642339 13.96855461
v -77.378047 3.84642339 13.96855461
v 79.7247163 -11.74525669 20.61113947
v -79.7247163 -11.74525669 20.61113947
v -0.00001144 134.25926704 19.93564919
v -0.00001144 39.06197321 20.67150816
v -0.00001144 110.51668201 -7.66395582
v 22.91309915 -120.24367641 -5.97543853
v -22.91309915 -120.24367641 -5.97543853
v 31.92725918 -68.7361774 -10.41138712
v -31.92725918 -68.7361774 -10.41138712
v -0.00001144 44.15302881 -13.78969933
v 10.38211401 114.22434291 1.48722885
v -10.38211401 114.22434291 1.48722885
v 49.45790702 41.46475735 -11.87628439
v -49.45790702 41.46475735 -11.87628439
v 13.35423299 -44.24125966 9.68570403
v -13.35423299 -44.24125966 9.68570403
v 45.15149749 80.11175456 -9.80498743
v -45.15149749 80.11175456 -9.80498743
v 11.43753528 123.86894765 -2.68148991
v -11.43753528 123.86894765 -2.68148991
v 32.32818022 -28.75558251 -0.83420027
v -32.32818022 -28.75558251 -0.83420027
v 15.81829812 -88.15372494 -15.47883129
v -15.81829812 -88.15372494 -15.47883129
v 79.60788423 14.192762 5.24392895
v -79.60787583 14.19264652 5.24390166
v 71.56540994 13.6967653 4.30083526
v -71.56582986 13.69728811 4.29978386
v 39.20230859 60.73727052 4.04702958
v -39.20230859 60.73727052 4.04702958
v 73.34877245 13.22937612 14.69778818
v -73.34868007 13.23088995 14.69584707
v 21.69858016 -7.85337856 -13.04688637
v -21.69858016 -7.85337856 -13.04688637
v 14.88076084 90.93821846 -18.5096928
v -14.88075979 90.93821846 -18.5096907
v 23.65992871 26.67749848 1.77333163
v -23.65992871 26.67749848 1.77333163
v 4.94510527 139.75162582 17.71829429
v -4.9451079 139.75162582 17.71829219
v 20.76488522 8.09908621 15.1965606
v -20.76488731 8.09908726 15.1965606
v 43.19620849 51.20272024 -16.12551142
v -43.19620849 51.20272024 -16.12551142
v -0.00001144 135.94879268 16.43939841
v 61.52512904 44.98537859 3.53242014
v -61.52512904 44.98537859 3.53242014
v 32.23095034 91.5742734 -12.23725674
v -32.23095034 91.5742734 -12.23725674
v 8.93915267 7.79800175 16.48130816
v -8.93916632 7.79801749 16.48131026
v -0.00001144 136.47267673 11.84995707
v 5.55015647 135.54698979 10.13939624
v -5.5501255 135.54699819 10.13942354
v 7.76639122 150.5518191 11.33154992
v -7.76639122 150.5518191 11.33154992
v 35.61797603 77.9889735 -19.08438591
v -35.61797603 77.9889735 -19.08438591
v 35.18271756 -79.82488567 -19.69351932
v -35.18271756 -79.82488567 -19.69351932
v 23.63556875 21.1787988 5.80811969
v -23.63556875 21.1787988 5.80811969
v 30.64518234 69.05288209 -3.7619816
v -30.64518234 69.05288209 -3.7619816
v 21.66996844 126.57530117 1.94527321
v -21.66996844 126.57530117 1.94527321
v 16.30541127 59.91266 -20.55544246
v -16.30541442 59.91266 -20.55544246
v 30.76980406 -135.88368721 -14.85658985
v -30.76980406 -135.88368721 -14.85658985
v 26.61019679 -19.66188623 -12.44904899
v -26.61019679 -19.66188623 -12.44904899
v 32.18544915 -130.02278375 -7.36223307
v -32.18544915 -130.02278375 -7.36223307
v 48.46476302 41.0994923 -2.6358071
v -48.46476302 41.0994923 -2.6358071
v 25.04136865 -128.47795653 -0.12695423
v -25.04136865 -128.47795653 -0.12695423
v 5.65374983 143.13004721 -8.99109449
v -5.65375035 143.13004721 -8.99109344
v 18.3102107 -81.25708848 -6.02997182
v -18.3102107 -81.25708848 -6.02997182
v 20.0062851 77.57303587 13.04662916
v -20.006283 77.57303587 13.04663021
v 58.42946966 35.81942338 3.84211127
v -58.42946966 35.81942338 3.84211127
v 27.61517643 -67.85830334 -0.43551324
v -27.61517643 -67.85830334 -0.43551324
v 71.08207403 7.56412606 14.42273394
v -71.08207403 7.56412606 14.42273394
v 31.11533044 -76.01633312 -4.61634185
v -31.11533044 -76.01633312 -4.61634185
v 75.6198549 12.88226346 15.21364637
v -75.6198549 12.88226346 15.21364637
v 71.71645766 17.01226483 9.35267677
v -71.71645766 17.01226483 9.35267677
v 57.01456784 51.88326643 -9.16656726
v -57.01456784 51.88326643 -9.16656726
v 11.29444098 126.70059057 9.03910893
v -11.29444098 126.70059057 9.03910893
v 11.69185248 79.96490611 -23.39407716
v -11.69185353 79.96490611 -23.39407716
v 9.81598531 -38.59508164 -8.01900509
v -9.81598531 -38.59508164 -8.01900509
v -0.00001144 127.58117736 29.40969851
v -0.00001144 50.91820294 22.02123732
v 69.08439761 31.94312611 -5.00671223
v -69.08439761 31.94312611 -5.00671223
v 8.02126168 -9.9333192 -12.36457019
v -8.02126168 -9.9333192 -12.36457019
v 20.06928674 89.3954153 3.92820836
v -20.06928674 89.3954153 3.92820836
v -0.00001144 125.06153175 -16.41068275
v 16.22295652 31.89156749 -8.88513537
v -16.22295652 31.89156749 -8.88513537
v 39.30735751 89.73645476 -7.81195697
v -39.30735751 89.73645476 -7.81195697
v 25.10104027 -29.06906007 13.86354348
v -25.10104027 -29.06906007 13.86354348
v 83.6990728 2.53295676 12.79760934
v -83.6990896 2.53303471 12.7975285
v 27.24077798 -138.94823001 -1.25091549
v -27.24077798 -138.94823001 -1.25091549
v 23.96127038 -139.76822134 -10.39823501
v -23.96127038 -139.76822134 -10.39823501
v -0.00001144 7.34608793 -17.74028796
v 31.57374368 69.33915888 -10.6896958
v -31.57374368 69.33915888 -10.6896958
v 14.31322329 -58.82135807 -1.35124155
v -14.31322329 -58.82135807 -1.35124155
v 49.4166324 67.84560055 -12.15103314
v -49.4166324 67.84560055 -12.15103314
v 4.9440733 125.86277754 -11.12449445
v -4.94412684 125.86277754 -11.1244745
v 23.61046131 -56.84218363 -12.97901253
v -23.61046131 -56.84218363 -12.97901253
v 79.62605867 14.0085516 9.47097754
v -79.62605867 14.0085516 9.47097754
v 55.49006089 38.2705831 -11.23017641
v -55.49006089 38.2705831 -11.23017641
v 7.45755858 107.69398353 -5.53849038
v -7.45755806 107.69398353 -5.53849038
v 23.08281052 -8.51522173 -11.92543579
v -23.08281052 -8.51522173 -11.92543579
v 18.22701688 96.57945815 -11.75023282
v -18.22706727 96.57943295 -11.75022757
v -0.00001144 149.4557762 -4.52801704
v 4.0369264 -12.83501118 -6.12223501
v -4.0369264 -12.83501118 -6.12223501
v 70.75647948 32.6920868 5.60980657
v -70.75647948 32.6920868 5.60980657
v 35.69816528 -138.49963886 26.8296695
v -35.69823246 -138.49968085 26.82986057
v 5.29675104 99.74241502 5.48608245
v -5.29675104 99.74241502 5.48608245
v 2.28488519 90.7052178 8.25356053
v -2.28488571 90.7052682 8.25353166
v 23.84978607 -62.85840547 4.13085041
v -23.84978607 -62.85840547 4.13085041
v 33.06057479 -133.64619891 22.93967842
v -33.06081835 -133.64618211 22.93969942
v 16.71882304 -0.46069951 -17.86530651
v -16.71882304 -0.46069951 -17.86530651
v -0.00001144 127.19232502 -11.10184779
v -0.00001144 151.23488905 15.63203848
v 8.81812553 133.45418312 13.16812033
v -8.81812553 133.45418312 13.16812033
v 44.68883879 44.04919768 -7.1531126
v -44.68883879 44.04919768 -7.1531126
v -0.00001144 111.95487298 11.77985552
v 75.16013569 5.08666369 15.54165026
v -75.16012729 5.08666579 15.54166705
v 8.47208894 109.46720061 8.92890436
v -8.47208894 109.46720061 8.92890436
v 73.53843665 7.15890969 20.04174583
v -73.53838626 7.15892177 20.04180882
v 78.85956603 17.20978377 10.5416705
v -78.85954923 17.20970818 10.54242112
v 18.89007731 130.77225255 19.97186999
v -18.89007731 130.77225255 19.97186999
v 39.78196734 -139.22256828 12.35567088
v -39.78196734 -139.22256828 12.35567088
v 16.01348121 56.72072396 16.38185897
v -16.01348121 56.72072396 16.38185897
v 39.02356249 -140.37955097 8.96417822
v -39.02356249 -140.37955097 8.96417822
v 19.05708226 -60.92292442 3.45565172
v -19.05708226 -60.92292442 3.45565172
v 4.16918711 -17.06439876 -5.17859935
v -4.16918711 -17.06439876 -5.17859935
v 11.987733 141.61401019 2.04508328
v -11.987733 141.61401019 2.04508328
v 11.60170677 -12.96894058 13.45210012
v -11.60170677 -12.96894058 13.45210012
v 54.21744711 57.93333438 -3.63692053
v -54.21744711 57.93333438 -3.63692053
v 29.44336615 -139.20418387 -19.03107408
v -29.44336195 -139.20415028 -19.03106988
v 32.8737199 -142.63303849 -11.84300203
v -32.87377659 -142.63300489 -11.84283511
v 48.72399231 63.46394851 1.90605768
v -48.72399231 63.46394851 1.90605768
v 18.3740207 -142.04320911 -15.83416086
v -18.3740186 -142.04320911 -15.83415141
v 9.49556531 38.63531904 -12.9220043
v -9.49556531 38.63531484 -12.9220043
v 39.41524934 -137.13627887 24.57578516
v -39.41523254 -137.13626207 24.57580615
v 46.48931332 70.69281856 -12.47229509
v -46.48931332 70.69281856 -12.47229509
v 22.82548979 126.33852957 -6.51579159
v -22.82548979 126.33852957 -6.51579159
v 34.54245916 80.04070292 -19.2913448
v -34.54245916 80.04070292 -19.2913448
v 64.8566236 46.36570783 -3.63048332
v -64.8566236 46.36570783 -3.63048332
v -0.00001144 133.13731465 14.21117265
v 28.61383198 -51.54581314 -7.2567154
v -28.61383198 -51.54581314 -7.2567154
v 24.95641953 77.84420789 10.01375935
v -24.95641953 77.84420789 10.01375935
v 25.35180594 -4.04364444 14.9835873
v -25.35180594 -4.04364444 14.9835873
v 18.91165316 -69.94998461 -17.52087509
v -18.91165316 -69.94998461 -17.52087509
v 23.20000583 38.43190223 2.93911928
v -23.20000583 38.43190223 2.93911928
v 31.5098686 -139.91414595 -0.39454573
v -31.5087054 -139.91432232 -0.39332115
v 43.0674085 -142.64781992 7.71978616
v -43.0674085 -142.64783671 7.71983025
v 25.43354682 53.10398144 2.70831431
v -25.43354682 53.10398144 2.70831431
v 9.91415058 101.96654125 -6.6575164
v -9.91415058 101.96654125 -6.6575164
v 14.05765995 34.49091522 15.8902589
v -14.05765995 34.49091522 15.8902589
v 32.45063511 -98.15425975 -9.52518591
v -32.45063511 -98.15425975 -9.52518591
v 30.47726616 -118.10349358 -11.70363038
v -30.47726616 -118.10349358 -11.70363038
v 10.4844985 58.42086116 20.39909526
v -10.48451215 58.42086955 20.39909106
v 10.45765782 137.04218164 0.83973832
v -10.45765782 137.04218164 0.83973832
v 24.32071524 -78.69836448 -23.71365626
v -24.32071524 -78.69836448 -23.71365626
v 6.17867372 27.39092495 20.62929291
v -6.17867004 27.39090396 20.62929501
v 19.0257746 -99.49260889 -11.05690616
v -19.0257746 -99.49260889 -11.05690616
v 31.86384391 94.06071118 -4.59139504
v -31.86384391 94.06071118 -4.59139504
v 26.62438192 -118.70439223 -3.95946641
v -26.62438192 -118.70439223 -3.95946641
v 19.70501482 -19.60729152 -15.64806499
v -19.70501482 -19.60729152 -15.64806499
v 64.87885453 24.69314424 4.20110681
v -64.87885453 24.69314424 4.20110681
v 4.09406901 149.98160871 -6.74279727
v -4.09403384 149.98162551 -6.74278309
v 36.45470984 80.51375062 5.67564009
v -36.45470984 80.51375062 5.67564009
v 6.36626191 135.2555101 -1.09656446
v -6.36626191 135.2555101 -1.09656446
v 43.3243072 47.67066438 -0.39110016
v -43.3243072 47.67066438 -0.39110016
v 9.30498462 132.63861782 6.98262069
v -9.30498462 132.63861782 6.98262069
v 28.30520668 -117.14277634 -18.0504229
v -28.30520668 -117.14277634 -18.0504229
v 5.91249253 15.67034841 -18.06068382
v -5.91249358 15.67034631 -18.06068382
v 22.29691096 -139.27443765 -3.96282268
v -22.29687107 -139.27442085 -3.96290483
v 78.59020809 8.76475912 3.37779806
v -78.59020809 8.76475912 3.37779806
v 17.02030643 -83.66716675 -18.71853716
v -17.02030643 -83.66716675 -18.71853716
v 10.96116491 133.8738161 15.16161638
v -10.96115337 133.8738161 15.16165627
v 37.74670325 69.0993974 -17.65515408
v -37.74670325 69.0993974 -17.65515408
v 31.78238858 -142.45576213 -16.2302307
v -31.78232139 -142.45576213 -16.23037347
v 36.94769987 67.72464059 -17.02275671
v -36.94769987 67.72464059 -17.02275671
v 34.30790057 -140.6449448 -8.60273031
v -34.30780188 -140.6449448 -8.6029324
v 24.53399193 -141.48096054 1.75561308
v -24.53402762 -141.48106132 1.75600597
v -0.00001144 140.5845677 11.29794317
v 30.05834285 -141.31031903 27.58601671
v -30.05799431 -141.31031903 27.58536162
v 79.3017155 -9.08356135 10.02660072
v -79.3016987 -9.08354875 10.02664901
v 20.62297511 -99.10934997 -18.58644074
v -20.62297511 -99.10934997 -18.58644074
v 23.64941374 -141.30706039 11.45173931
v -23.64944943 -141.3070436 11.45154089
v -0.00001144 84.47143602 -20.80053281
v 24.96645578 -110.99943841 -5.16842714
v -24.96645578 -110.99943841 -5.16842714
v 52.40782236 63.56904362 -7.00915482
v -52.40782236 63.56904362 -7.00915482
v 45.23124582 75.83777179 -1.72464281
v -45.23124582 75.83777179 -1.72464281
v 78.94563425 9.66341746 15.66894166
v -78.94563425 9.66341746 15.66894166
v 7.7475659 -10.31275258 12.36903821
v -7.7475659 -10.31275258 12.36903821
v 54.3128755 42.63262455 -14.02707248
v -54.3128755 42.63262455 -14.02707248
v 73.326046 12.98458916 3.58538264
v -73.326046 12.98458916 3.58538264
v 13.10400588 125.13843717 -14.84480775
v -13.10400693 125.13843717 -14.8448067
v 36.1543613 -142.40728577 28.57795132
v -36.15425212 -142.40726897 28.57803531
v 4.79223559 73.88409531 18.22933278
v -4.79230226 73.88410371 18.22933068
v -0.00001144 113.20550778 14.90595226
v 1.96037037 140.07245 11.97344709
v -1.96034728 140.07244161 11.97347438
v 29.46033959 -126.88051247 -2.8097873
v -29.46033959 -126.88051247 -2.8097873
v 64.10515175 46.94769297 -0.82219299
v -64.10515175 46.94769297 -0.82219299
v 31.73990247 -81.46569139 -5.51177305
v -31.73990247 -81.46569139 -5.51177305
v 13.73077938 -48.75253895 8.20936795
v -13.73077938 -48.75253895 8.20936795
v 14.48303544 7.88904191 -18.47030785
v -14.48303544 7.88904191 -18.47030785
v 27.69209865 -30.09568485 -10.50757768
v -27.69209865 -30.09568485 -10.50757768
v 9.67551975 -2.97657755 -19.28521176
v -9.67551975 -2.97657755 -19.28521176
v 5.05998206 62.59127315 21.47713169
v -5.06004137 62.59121856 21.47713169
v 77.00232997 7.88722205 2.69615559
v -77.00232997 7.88722205 2.69615559
v 27.76552288 -107.13691685 -20.37023788
v -27.76552288 -107.13691685 -20.37023788
v 5.39433366 138.34728097 -6.38831804
v -5.39433419 138.34729776 -6.38831122
v 16.1483103 -84.27642195 -9.18933464
v -16.1483103 -84.27642195 -9.18933464
v 77.40724032 13.66621351 13.87051427
v -77.40724032 13.66621351 13.87051427
v 16.10065909 21.00501414 15.29704911
v -16.10065909 21.00501204 15.29705016
v 25.48512434 -48.57000511 -11.63101242
v -25.48512434 -48.57000511 -11.63101242
v 9.90844378 131.38782344 -9.6154891
v -9.90844273 131.38782344 -9.61549015
v 41.8374551 -141.30894167 12.07512925
v -41.83826136 -141.30894167 12.07157456
v 34.45009623 -134.53575533 9.69178352
v -34.45009623 -134.53575533 9.69178352
v 25.66359119 -92.83470929 -23.93924941
v -25.66359119 -92.83470929 -23.93924941
v 37.29609225 -135.77752968 4.21702624
v -37.29609225 -135.77752968 4.21702624
v 21.76670701 -124.88446536 -11.25444609
v -21.76670701 -124.88446536 -11.25444609
v -0.00001144 52.42509816 -16.42833963
v 18.95541584 72.16231088 -23.18734083
v -18.95542214 72.16231088 -23.18734083
v 25.22545412 -137.99865762 19.28047709
v -25.22544992 -137.99865762 19.28047709
v 12.96741205 -12.86728572 -13.22676732
v -12.96741205 -12.86728572 -13.22676732
v 29.46984254 -138.2809913 25.80919246
v -29.46993492 -138.2809829 25.80929744
v 65.94493144 21.51693027 0.74335446
v -65.94493144 21.51693027 0.74335446
v 39.86006955 88.43297635 -9.96224482
v -39.86006955 88.43297635 -9.96224482
v 75.88108305 5.83311899 11.34616233
v -75.88111665 5.83309695 11.34616863
v 26.79183619 11.3488845 6.52341116
v -26.79183619 11.3488845 6.52341116
v 74.62986875 14.37288966 4.0196653
v -74.65032759 14.37645589 4.0023609
v 9.58164614 69.98500231 -23.28069479
v -9.58164194 69.98500231 -23.28069479
v 24.37359244 18.47943076 -2.89239375
v -24.37359244 18.47943076 -2.89239375
v 17.26239851 -38.87174211 -16.05714311
v -17.26239851 -38.87174211 -16.05714311
v 21.84710412 31.78074247 -3.73395331
v -21.84710412 31.78074247 -3.73395331
v 3.42718383 -22.80180171 3.45369775
v -3.42718383 -22.80180171 3.45369775
v 22.03842283 -132.20958686 -10.36209715
v -22.03842283 -132.20958686 -10.36209715
v 50.0425335 62.59577056 -15.94291039
v -50.0425335 62.59577056 -15.94291039
v 22.41845251 -82.73417309 -3.60063386
v -22.41845251 -82.73417309 -3.60063386
v 29.04528171 74.58829599 3.60947253
v -29.04528171 74.58829599 3.60947253
v 78.17938517 -2.54717706 6.55734388
v -78.17938517 -2.54714478 6.55734178
v 37.61980133 60.27467481 -16.22573118
v -37.61980133 60.27467481 -16.22573118
v 23.29952431 -139.639119 -19.1298157
v -23.29953271 -139.639119 -19.1298178
v 15.09264863 98.86169386 -7.69808958
v -15.09265073 98.86169386 -7.69808853
v 46.03440647 51.25397232 -16.9282784
v -46.03440647 51.25397232 -16.9282784
v 36.01266536 58.89855744 -13.41997885
v -36.01266536 58.89855744 -13.41997885
v 8.15109941 143.0215045 13.64297896
v -8.15109941 143.0215045 13.64297896
v 20.43982187 132.98512473 12.94416489
v -20.43982397 132.98512473 12.94416384
v -0.00001144 128.43833222 19.44896857
v 25.57096581 -138.44750073 13.46373734
v -25.57096581 -138.44750073 13.46373734
v 9.7143336 128.26746395 27.02445261
v -9.7143273 128.26746395 27.02445681
v 6.87066449 113.05916324 13.19702495
v -6.87066449 113.05916324 13.19702495
v -0.00001144 131.48798441 18.6412727
v 22.32964636 -140.31703225 -3.68184563
v -22.32961067 -140.31700705 -3.68190731
v 26.41780097 -117.29442035 -18.37795542
v -26.41780097 -117.29442035 -18.37795542
v 57.10177826 41.6368728 3.66289328
v -57.10177826 41.6368728 3.66289328
v 30.18978208 -36.44642469 -2.82077783
v -30.18978208 -36.44642469 -2.82077783
v 24.79756117 64.56547566 3.91426732
v -24.79756117 64.56547566 3.91426732
v -0.00000381 -5.46725765 12.58035174
v 15.2816315 61.11981976 18.93042599
v -15.28163465 61.11981976 18.93042389
v 28.51957308 -135.57992886 15.81950331
v -28.51957308 -135.57992886 15.81950331
v 71.51187765 12.87037638 11.79866405
v -71.51205402 12.87087399 11.7986714
v 31.44525024 -136.1779804 15.87813561
v -31.44525024 -136.1779804 15.87813561
v 6.62964638 106.233738 7.33087082
v -6.62964638 106.233738 7.33087082
v 35.88401234 -140.00496775 20.34534251
v -35.88401234 -140.00496775 20.34534251
v 35.2560578 70.56874695 3.61881355
v -35.2560578 70.56874695 3.61881355
v 31.21529405 -142.61891215 29.11177504
v -31.21531925 -142.61889535 29.11178764
v 39.63186025 -142.87731839 22.70329525
v -39.63204502 -142.87735198 22.70255828
v 27.68579345 -134.25691545 16.61838806
v -27.6860685 -134.25687346 16.61843741
v 34.61975301 -75.77411926 -17.90057618
v -34.61975301 -75.77411926 -17.90057618
v 17.15959935 126.15638206 -3.67243218
v -17.15959935 126.15638206 -3.67243218
v 38.51495958 -136.28668269 19.57110852
v -38.51517794 -136.28685066 19.57151585
v 2.83747308 111.98068169 17.47247746
v -2.83747544 111.98067329 17.47247956
v 6.19644293 127.54178821 -9.51157083
v -6.19644293 127.54178821 -9.51157083
v -0.00001144 113.36526479 19.60410008
v 27.45874105 -38.81079391 9.40849346
v -27.45874105 -38.81079391 9.40849346
v 29.59383017 -135.44043753 -16.25391668
v -29.59383017 -135.44043753 -16.25391668
v 10.89395876 90.09790267 -19.68522157
v -10.89396191 90.09789427 -19.68522996
v 13.01784842 -59.29199539 -7.10287412
v -13.01784842 -59.29199539 -7.10287412
v 21.21551091 91.54109917 -15.47905385
v -21.21551091 91.54109917 -15.47905385
v 39.31620957 87.67810729 1.26705368
v -39.31620957 87.67810729 1.26705368
v 70.96204212 5.27964112 21.24693614
v -70.96204212 5.27966001 21.24692355
v 30.44588292 63.85981363 -6.11019991
v -30.44588292 63.85981363 -6.11019991
v 47.11054064 71.52734776 -5.98779593
v -47.11054064 71.52734776 -5.98779593
v 38.32283461 55.47491832 1.84425966
v -38.32283461 55.47491832 1.84425966
v 36.5653144 -133.86724005 14.66319775
v -36.56526401 -133.86718966 14.66296574
v 31.21870806 -101.10071909 -21.25420088
v -31.21870806 -101.10071909 -21.25420088
v 25.12906619 49.85354118 1.46651162
v -25.12906619 49.85354118 1.46651162
v 9.1763736 30.01268629 -12.3463821
v -9.1763736 30.01268629 -12.3463821
v 8.53387961 151.34964669 1.59651969
v -8.53388696 151.34962989 1.59649502
v 25.19023695 -13.1110995 15.84614348
v -25.19023695 -13.1110995 15.84614348
v 27.90285368 -61.54573906 -13.56927023
v -27.90285368 -61.54573906 -13.56927023
v 9.01479411 100.19122453 1.11017711
v -9.01479411 100.19122453 1.11017711
v 3.22056035 115.44178669 17.84018438
v -3.22056009 115.44178669 17.84018438
v 14.52462291 132.82671149 -1.07227556
v -14.52462291 132.82671149 -1.07227556
v 8.89310768 107.17422316 2.75966298
v -8.89310768 107.17422316 2.75966298
v -0.00001144 117.19210095 22.72720589
v 76.57818696 5.37303654 10.64210443
v -76.57817017 5.37306541 10.64208343
v 76.96792955 19.97683353 3.94020305
v -76.96792955 19.97683353 3.94020305
v 82.4742803 4.35074331 16.94878868
v -82.47423831 4.3507042 16.94884957
v -0.00001144 133.21737792 -10.96634996
v 23.80828679 96.14268374 -6.68818419
v -23.80828679 96.14268374 -6.68818419
v 10.36911727 129.75325784 2.19478094
v -10.36911727 129.75325784 2.19478094
v 45.32957171 49.78552982 2.60414593
v -45.32957171 49.78552982 2.60414593
v 30.34452725 -68.39579302 -18.75354437
v -30.34452725 -68.39579302 -18.75354437
v 64.28323016 45.47807467 -6.31595886
v -64.28323016 45.47807467 -6.31595886
v 22.2960774 -105.99503473 -7.40350926
v -22.2960774 -105.99503473 -7.40350926
v 19.12517761 -32.32642912 13.36820501
v -19.12517761 -32.32642912 13.36820501
v 28.20978458 -139.87425289 -4.19047951
v -28.20978458 -139.87425289 -4.19047951
v 5.07046659 -5.37078468 10.96739453
v -5.07046659 -5.37078468 10.96739453
v 78.48399177 9.21480741 16.64391227
v -78.48392459 9.21498378 16.64383984
v 27.85282778 -2.60379791 12.48107471
v -27.85282778 -2.60379791 12.48107471
v 4.42455807 -16.2060723 9.4045367
v -4.42455807 -16.2060723 9.4045367
v 6.08881775 50.20259285 21.55508903
v -6.0888104 50.20262225 21.55509323
v 28.98804147 67.67553854 -20.24605919
v -28.98804147 67.67553854 -20.24605919
v -0.00001144 137.67561623 4.82525288
v 17.13269148 126.93424632 5.45442731
v -17.13269148 126.93424632 5.45442731
v 12.04075508 133.18283473 3.63330417
v -12.04075508 133.18283473 3.63330417
v 76.11396613 6.59811984 16.64929049
v -76.11396613 6.59811984 16.64929049
v 31.79521945 88.60948844 4.44514446
v -31.79521945 88.60948844 4.44514446
v 22.59770882 45.24359587 -8.34737116
v -22.59770882 45.24359587 -8.34737116
v 56.04138716 30.93781473 -7.29432721
v -56.04138716 30.93781473 -7.29432721
v 29.08080543 81.66765105 7.44904089
v -29.08080543 81.66765105 7.44904089
v 11.23206293 126.32047271 -18.9033533
v -11.23206293 126.32047271 -18.9033533
v 10.93407333 97.88559889 -0.97398037
v -10.93407333 97.88559889 -0.97398037
v -0.00001144 125.24314175 -21.47720308
v 23.93614825 -16.66925696 -13.75261033
v -23.93614825 -16.66925696 -13.75261033
v 22.23118399 61.66454479 10.35467599
v -22.23118399 61.66454479 10.35467599
v 26.54882027 -139.66562479 -16.33549588
v -26.54882027 -139.66562479 -16.33549588
v -0.00001144 140.7650187 19.39147218
v 10.03808467 -41.41995534 6.70054159
v -10.03808467 -41.41995534 6.70054159
v 31.46705705 78.89232033 6.26035686
v -31.46705705 78.89232033 6.26035686
v 45.20455526 44.99675861 -2.55210937
v -45.20455526 44.99675861 -2.55210937
v 79.1304189 -5.25514363 8.77080186
v -79.1304189 -5.25514363 8.77080186
v 6.84752967 118.99748444 -6.55726777
v -6.84752809 118.99748444 -6.55727092
v 80.37254598 -2.7634914 13.94913614
v -80.37254598 -2.7634914 13.94913614
v 82.52618327 -0.10286451 11.59609444
v -82.52618327 -0.10286451 11.59609444
v 29.78949093 -3.87184577 1.36364015
v -29.78949093 -3.87184577 1.36364015
v 71.68587018 35.56406581 0.41527575
v -71.68587018 35.56406581 0.41527575
v 33.28574381 -28.9637046 3.90761541
v -33.28574381 -28.9637046 3.90761541
v 48.25858309 61.02473151 2.87643495
v -48.25858309 61.02473151 2.87643495
v 23.63029866 -135.73228675 -1.86060872
v -23.63029866 -135.73228675 -1.86060872
v 23.15575603 -25.54081715 15.25726734
v -23.15575603 -25.54081715 15.25726734
v 80.70134878 -0.76649788 5.93803091
v -80.70139077 -0.76641226 5.93803039
v 6.5292429 132.05977373 12.40542173
v -6.5292429 132.05977373 12.40542173
v 79.06333977 -1.10076465 3.93575813
v -79.06333137 -1.10074562 3.93575865
v 79.63689278 -4.77979841 5.60060545
v -79.63685919 -4.77983673 5.60064849
v -0.00001144 -7.15028859 7.69906434
v 21.08305756 3.48467996 -13.4053255
v -21.08305756 3.48467996 -13.4053255
v 29.64934451 70.68641047 -2.81826615
v -29.64934451 70.68641047 -2.81826615
v 21.11648164 -53.49432452 7.1055795
v -21.11648164 -53.49432452 7.1055795
v 73.07517325 16.27112843 11.31006751
v -73.07517325 16.27112843 11.31006751
v -0.00001144 80.03781382 14.43122801
v 20.53303515 -24.35178353 15.69798066
v -20.53303515 -24.35178353 15.69798066
v 9.46372645 109.16823783 6.5266509
v -9.46372645 109.16823783 6.5266509
v 52.93449473 32.7363744 -2.23518316
v -52.93449473 32.7363744 -2.23518316
v 9.70482435 113.28033036 3.14532782
v -9.70482435 113.28033036 3.14532782
v 21.45624873 130.11467216 2.21591665
v -21.45624663 130.11467216 2.21591744
v 9.91912042 148.79027599 -2.79839993
v -9.91912042 148.79027599 -2.79839966
v 26.1147334 -70.12907505 0.11843752
v -26.1147334 -70.12907505 0.11843752
v 28.43857757 62.82276627 -18.29003111
v -28.43857757 62.82276627 -18.29003111
v 15.35187267 -56.45981496 2.56232068
v -15.35187267 -56.45981496 2.56232068
v 11.65483277 4.50094488 -19.93760815
v -11.65483277 4.50094488 -19.93760815
v 35.56398182 -89.80029205 -19.58252423
v -35.56398182 -89.80029205 -19.58252423
v -0.00001144 63.69049909 -21.15079387
v 32.95842546 71.27118393 -17.03394776
v -32.95842546 71.27118393 -17.03394776
v 21.85425128 76.11967714 13.00582696
v -21.85425128 76.11967714 13.00582696
v 20.50192907 -131.38451442 -10.28681264
v -20.50187658 -131.384632 -10.28685044
v 12.75064366 129.14471652 19.549961
v -12.75064681 129.14471652 19.5499568
v 24.15864863 56.38576504 5.90867907
v -24.15864863 56.38576504 5.90867907
v 33.38377576 -139.5879383 20.92500336
v -33.38377576 -139.5879383 20.92500336
v 30.82782327 -138.15403899 23.16194155
v -30.82782327 -138.15403899 23.16194155
v -0.00001144 99.49452375 -13.23806756
v 32.22561726 -130.9495121 -9.19776048
v -32.22561726 -130.9495121 -9.19776048
v 59.66344596 35.28435667 -9.56633875
v -59.66344596 35.28435667 -9.56633875
v 82.99629988 -1.73406991 18.10011286
v -82.99628308 -1.73420678 18.10018635
v 71.96803588 13.70084804 8.6871162
v -71.96803588 13.70084804 8.6871162
v 81.98242828 -5.81406218 15.62892787
v -81.98241148 -5.81411257 15.62893627
v 79.16727169 -7.83021854 13.72043133
v -79.16728849 -7.83023639 13.72042083
v 17.1233796 -48.78254273 -12.7760167
v -17.1233796 -48.78254273 -12.7760167
v 79.7201139 -1.62222499 12.07872907
v -79.7200971 -1.62221122 12.07876161
v 30.34346904 -9.89869517 -1.41480851
v -30.34346904 -9.89869517 -1.41480851
v 22.36605613 -29.99772849 -16.67774264
v -22.36605613 -29.99772849 -16.67774264
v -0.00001144 109.45504792 13.90546688
v 75.87172708 17.22976179 11.88267988
v -75.79454451 17.19738962 11.84707427
v 6.10687776 140.58869138 5.95046233
v -6.10687776 140.58869138 5.95046233
v 73.83476229 14.29390665 6.73523963
v -73.83493026 14.29407147 6.73560024
v 70.98386992 9.60190236 16.95888792
v -70.98386992 9.60190236 16.95888792
v 71.32014741 -0.60994427 20.860954
v -71.32014741 -0.60994427 20.860954
v 20.93586267 36.30520746 8.55929097
v -20.93586267 36.30520746 8.55929097
v 5.50629406 120.52060983 16.31074539
v -5.50629406 120.52060983 16.31074539
v 23.31979419 -136.22088854 -16.11829393
v -23.31979419 -136.22088854 -16.11829393
v 11.03393615 120.50217503 11.23343189
v -11.03393615 120.50217503 11.23343189
v 15.80717006 -84.63446845 -16.28302286
v -15.80717006 -84.63446845 -16.28302286
v -0.00001144 149.02284833 -10.30414408
v -0.00001144 33.60559586 -13.01042621
v -0.00001144 150.06700505 -7.49090288
v 23.47926144 -130.80225213 -0.80681074
v -23.47926144 -130.80225213 -0.80681074
v 64.61603066 23.50223144 -2.23874073
v -64.61603066 23.50223144 -2.23874073
v 11.50226282 -1.68174098 14.34805203
v -11.50226282 -1.68174098 14.34805203
v 81.44459426 -1.94979373 14.80124453
v -81.44459426 -1.94979373 14.80124453
v 78.30437223 -1.48642653 5.99974233
v -78.30437223 -1.48642653 5.99974233
v 11.32435027 91.56210391 3.26147593
v -11.32435027 91.56210391 3.26147593
v 12.4616069 -19.60727263 -14.37372531
v -12.4616069 -19.60727263 -14.37372531
v 5.78796792 89.49558467 8.47253721
v -5.78796792 89.49558467 8.47253721
v 28.90700607 -125.42209782 -3.55068985
v -28.90700607 -125.42209782 -3.55068985
v 22.99548881 41.00487856 4.51433687
v -22.99548881 41.00487856 4.51433687
v 53.03051102 53.45946639 0.75155695
v -53.03051102 53.45946639 0.75155695
v -0.00001144 108.39262437 18.9505237
v 15.24176678 -66.81974843 -6.95251455
v -15.24176678 -66.81974843 -6.95251455
v 73.16622181 3.13746363 19.9258628
v -73.16622181 3.13746363 19.9258628
v 72.6794593 2.83513225 22.2070277
v -72.6794593 2.83513225 22.2070277
v 2.97408607 1.94013291 -18.39996379
v -2.97409053 1.9401299 -18.39996589
v 31.70106343 62.75568714 -13.57193572
v -31.70106343 62.75568714 -13.57193572
v 15.7172637 71.48218882 17.47902937
v -15.71726265 71.48218882 17.47903147
v 23.41159232 -103.78897376 -20.06396837
v -23.41159232 -103.78897376 -20.06396837
v 32.20837506 -36.23613367 3.25368707
v -32.20837506 -36.23613367 3.25368707
v 20.29677166 -91.581177 -20.84518994
v -20.29677166 -91.581177 -20.84518994
v 18.0096375 -56.48503577 -12.73255636
v -18.0096375 -56.48503577 -12.73255636
v 21.96576707 46.06515772 -10.33147817
v -21.96576707 46.06515772 -10.33147817
v 24.2128465 -64.71887497 -17.65408536
v -24.2128465 -64.71887497 -17.65408536
v 32.29069544 -129.12578621 -11.41948157
v -32.29069544 -129.12578621 -11.41948157
v 71.36077114 35.65246883 2.11798194
v -71.36077114 35.65246883 2.11798194
v 24.81616393 -34.08076209 -15.17343522
v -24.81616393 -34.08076209 -15.17343522
v 14.45328572 11.77843827 15.85368117
v -14.45328467 11.77843617 15.85368117
v 5.26191653 137.12416818 14.07060735
v -5.26193542 137.12415138 14.07059895
v 70.54823772 8.36118256 14.52282352
v -70.54826291 8.36121668 14.52273534
v 73.79806908 5.86713045 13.70617166
v -73.79806908 5.86713045 13.70617166
v 72.71985628 3.16922245 18.62503203
v -72.71987307 3.16922113 18.62504253
v 64.31775236 31.18441262 5.6487317
v -64.31775236 31.18441262 5.6487317
v 39.35621601 73.39915528 -17.47639118
v -39.35621601 73.39915528 -17.47639118
v 61.16359295 29.37290871 3.38922427
v -61.16359295 29.37290871 3.38922427
v 34.81663995 -138.11354124 24.73409131
v -34.81688351 -138.11344045 24.73384146
v 28.08118615 -57.8125298 1.73239939
v -28.08118615 -57.8125298 1.73239939
v 35.94477577 -138.14910065 -3.70954821
v -35.94477577 -138.14910065 -3.70954821
v 22.43534197 -141.74190314 11.98067613
v -22.43533987 -141.74190314 11.98068348
v 81.69502189 -2.52577129 10.29181922
v -81.69501349 -2.52581564 10.29182762
v 9.85206019 15.55076897 -17.72403679
v -9.85206019 15.55076897 -17.72403679
v 79.20435964 4.58461584 3.65102142
v -79.20437643 4.58462109 3.65103428
v 81.85334274 -5.07827565 9.50715005
v -81.85330915 -5.07814652 9.50729702
v 28.02655786 -139.26416624 -16.50650483
v -28.02655786 -139.26416624 -16.50650483
v 81.59805236 2.0691367 6.58907094
v -81.59806916 2.06918552 6.58909981
v 36.37576778 -139.37097885 15.25851242
v -36.37576778 -139.37097885 15.25851242
v -0.00001144 3.36731537 -16.8153422
v 14.16703622 126.08740486 1.40247264
v -14.16703622 126.08740486 1.40247264
v 26.08650801 9.01004894 10.6563599
v -26.08650801 9.01004894 10.6563599
v 11.76799573 116.47610033 2.03517708
v -11.76799573 116.47610033 2.03517708
v 8.3425735 46.69569482 -15.44671212
v -8.34252311 46.69566962 -15.44669638
v -0.00001144 114.3031464 -7.5067315
v 23.39734629 -103.43840196 -6.21358067
v -23.39734629 -103.43840196 -6.21358067
v 81.79990284 -6.4149897 13.22619622
v -81.79990284 -6.4149897 13.22619622
v 50.30572271 34.58725906 -5.61344891
v -50.30572271 34.58725906 -5.61344891
v 19.75480556 21.15539627 -9.70429525
v -19.75480556 21.15539627 -9.70429525
v 76.82837943 2.79032814 7.35960327
v -76.82839623 2.7902767 7.3595849
v 58.8844017 44.45303722 -11.05538182
v -58.8844017 44.45303722 -11.05538182
v 79.05007008 -2.48950089 8.99859648
v -79.05006168 -2.48950692 8.99858808
v 9.98595809 116.48744676 9.81258915
v -9.98595809 116.48744676 9.81258915
v 31.10711667 -111.29967778 -15.79337336
v -31.10711667 -111.29967778 -15.79337336
v 5.01798044 106.20083252 14.84640557
v -5.01796994 106.20082413 14.84642027
v 72.55506855 11.27036972 6.29516145
v -72.55506855 11.27036972 6.29516145
v 27.903345 -74.87351036 -1.46805866
v -27.903345 -74.87351036 -1.46805866
v 40.65179139 80.46652563 -15.29200264
v -40.65179139 80.46652563 -15.29200264
v 6.9396081 -33.82222147 -1.16990463
v -6.9396081 -33.82222147 -1.16990463
v -0.00001144 142.24689047 4.50775347
v 77.13699214 -8.04900887 9.97888757
v -77.13700054 -8.0490094 9.97890752
v 16.61002627 -55.98842598 -11.97264923
v -16.61002627 -55.98842598 -11.97264923
v 23.19003046 130.81094461 12.76345038
v -23.19003046 130.81094461 12.76345038
v 26.90607521 3.80979317 -0.58292781
v -26.90607521 3.80979317 -0.58292781
v 35.31219783 -130.41704475 0.38744404
v -35.31222303 -130.41704475 0.38734867
v 81.21207232 -0.03169051 7.47073589
v -81.21207232 -0.03169051 7.47073589
v 78.38546852 -3.75286918 4.26405097
v -78.38546852 -3.75286918 4.26405097
v 33.8036586 -93.78948037 -20.75696959
v -33.8036586 -93.78948037 -20.75696959
v 34.89148143 -139.06522165 -7.10682878
v -34.89150453 -139.06523845 -7.10670805
v 25.1847548 -141.8806134 -19.52033305
v -25.1847779 -141.8806134 -19.52033515
v 8.53275683 148.6540013 12.44827317
v -8.53275683 148.6540013 12.44827317
v -0.00001144 65.29595956 21.05416658
v 25.12793239 -133.91811 -19.51160277
v -25.12794709 -133.9180932 -19.51159857
v 38.75115589 90.39980494 -3.09068404
v -38.75115589 90.39980494 -3.09068404
v 8.98535828 -31.20517171 7.77103876
v -8.98535828 -31.20517171 7.77103876
v 36.09086835 -141.05982421 -4.62540177
v -36.09066678 -141.05982421 -4.62531044
v 38.76356053 -138.82686272 24.5157902
v -38.76356893 -138.82686272 24.5157797
v 1.43301628 -7.57679264 -2.6148811
v -1.43301628 -7.57679316 -2.61488005
v 26.6411832 -136.00262731 14.54113024
v -26.6411832 -136.00262731 14.54113024
v 12.09900104 98.90242677 -11.61582471
v -12.09909238 98.90239318 -11.61582366
v 27.90984336 -43.74194134 -8.30016245
v -27.90984336 -43.74194134 -8.30016245
v -0.00001144 112.02296833 19.16500768
v 71.71280429 15.59468703 10.73079825
v -71.71052829 15.59264408 10.72162599
v -0.00001144 115.35766693 19.9723697
v 16.89078942 -71.61467577 -14.88517218
v -16.89078942 -71.61467577 -14.88517218
v 43.19701055 -139.88719504 6.81018242
v -43.19700215 -139.88722863 6.81015617
v 81.23869568 -2.5366054 16.64674468
v -81.23870408 -2.53662535 16.64674783
v 79.88953762 -1.48017998 17.74241489
v -79.88954602 -1.48023326 17.74244219
v 79.06137452 -7.31743946 7.95788315
v -79.06138291 -7.31744261 7.95788525
v 28.81398595 -139.91093771 18.12351749
v -28.81398595 -139.91093771 18.12351749
v 79.49585612 -5.83927879 19.06052776
v -79.49588971 -5.83881215 19.06063064
v 11.13327722 147.05839652 4.84095657
v -11.13327722 147.05839652 4.84095657
v 30.48022454 -118.70996886 -14.45793011
v -30.48022454 -118.70996886 -14.45793011
v 8.61839043 151.15609396 7.53138541
v -8.61839043 151.15609396 7.53138594
v 26.50032291 131.57149109 9.44493367
v -26.50032291 131.57149109 9.44493367
v 20.11679518 45.69844393 11.35793393
v -20.11679518 45.69844393 11.35793393
v 35.67975148 -138.54957657 28.92646758
v -35.67975148 -138.54957657 28.92646758
v 39.68075654 50.34738366 -9.40692294
v -39.68075654 50.34738366 -9.40692294
v 36.86000233 -141.48342971 27.88069834
v -36.85998553 -141.48342971 27.88070883
v 82.75264147 -6.06357332 13.16214267
v -82.75262468 -6.0635623 13.16212482
v 73.79241686 12.51630763 15.31117651
v -73.79241686 12.51630763 15.31117651
v 81.36806677 -8.55645856 13.61251536
v -81.36807517 -8.55645803 13.61252585
v 19.73351106 89.07868121 -18.09972023
v -19.73351106 89.07868121 -18.09972023
v 79.69429679 3.0390884 17.77737381
v -79.69429679 3.0390884 17.77737381
v 32.05598148 80.77778388 -20.13182646
v -32.05598148 80.77778388 -20.13182646
v 8.84876445 33.80672617 -12.51123597
v -8.8487655 33.80672617 -12.51123597
v 80.47307649 -5.11534103 17.93014323
v -80.47307649 -5.11534103 17.93014323
v 11.5233379 129.45982969 26.16822369
v -11.52342294 129.45984649 26.1681712
v 80.7741893 3.61013129 17.97065778
v -80.7741893 3.61013129 17.97065778
v 82.8341157 -3.57952912 18.01497477
v -82.8341157 -3.57952912 18.01497477
v 27.26258058 93.72521476 -1.13327335
v -27.26258058 93.72521476 -1.13327335
v 18.34214615 -138.79413362 -14.86712057
v -18.34208106 -138.79415042 -14.86697464
v 13.64977862 -30.52047454 -15.16626707
v -13.64977862 -30.52047454 -15.16626707
v 42.42700313 -141.78863261 4.16067047
v -42.42739366 -141.78905253 4.1615531
v 2.6207291 -5.32418592 11.57313599
v -2.62072963 -5.32418592 11.57313494
v 6.54306584 116.17640687 15.54437348
v -6.54306584 116.17640687 15.54437348
v 32.19692366 -14.39715409 7.10700882
v -32.19692366 -14.39715409 7.10700882
v 3.8098412 120.21986655 16.50689536
v -3.8098412 120.21986655 16.50689536
v -0.00001144 94.66115631 6.52676743
v 11.58123953 133.69347428 -1.79339693
v -11.58123953 133.69347428 -1.79339693
v 25.98158086 -47.61983223 5.26658454
v -25.98158086 -47.61983223 5.26658454
v 11.42342259 -51.06815885 -0.49576728
v -11.42342259 -51.06815885 -0.49576728
v -0.00001144 146.25576497 18.00385931
v 35.25499538 -78.37114901 -14.25897923
v -35.25499538 -78.37114901 -14.25897923
v 50.66247584 36.68114285 -9.3301393
v -50.66247584 36.68114285 -9.3301393
v 41.35052462 -141.15445895 2.52526291
v -41.33303886 -141.14874794 2.49127796
v 22.34460416 -134.4238616 -2.71315555
v -22.34457686 -134.42383641 -2.71321539
v 10.22205781 -14.47472299 -12.34098814
v -10.22205781 -14.47472299 -12.34098814
v 24.01729073 -139.52037206 -0.25501347
v -24.01732642 -139.52038886 -0.25489638
v 31.52142709 -36.60543002 6.54807715
v -31.52142709 -36.60543002 6.54807715
v 20.49281455 -135.83917495 -16.84182069
v -20.49282505 -135.83915815 -16.84182594
v 15.20178239 -1.64274879 -18.48891901
v -15.20178239 -1.64274879 -18.48891901
v 70.82044275 3.07584487 22.39215879
v -70.82044275 3.07584487 22.39215879
v 72.5438649 9.87943102 18.43652893
v -72.5438649 9.87943102 18.43652893
v 21.86292277 -133.97366633 -1.75826256
v -21.86292487 -133.97364953 -1.75825744
v 22.19875304 -130.51854109 -15.97105809
v -22.19863126 -130.51878465 -15.97107804
v 20.82445815 -107.87078117 -11.04675967
v -20.82445815 -107.87078117 -11.04675967
v 23.22434269 -137.28653713 3.33426607
v -23.22434899 -137.28654552 3.33422644
v 21.93120919 -119.23282829 -8.60910532
v -21.93120919 -119.23282829 -8.60910532
v 21.99517876 -110.52158676 -15.79128107
v -21.99517876 -110.52158676 -15.79128107
v 29.73392409 -59.103381 -3.98908019
v -29.73392409 -59.103381 -3.98908019
v 23.82094129 -132.74580837 6.94297329
v -23.8208993 -132.74579157 6.94286411
v 70.37607607 4.22888629 19.67711908
v -70.37606347 4.22887763 19.67710858
v 71.44885502 8.91404209 19.10926238
v -71.44885502 8.91404209 19.10924558
v 56.62195715 54.41105862 -4.41949742
v -56.62195715 54.41105862 -4.41949742
v 2.45374673 -17.57277701 6.16080005
v -2.45374673 -17.57277701 6.16080005
v 43.40753672 83.80185412 -3.04186648
v -43.40753672 83.80185412 -3.04186648
v 32.85011791 -132.54976128 5.80643106
v -32.85011791 -132.54976128 5.80643106
v 37.27022055 69.34775899 3.63592006
v -37.27022055 69.34775899 3.63592006
v 26.77710725 -135.96860483 19.41463115
v -26.77714084 -135.96860483 19.41468154
v 19.75677502 -80.37525031 -21.91511129
v -19.75677502 -80.37525031 -21.91511129
v 35.71434506 -135.43677577 27.50669671
v -35.71428207 -135.43678416 27.5067156
v 32.16986566 67.01493887 0.00019764
v -32.16986566 67.01493887 0.00019764
v 26.10924495 94.7169562 -9.1533532
v -26.10924495 94.7169562 -9.1533532
v 25.58830039 -71.38696618 -22.08645198
v -25.58830039 -71.38696618 -22.08645198
v 42.87462004 85.07638276 -9.28373737
v -42.87462004 85.07638276 -9.28373737
v 8.18676328 135.57577998 6.78434694
v -8.18676381 135.57577998 6.78434589
v 9.36391717 130.49736837 13.04112812
v -9.36391717 130.49736837 13.04112812
v 11.2049514 140.62488069 7.62567318
v -11.2049514 140.62488069 7.62567318
v 14.01622471 89.35795781 5.39828727
v -14.01622471 89.35795781 5.39828727
v 20.23138064 -75.28929682 -3.15928146
v -20.23138064 -75.28929682 -3.15928146
v 17.9044626 133.23226013 10.44489939
v -17.9044626 133.23226013 10.44489939
v 8.46189626 -15.38436557 -11.14942446
v -8.46189626 -15.38436557 -11.14942446
v 52.41143374 42.48044723 -14.09566124
v -52.41143374 42.48044723 -14.09566124
v 34.86387333 -137.61961477 -9.66198236
v -34.86379775 -137.61977435 -9.66203905
v 17.19489946 125.29478437 -14.22916441
v -17.19489946 125.29478437 -14.22916336
v 30.92746353 -3.7218749 5.55650472
v -30.92746353 -3.7218749 5.55650472
v 75.66095735 5.769267 16.97619311
v -75.66096575 5.76928222 16.97621411
v 17.85067416 -54.9658199 6.04937454
v -17.85067416 -54.9658199 6.04937454
v 25.22227737 -4.00150346 -8.61085747
v -25.22227737 -4.00150346 -8.61085747
v 68.13736158 31.08162921 -5.48129738
v -68.13736158 31.08162921 -5.48129738
v 15.28232857 -10.01758174 -14.36217312
v -15.28232857 -10.01758174 -14.36217312
v 38.73561019 -136.88097169 12.56752717
v -38.73561019 -136.88097169 12.56752717
v 21.72410542 -13.47474573 -13.39909064
v -21.72410542 -13.47474573 -13.39909064
v 40.93312984 -141.07952718 15.54496453
v -40.93312145 -141.07954398 15.54496138
v 19.56091689 58.71171515 13.12898943
v -19.56091689 58.71171515 13.12898943
v 39.97490697 -140.55460172 22.31437152
v -39.97493636 -140.55464371 22.31419935
v 28.99030907 -121.45949927 -5.53544906
v -28.99030907 -121.45949927 -5.53544906
v 28.74083258 -30.58302896 -7.12891484
v -28.74083258 -30.58302896 -7.12891484
v 81.5610232 4.20156584 17.43897884
v -81.5610232 4.20156584 17.43897884
v -0.00001144 137.74928821 7.04470741
v 29.92856863 -140.74332528 13.15790245
v -29.92856863 -140.74332528 13.15790245
v 11.24796451 128.30987657 -14.87840085
v -11.24814823 128.30985138 -14.87831162
v 77.52156963 -4.93339036 3.89282585
v -77.52157802 -4.93339823 3.89282637
v 29.05701447 55.74683361 -9.00780233
v -29.05701447 55.74683361 -9.00780233
v 29.97221373 72.13208454 1.20747313
v -29.97221373 72.13208454 1.20747313
v 5.39889459 133.97700895 -9.48491597
v -5.39891506 133.97697536 -9.48491387
v 79.82161864 -0.59671958 17.08436104
v -79.82161864 -0.59671958 17.08436104
v 34.81931489 -134.51128199 14.54329391
v -34.82116466 -134.51164313 14.54413586
v 24.94650925 -137.47278312 4.10173713
v -24.94650925 -137.47278312 4.10173713
v 8.87839344 -19.6562634 -11.89523989
v -8.87839344 -19.6562634 -11.89523989
v 13.67993358 120.06691237 -0.79835676
v -13.67993358 120.06691237 -0.79835676
v 21.80075049 -55.63615767 -12.9906571
v -21.80075049 -55.63615767 -12.9906571
v 12.5271176 129.06039519 1.30469317
v -12.5271176 129.06039519 1.30469317
v 16.74197046 -70.76622179 -5.36904934
v -16.74197046 -70.76622179 -5.36904934
v 12.37816322 124.27932545 4.52642552
v -12.37816322 124.27932545 4.52642552
v 11.41725281 120.55256627 1.96280175
v -11.41725281 120.55256627 1.96280175
v 25.57168178 128.01222396 2.26700129
v -25.57168178 128.01222396 2.26700129
v 10.85589028 115.92078055 5.38264604
v -10.85589028 115.92078055 5.38264604
v 8.37598341 33.70800134 19.64197119
v -8.37598446 33.70796355 19.64197329
v 82.1248759 -4.67560246 20.00108851
v -82.1248591 -4.67559406 20.00109901
v 31.91921967 -133.36147165 10.06880128
v -31.91971309 -133.36142126 10.06843279
v 80.86554861 -6.15281304 17.56353967
v -80.8655654 -6.15281987 17.56354177
v 24.5249656 -136.14252177 -17.33576605
v -24.5249656 -136.14252177 -17.33576605
v 18.87440144 26.48823321 -8.07751509
v -18.87440144 26.48823321 -8.07751509
v -0.00001144 139.51979256 13.06368765
v 21.90593588 35.56618224 -4.09162582
v -21.90593588 35.56618224 -4.09162582
v 52.08605755 44.33764969 1.11311109
v -52.08605755 44.33764969 1.11311109
v 31.17655789 -136.07658484 28.04403102
v -31.17645081 -136.07658484 28.04397853
v 47.43748735 51.40776216 3.27019913
v -47.43748735 51.40776216 3.27019913
v 23.89413456 -41.41334149 9.41320084
v -23.89413456 -41.41334149 9.41320084
v 35.01328754 57.91628115 -8.05967554
v -35.01328754 57.91628115 -8.05967554
v -0.00001144 33.04640016 20.46570407
v 38.65711325 -141.4978584 25.93268037
v -38.65709645 -141.4978584 25.93273496
v 70.18190185 16.89203345 4.15733914
v -70.18190185 16.89203345 4.15733914
v 15.79740151 -28.80821406 13.62928304
v -15.79740151 -28.80821406 13.62928304
v 80.60380815 -6.78249349 15.57686533
v -80.60380815 -6.78249349 15.57686533
v 39.8074443 62.8628483 4.22646777
v -39.8074443 62.8628483 4.22646777
v 9.74060423 -44.83839157 3.18677224
v -9.74060423 -44.83839157 3.18677224
v 71.02183131 4.91828769 18.40732931
v -71.02183131 4.91828769 18.40732931
v 19.37306048 -99.13973588 -9.78907954
v -19.37306048 -99.13973588 -9.78907954
v 20.90976841 22.57618127 10.79155432
v -20.90976841 22.57618127 10.79155432
v 19.70473137 -142.37686626 -17.1038656
v -19.70477756 -142.37683267 -17.10391494
v 21.93260754 -136.49748601 -10.2973969
v -21.93260754 -136.49748601 -10.2973969
v 4.82456734 103.56649647 7.06284248
v -4.82456367 103.56648807 7.06284406
v 18.31836568 -15.74468703 16.35974142
v -18.31836568 -15.74468703 16.35974142
v -0.00001144 100.7787947 8.86835824
v 29.3344644 -11.54649057 12.2601942
v -29.3344644 -11.54649057 12.2601942
v -0.00001144 103.95673457 9.83409361
v 24.25440667 69.94623886 -22.3943571
v -24.25440457 69.94623886 -22.3943571
v 81.44767652 9.19730486 12.14026831
v -81.44793688 9.19646815 12.14079427
v 28.83349786 73.07978405 -21.89840449
v -28.83349786 73.07978405 -21.89840449
v 10.27363429 134.68566085 -4.33052173
v -10.27363429 134.68566085 -4.33052173
v 35.6503314 -133.30011192 7.40792952
v -35.65013823 -133.30005313 7.40777887
v 24.55763592 -127.93281578 -16.65633791
v -24.55763592 -127.93281578 -16.65633791
v 15.4296169 26.67618621 -10.47709309
v -15.4296169 26.67618621 -10.47709309
v 44.89846212 68.58256812 -17.07087614
v -44.89846212 68.58256812 -17.07087614
v 34.30550488 58.85142904 -3.36785392
v -34.30550488 58.85142904 -3.36785392
v 3.74662435 135.23813353 -2.94067852
v -3.74662382 135.23813353 -2.94067905
v 41.94159698 48.26068692 -1.83521509
v -41.94159698 48.26068692 -1.83521509
v 13.43443379 -8.12205831 14.5907698
v -13.43443379 -8.12205831 14.5907698
v 1.10496411 -6.36168523 5.81041512
v -1.10496411 -6.36168523 5.81041512
v 25.20021231 53.49338389 -13.66747959
v -25.20021231 53.49338389 -13.66747959
v 29.77407121 -139.69615348 22.32580193
v -29.77407121 -139.69615348 22.32580193
v 44.29074385 75.71437206 -0.15726826
v -44.29074385 75.71437206 -0.15726826
v 27.96151327 -110.7799846 -4.46651559
v -27.96151327 -110.7799846 -4.46651559
v 2.12582684 112.05547907 13.3869789
v -2.12582999 112.05548747 13.38699569
v 81.3386047 -5.49328472 9.36803875
v -81.3386047 -5.49328472 9.36803875
v -0.00001144 109.67880179 12.37516179
v 79.0649187 -4.89009799 9.45576989
v -79.0649187 -4.89009799 9.45576989
v 17.50509739 129.7615388 18.58433691
v -17.50509739 129.7615388 18.58433691
v 74.82090191 -12.42198785 10.96519936
v -74.82090191 -12.42198785 10.96519936
v 77.47276572 -9.73715768 8.76395706
v -77.47276572 -9.73715768 8.76395706
v 17.82921379 -32.39401007 -17.1670352
v -17.82921379 -32.39401007 -17.1670352
v -0.00001144 104.37877794 19.02601606
v 29.89485899 -140.58531517 28.31974035
v -29.89487579 -140.58531517 28.31975504
v 1.43185164 104.87068876 19.04505345
v -1.43185086 104.87068876 19.04505345
v 27.75209781 -141.04474044 24.05328897
v -27.75223009 -141.04474044 24.05352832
v 3.91263957 152.35211307 7.29978993
v -3.91265191 152.35212986 7.29979046
v 30.30139446 61.13177508 -6.56704262
v -30.30139446 61.13177508 -6.56704262
v 82.23336822 -3.81133614 17.37706586
v -82.23336822 -3.81133614 17.37706586
v -0.00001144 16.09089369 -16.5819741
v 25.06142436 -81.26599933 -2.11030397
v -25.06142436 -81.26599933 -2.11030397
v 5.08424491 117.55604323 -7.1119015
v -5.08424386 117.55604323 -7.11190097
v 23.55464253 -140.66621829 -0.96642687
v -23.55465302 -140.66621829 -0.96639885
v 4.62217988 108.51271508 -7.57782408
v -4.62217988 108.51271508 -7.57782461
v 75.76811431 24.45866334 7.43838262
v -75.76811431 24.45866334 7.43838262
v 8.99311014 133.48917143 -6.78957818
v -8.99311014 133.48917143 -6.78957818
v 3.25783989 105.16709838 -9.33230087
v -3.25782808 105.16709838 -9.33231032
v 28.89206507 -57.55278819 -8.79965032
v -28.89206507 -57.55278819 -8.79965032
v 7.22156384 132.18701999 -1.38199372
v -7.22156384 132.18701999 -1.38199372
v 80.24385518 -5.77314608 13.76685425
v -80.24385518 -5.77314608 13.76685425
v 80.40723195 -6.2124222 13.46935911
v -80.40723195 -6.2124222 13.46935911
v 76.06155085 9.73167133 17.16452824
v -76.06155085 9.73167133 17.16452824
v 48.86693964 52.57675897 -17.01202443
v -48.86693964 52.57675897 -17.01202443
v 72.6277747 -0.42690002 21.43332281
v -72.6277747 -0.42690002 21.43332281
v 71.92555608 -1.24327085 23.52786169
v -71.92555608 -1.24327085 23.52786169
v 30.93827665 -124.88122352 -12.43312746
v -30.93827665 -124.88122352 -12.43312746
v 77.45684209 3.5471454 10.21900809
v -77.45684209 3.5471454 10.21900809
v 29.58104969 -122.87626557 -15.11958694
v -29.58104969 -122.87626557 -15.11958694
v 76.71570464 3.15404497 6.85470622
v -76.71570464 3.15404497 6.85470622
v 29.00203763 -130.52772909 5.20222811
v -29.00203763 -130.52772909 5.20222811
v 79.94191931 -1.95709442 7.94983578
v -79.94191931 -1.95709442 7.94983578
v 2.77825183 139.07802103 -10.62921687
v -2.7782521 139.07802103 -10.62921687
v 38.45812667 -139.61147101 19.04556366
v -38.45812667 -139.61147101 19.04556366
v 27.75282848 68.77906873 0.35023438
v -27.75282848 68.77906873 0.35023438
v 9.81424892 110.44946011 0.48069889
v -9.81424892 110.44946011 0.48069889
v 45.58817111 79.86571937 -6.09530615
v -45.58817111 79.86571937 -6.09530615
v 76.57141774 -14.18891022 15.60582559
v -76.57141774 -14.18891022 15.60582559
v 50.35621892 65.63578123 -2.1846069
v -50.35621892 65.63578123 -2.1846069
v 79.69418761 -11.17381486 15.23632243
v -79.69418761 -11.17381486 15.23632243
v 33.60892168 69.10932447 -14.5175104
v -33.60892168 69.10932447 -14.5175104
v 8.78008015 132.38441924 8.65307955
v -8.78008015 132.38441924 8.65307955
v 46.97284659 42.3702332 -10.17956645
v -46.97284659 42.3702332 -10.17956645
v 24.96875069 -140.15424337 20.11192402
v -24.96877378 -140.15424337 20.11197022
v 6.24979569 132.67618448 22.04362993
v -6.2499012 132.67626007 22.04343046
v 26.65689477 -138.64321188 23.42340486
v -26.65687797 -138.64314469 23.42336077
v 12.29304088 125.79094484 -0.63235957
v -12.29304088 125.79094484 -0.63235957
v 6.76697876 -32.84551341 -4.10174658
v -6.76697876 -32.84551341 -4.10174658
v 10.59464638 136.27939276 12.51781307
v -10.59464638 136.27939276 12.51781307
v 40.12459412 -135.13724188 11.57496162
v -40.12457313 -135.1371075 11.57343413
v 23.21725643 30.76988175 5.85971821
v -23.21725643 30.76988175 5.85971821
v -0.00001144 30.07041155 -13.17309331
v 24.80498548 16.2618449 6.54383693
v -24.80498548 16.2618449 6.54383693
v 7.26154876 24.82463596 -13.81985743
v -7.26154036 24.82462546 -13.81986163
v 24.02847548 132.14125635 14.27092825
v -24.02847548 132.14125635 14.27092825
v 8.4767391 27.54056592 -12.8679555
v -8.4767391 27.54056592 -12.8679555
v 72.10000212 11.83852666 8.66942363
v -72.10000212 11.83852666 8.66942363
v 15.45798926 -86.02619871 -14.52625747
v -15.45798926 -86.02619871 -14.52625747
v 23.69689907 68.83239106 12.76642137
v -23.69689907 68.83239106 12.76642137
v -0.00001144 128.37977761 30.75336182
v 71.77390366 10.92760435 9.90907262
v -71.77389526 10.92741958 9.90922379
v 25.08479749 -136.82885876 17.34599337
v -25.08447835 -136.82904352 17.34558709
v 27.82364076 -101.38468209 -22.30829308
v -27.82364076 -101.38468209 -22.30829308
v 24.73113083 81.35464591 8.58491071
v -24.73113083 81.35464591 8.58491071
v 26.18632884 -107.28626807 -20.29031529
v -26.18632884 -107.28626807 -20.29031529
v 13.55841092 131.12045596 -6.27286386
v -13.55841092 131.12045596 -6.27286386
v 29.10992526 -131.61264393 -15.56919956
v -29.10992526 -131.61264393 -15.56919956
v 23.85262688 2.79808656 14.60977149
v -23.85262688 2.79808656 14.60977149
v 34.83563325 -136.81247321 16.39942556
v -34.83563325 -136.81247321 16.39942556
v 28.61230554 -58.96821912 -10.18002522
v -28.61230554 -58.96821912 -10.18002522
v 32.70396864 -133.72280198 -13.16158941
v -32.70410301 -133.7226928 -13.16130701
v 8.63905661 -27.84162413 8.64717118
v -8.63905661 -27.84162413 8.64717118
v 80.12061502 10.07972568 5.94046439
v -80.12061502 10.07972568 5.94046439
v 6.35485721 1.41835939 14.81246708
v -6.35485931 1.41836385 14.81246813
v 30.84697823 -92.23643099 -4.59125804
v -30.84697823 -92.23643099 -4.59125804
v 19.55081975 94.9256179 -1.44581054
v -19.55081975 94.9256179 -1.44581054
v 79.07597118 13.37449867 12.74318996
v -79.07629032 13.37334912 12.74388809
v 25.730769 87.65723692 4.92925356
v -25.730769 87.65723692 4.92925356
v 66.71555616 35.14925148 5.76934784
v -66.71555616 35.14925148 5.76934784
v 50.61896721 64.26568981 -14.43251613
v -50.61896721 64.26568981 -14.43251613
v -0.00001144 136.50868966 -9.53332409
v 33.63333204 -138.85948265 -10.466976
v -33.63346221 -138.85948265 -10.46653822
v 29.26194931 1.64834563 3.67729388
v -29.26194931 1.64834563 3.67729388
v 27.73764393 -17.53978545 14.02816639
v -27.73764393 -17.53978545 14.02816639
v 81.0552632 -9.21755058 18.75481885
v -81.0552632 -9.21755058 18.75481885
v 25.39710136 -133.30672157 8.0001614
v -25.39706986 -133.30672157 8.00008529
v 35.89047921 83.34798869 5.6661235
v -35.89047921 83.34798869 5.6661235
v 60.20413129 27.29728124 1.11183123
v -60.20413129 27.29728124 1.11183123
v 32.8932801 93.40293763 -7.86649865
v -32.8932801 93.40293763 -7.86649865
v 23.60848346 -139.00781764 5.8750382
v -23.60848976 -139.00778405 5.87498781
v 13.76028135 -62.26033713 -5.17061916
v -13.76028135 -62.26033713 -5.17061916
v 24.06410418 -137.97999607 1.37111748
v -24.06409999 -137.97998767 1.37110803
v 13.11084229 -29.76277727 12.32818352
v -13.11084229 -29.76277727 12.32818352
v 8.84878125 133.02431231 2.62510605
v -8.84878125 133.02431231 2.62510605
v 76.19524719 12.17208093 16.14739276
v -76.19524719 12.17209247 16.14738856
v 4.48392944 150.80458152 14.63527681
v -4.48392996 150.80458152 14.63527576
v 75.75114086 5.17996778 12.84939053
v -75.75108207 5.17998983 12.84937583
v 28.93607131 -134.74983409 -19.01692254
v -28.93601882 -134.7497753 -19.01693934
v 79.44216426 -1.27750054 10.48644906
v -79.44216426 -1.27750054 10.48644906
v 33.74557221 -137.41530352 -11.33777429
v -33.74554911 -137.41536231 -11.33780263
v 30.93705886 -140.48926108 -5.5593681
v -30.93705886 -140.48926108 -5.5593681
v 38.25409257 -138.53227558 -1.35439717
v -38.25410517 -138.5321412 -1.35441292
v 18.8671682 25.90687166 12.81660264
v -18.8671682 25.90687166 12.81660264
v 40.8431689 -139.18115508 1.07942796
v -40.8431479 -139.18113828 1.07940093
v 14.65976065 125.01539018 -9.19742454
v -14.65976065 125.01539018 -9.19742454
v 29.97106733 -62.52647422 -10.31051437
v -29.97106733 -62.52647422 -10.31051437
v 12.4722216 124.31117271 -11.64753234
v -12.4722216 124.31117271 -11.64753234
v 34.1709036 -87.98236955 -21.92773429
v -34.1709036 -87.98236955 -21.92773429
v 10.68053824 98.02273023 -13.14651194
v -10.68054979 98.02273863 -13.14650144
v 8.21655657 131.39004905 -8.12772418
v -8.21655657 131.39004905 -8.12772418
v 5.99227183 137.42141766 6.38739683
v -5.99227183 137.42141766 6.38739683
v 2.42259734 -7.99129097 -5.89235703
v -2.4225955 -7.99129097 -5.89235126
v 4.85761612 137.13741267 -0.19085302
v -4.85761612 137.13741267 -0.19085303
v 2.24089259 116.49141927 20.07004051
v -2.24089259 116.49141927 20.07004051
v 40.43721293 80.39461734 3.22296601
v -40.43721293 80.39461734 3.22296601
v 29.86799207 -75.67903101 -22.68678162
v -29.86799207 -75.67903101 -22.68678162
v 16.70655907 4.2808281 15.61033141
v -16.70655907 4.2808281 15.61033141
v 33.13396962 -137.99366889 22.38658006
v -33.13396962 -137.99366889 22.38658006
v 29.9315858 -30.54914505 10.54335021
v -29.9315858 -30.54914505 10.54335021
v 72.79636696 13.70647296 2.62494333
v -72.79703045 13.70791121 2.62447091
v 22.83190627 -38.15486803 -16.29043982
v -22.83190627 -38.15486803 -16.29043982
v 73.15254899 9.74309754 5.24657974
v -73.15267497 9.74292223 5.24631466
v -0.00001144 22.30140418 20.9977473
v 78.27411229 0.74209042 4.15000879
v -78.2740619 0.74221646 4.14999881
v 25.30711731 -133.28334844 -18.85402449
v -25.30711731 -133.28333164 -18.85402659
v 33.95717339 -140.69700734 4.57814739
v -33.95717339 -140.69700734 4.57814739
v 39.91143921 -135.80275049 5.39382083
v -39.91144341 -135.80274209 5.39387069
v 22.55297401 -131.00926771 -1.08429649
v -22.55295511 -131.00920892 -1.08432877
v 42.5604727 -140.83423106 5.79764934
v -42.5604685 -140.83423106 5.79761784
v 27.66925043 -130.33530177 -17.90815166
v -27.66926092 -130.33530177 -17.90814746
v 75.2601119 -5.70871459 5.24542967
v -75.2601035 -5.70871406 5.24544332
v 19.69470562 34.63509504 -6.43691934
v -19.69470562 34.63509504 -6.43691934
v 31.47488868 -138.38602343 -13.72714911
v -31.47488868 -138.38602343 -13.72714911
v 35.93921174 -86.48349914 -13.88310997
v -35.93921174 -86.48349914 -13.88310997
v 77.4785943 -6.79019232 9.38510983
v -77.4786027 -6.7901771 9.38510458
v 1.99774007 149.24509046 -9.83336714
v -1.99775739 149.24509046 -9.83336609
v 32.93085516 -98.98974638 -11.37524332
v -32.93085516 -98.98974638 -11.37524332
v 29.129855 -89.08029372 -24.238187
v -29.129855 -89.08029372 -24.238187
v 34.95154358 -79.78833523 -11.95687782
v -34.95154358 -79.78833523 -11.95687782
v 30.95310007 -139.9477401 17.95895442
v -30.95310007 -139.9477401 17.95895442
v 7.38249139 139.17517532 -2.86035516
v -7.38249139 139.17517532 -2.86035542
v 11.76882929 73.49663712 -23.71911321
v -11.76882929 73.49663712 -23.71911321
v 22.60982162 -62.85617146 4.26711145
v -22.60982162 -62.85617146 4.26711145
v 12.22708821 85.52521747 -21.91075035
v -12.22708821 85.52521747 -21.91075035
v 40.77861353 -139.32097395 10.75964093
v -40.77861353 -139.32097395 10.75964093
v 5.97666682 5.99229965 16.84664355
v -5.97668309 5.99234216 16.84664775
v 35.28795965 -138.42280903 17.26283314
v -35.28795965 -138.42280903 17.26283314
v 41.08122128 -138.20940216 12.71952183
v -41.08122128 -138.20940216 12.71952183
v 79.66653122 -5.62797628 10.73634968
v -79.66649763 -5.62806027 10.73635598
v 3.37765423 8.09824583 -19.41756224
v -3.37765423 8.09824793 -19.41756224
v 18.91135711 20.59564206 13.25164799
v -18.91135711 20.59564206 13.25164799
v 29.09049314 83.23039235 -20.00759948
v -29.09049314 83.23039235 -20.00759948
v 75.51100984 -6.1412577 6.31186562
v -75.51101824 -6.14125928 6.31187087
v 62.33424427 45.91481548 2.53419397
v -62.33424427 45.91481548 2.53419397
v 27.14647288 -56.2721916 3.64057075
v -27.14647288 -56.2721916 3.64057075
v 23.39758145 131.22480781 15.02186889
v -23.39758355 131.22480781 15.02186889
v 12.38232995 98.3326699 -3.29351163
v -12.38232995 98.3326699 -3.29351163
v 5.6114889 83.14709564 13.16575614
v -5.61150308 83.14707884 13.16576349
v 70.25053471 3.05779457 21.54253741
v -70.25053471 3.05779457 21.54253741
v 9.7879048 114.37550821 -1.95782693
v -9.7879048 114.37550821 -1.95782693
v 23.79587375 -136.3372083 8.28815464
v -23.79587585 -136.3371915 8.28812157
v 80.53876146 -5.33904556 8.12295643
v -80.53876146 -5.33904556 8.12295643
v 14.33215884 123.77534594 -1.3067957
v -14.33215884 123.77534594 -1.3067957
v 22.49222528 -127.66475122 -3.7251645
v -22.4920846 -127.66489399 -3.72544166
v 28.39208536 -83.97519156 -24.12820813
v -28.39208536 -83.97519156 -24.12820813
v 10.7141282 147.48789779 8.61613857
v -10.7141282 147.48789779 8.61613857
v 6.46876555 145.97060099 15.80072313
v -6.46876555 145.97060099 15.80072313
v 21.20599747 -129.30556533 -10.28159085
v -21.20599957 -129.30556533 -10.28158665
v 13.34820179 -11.39620607 -13.51905642
v -13.34820179 -11.39620607 -13.51905642
v 30.48604053 -136.75546393 -18.03513966
v -30.48605733 -136.75548072 -18.03512917
v 35.3922569 -133.89240207 -9.42276993
v -35.3922569 -133.89242727 -9.42277098
v 8.63189843 8.73586184 -19.97896676
v -8.63189843 8.73586184 -19.97896676
v 26.47422025 -134.00078521 11.3730366
v -26.47439662 -134.00081041 11.3733316
v 15.78115558 129.92473081 23.61780164
v -15.78115558 129.92473081 23.61780164
v 2.64975078 109.14914795 18.18800147
v -2.64975104 109.14914795 18.18800147
v 35.38725557 -133.81499274 18.40297886
v -35.38737315 -133.81500954 18.40296207
v 17.10438001 -91.97913336 -9.900525
v -17.10438001 -91.97913336 -9.900525
v 24.63803513 -133.8422292 9.37652128
v -24.63805402 -133.8422124 9.37652023
v 4.76057258 -3.75528114 11.22389535
v -4.76057258 -3.75528114 11.22389535
v 23.33929559 -135.51092646 7.05250651
v -23.33929559 -135.51090127 7.05248393
v 67.69913843 38.95431654 -5.54091493
v -67.69913843 38.95431654 -5.54091493
v 13.67237384 128.72464681 9.09081349
v -13.67237384 128.72464681 9.09081349
v 9.41931288 104.54910871 -1.31385204
v -9.41931288 104.54910871 -1.31385204
v 3.75262379 -6.8595716 -12.51002973
v -3.75262379 -6.8595716 -12.51002973
v 7.10134663 69.59501197 19.83210991
v -7.10132721 69.59501197 19.83211201
v 20.28206792 126.04447993 -3.24471114
v -20.28206792 126.04447993 -3.24471114
v 8.52522124 77.14777586 16.33260259
v -8.52518765 77.14775907 16.33261729
v 2.3734798 152.06439593 6.40956635
v -2.37347324 152.06439593 6.40956372
v 42.33631151 77.20880804 -14.87854993
v -42.33631151 77.20880804 -14.87854993
v 16.13268482 41.72987402 -11.94387793
v -16.13268482 41.72987822 -11.94387898
v 81.90516173 -0.18271511 15.38183446
v -81.90518692 -0.18267681 15.38183236
v 27.16737475 -9.50186422 -7.53915826
v -27.16737475 -9.50186422 -7.53915826
v 13.04349126 -50.81044549 6.34017604
v -13.04349126 -50.81044549 6.34017604
v 33.07797656 -26.17973389 5.49766246
v -33.07797656 -26.17973389 5.49766246
v 26.73340335 -123.42699974 -2.93662308
v -26.73340335 -123.42699974 -2.93662308
v 21.3000464 -71.64808515 -20.65148605
v -21.3000464 -71.64808515 -20.65148605
v 28.53791339 -119.60826817 -4.93519342
v -28.53791339 -119.60826817 -4.93519342
v 20.7057952 -65.20924465 -17.00621894
v -20.7057952 -65.20924465 -17.00621894
v 35.6313507 -138.62733864 21.30012409
v -35.6313507 -138.62733864 21.30012409
v 81.11885693 2.63590972 5.94054103
v -81.11885693 2.63590972 5.94054103
v 35.14088654 -140.01227447 20.61128224
v -35.14088654 -140.01227447 20.61128224
v 17.88026011 59.73126836 16.57523217
v -17.88026011 59.73126836 16.57523217
v 80.65091555 0.24546161 5.3435162
v -80.65091555 0.24546161 5.3435162
v 29.84915414 -134.8549502 13.6841066
v -29.84915414 -134.8549502 13.6841066
v 78.2459016 -1.36534375 4.69294072
v -78.2459016 -1.36534375 4.69294072
v 80.81402357 -2.07228326 11.62206692
v -80.81403197 -2.0722855 11.62206587
v 32.23787493 -75.12220789 -21.22124711
v -32.23787493 -75.12220789 -21.22124711
v 37.71405393 -140.36234237 11.01981401
v -37.71405393 -140.36234237 11.01981401
v 30.96203401 -67.78026831 -6.24596596
v -30.96203401 -67.78026831 -6.24596596
v 11.37205502 119.74170415 -1.16459046
v -11.37205502 119.74170415 -1.16459046
v 29.31560128 -141.97410594 -19.06041648
v -29.31561387 -141.97407234 -19.06041228
v 34.4715125 -94.36551095 -15.02320531
v -34.4715125 -94.36551095 -15.02320531
v 79.21986334 -10.87371723 20.57834107
v -79.21986334 -10.87371723 20.57834107
v 82.48977561 -2.72149188 16.87362386
v -82.48975881 -2.72150894 16.87361966
v 26.31660067 -100.29111675 -4.34263767
v -26.31660067 -100.29111675 -4.34263767
v 77.8458624 -10.74282915 9.7505271
v -77.8458624 -10.74282915 9.7505271
v 36.81284033 -133.57633146 -3.56887478
v -36.81285293 -133.57633146 -3.56885169
v 82.81104491 -0.94434081 12.78374755
v -82.81104491 -0.94434081 12.78374755
v 7.40897408 86.49818818 -21.46028002
v -7.40894469 86.49825537 -21.46025063
v 3.04946716 149.89787528 -3.48308791
v -3.04942831 149.89787528 -3.48296639
v 4.01244466 116.58599521 17.20394783
v -4.01244466 116.58599521 17.20394783
v 23.27410194 7.26477642 -6.60257789
v -23.27410194 7.26477642 -6.60257789
v 23.38434116 15.48855784 10.03331115
v -23.38434116 15.48855784 10.03331115
v 29.55528297 -137.06972045 23.32038418
v -29.55528507 -137.06969525 23.3203107
v 18.53894911 -137.31788887 -11.68577824
v -18.53894911 -137.31790567 -11.68576774
v 77.4085085 20.55531858 7.20992924
v -77.4085085 20.55531858 7.20992924
v 21.10068189 126.91645821 -9.44546068
v -21.10068189 126.91645821 -9.44546383
v 19.19261577 -100.11080013 -15.45935717
v -19.19261577 -100.11080013 -15.45935717
v 20.53331861 129.01292665 -3.62602579
v -20.5333228 129.01292665 -3.62602579
v 23.04422553 -67.44343652 1.54083069
v -23.04422553 -67.44343652 1.54083069
v 81.3581565 -2.48772171 9.78314388
v -81.3581565 -2.48772171 9.78314388
v 9.10420601 126.22289849 -19.49148197
v -9.10420706 126.22289849 -19.49148197
v 15.77808592 -3.92149111 -17.76585522
v -15.77808592 -3.92149111 -17.76585522
v 3.88447927 133.24806618 -10.38911524
v -3.88446825 133.24806618 -10.38912049
v 68.71628966 22.60515833 -2.38365226
v -68.71628966 22.60515833 -2.38365226
v 6.77812572 130.33279901 -3.23130891
v -6.77812572 130.3328158 -3.23130129
v 11.32429148 -39.52969203 9.26039678
v -11.32429148 -39.52969203 9.26039678
v 12.19974151 128.76680747 6.24966079
v -12.19974151 128.76680747 6.24966079
v 32.76445911 -131.31685579 -6.02009566
v -32.76445911 -131.31685579 -6.02009566
v 32.68364837 67.26683205 -10.69556218
v -32.68364837 67.26683205 -10.69556218
v 38.72314676 -134.94788003 2.04080777
v -38.72311736 -134.94786323 2.04079176
v 24.37258251 -133.4525622 3.93664522
v -24.37258251 -133.4525622 3.93664522
v 24.99805739 -129.79732497 1.45888339
v -24.99805739 -129.79732497 1.45888339
v 13.01137315 -54.14520288 1.1159595
v -13.01137315 -54.14520288 1.1159595
v -0.00001144 14.2648792 19.3257977
v 37.61028579 90.59015782 -8.68949824
v -37.61028579 90.59015782 -8.68949824
v -0.00001144 125.7716366 19.73361605
v 23.24746387 -129.23895652 -15.20731703
v -23.24746387 -129.23895652 -15.20731703
v 79.49399164 -1.63057669 4.32433437
v -79.49399164 -1.63057669 4.32433437
v 25.6227071 50.14101477 -7.58262332
v -25.6227071 50.14101477 -7.58262332
v 5.4165247 140.25882198 8.79028752
v -5.41642602 140.25885557 8.79031902
v 30.12574952 73.71966872 3.09830361
v -30.12574952 73.71966872 3.09830361
v 27.50181086 -45.30581224 5.07735916
v -27.50181086 -45.30581224 5.07735916
v 16.02140838 -71.22383297 -11.69785114
v -16.02140838 -71.22383297 -11.69785114
v 16.4965956 -20.2810181 -15.63776313
v -16.4965956 -20.2810181 -15.63776313
v 32.64008095 -130.61823174 4.45274094
v -32.64007675 -130.61821495 4.45269055
v 2.61678048 55.62935065 22.15777237
v -2.6167789 55.62935065 22.15777237
v 25.83107275 -140.5414664 -11.73436273
v -25.83107275 -140.5414664 -11.73436273
v 23.25893838 -139.4126944 -12.40349006
v -23.25893838 -139.4126944 -12.40349006
v 38.6631392 -133.01493114 4.28279992
v -38.66302582 -133.01484716 4.28298101
v 30.76782201 -137.08830642 -17.02374144
v -30.76781781 -137.08827282 -17.02374564
v 21.74266409 -51.07380267 -13.03757974
v -21.74266409 -51.07380267 -13.03757974
v 35.00614668 -134.33811252 17.46069431
v -35.00550629 -134.33807893 17.46098196
v 33.96309016 -136.10256992 15.28272751
v -33.96309016 -136.10256992 15.28272751
v 23.16213472 42.96843172 -3.97628711
v -23.16213472 42.96843172 -3.97628711
v 16.8929258 -73.73481968 -6.34224786
v -16.8929258 -73.73481968 -6.34224786
v 11.11078278 136.36871962 -5.93528302
v -11.11078278 136.36871962 -5.93528302
v 30.46593023 -65.73119703 -14.21625481
v -30.46593023 -65.73119703 -14.21625481
v 79.69962147 -0.47757831 14.02413509
v -79.69962147 -0.47757831 14.02413509
v 5.69088501 152.00552217 0.41767439
v -5.6908488 152.00550537 0.41767481
v 23.65032708 -123.43885008 -4.07378155
v -23.65032708 -123.43885008 -4.07378155
v 82.16692738 -2.78768628 19.5689123
v -82.16693578 -2.7877679 19.5689459
v 10.14302546 58.6097107 -20.42791065
v -10.14298662 58.6097107 -20.42790645
v 39.30255775 63.79370034 -17.9343593
v -39.30255775 63.79370034 -17.9343593
v 16.96827959 -79.83352777 -18.55057478
v -16.96827959 -79.83352777 -18.55057478
v 35.60085981 -132.68644749 4.85927955
v -35.6009186 -132.68648109 4.8593352
v 24.67515457 19.20363466 -1.56381631
v -24.67515457 19.20363466 -1.56381631
v 7.5636568 135.42401838 -9.64606188
v -7.5636568 135.42401838 -9.64606188
v 15.33347358 45.07956401 -13.93389804
v -15.33347358 45.07956401 -13.93389699
v 5.01893893 94.55136221 6.26411835
v -5.01893735 94.55137061 6.26411993
v 3.73660148 96.62014907 6.14843426
v -3.73659754 96.62014907 6.14843478
v 37.79377706 -136.71608318 3.05019389
v -37.79377706 -136.71608318 3.05019389
v 15.299702 129.21523065 15.96853748
v -15.299702 129.21523065 15.96853748
v 33.82638295 61.38932047 0.41526965
v -33.82638295 61.38932047 0.41526965
v 44.62409445 67.03634675 -17.85411126
v -44.62409445 67.03634675 -17.85411126
v 62.0386493 40.61053777 5.00437481
v -62.0386493 40.61053777 5.00437481
v 31.15097384 -136.50981507 19.16938962
v -31.15097384 -136.50981507 19.16938962
v 35.72027023 -133.00334956 -4.95412898
v -35.72026603 -133.00333276 -4.95414367
v 13.15136419 61.74619958 19.8907737
v -13.15136734 61.74619538 19.8907716
v 7.29677118 38.19027627 20.07426708
v -7.29677171 38.19027207 20.07426708
v 27.22955333 2.6739698 11.32796584
v -27.22955333 2.6739698 11.32796584
v 26.7693428 76.26614766 7.99476166
v -26.7693428 76.26614766 7.99476166
v 23.04512418 -133.442232 -0.630796
v -23.04513467 -133.44226559 -0.6307857
v 7.51007044 -32.48794982 4.05985756
v -7.51007044 -32.48794982 4.05985756
v 23.97798137 44.60434109 1.23816717
v -23.97798137 44.60434109 1.23816717
v 24.28890787 -133.19299696 4.74715644
v -24.28892257 -133.19296337 4.74720158
v 28.69308269 56.64739632 -13.07691324
v -28.69308269 56.64739632 -13.07691324
v 72.63260386 9.04919873 19.70545155
v -72.63259546 9.04919873 19.70545365
v 80.62731566 -1.02891449 15.3735829
v -80.62732406 -1.02891292 15.373585
v 76.75761335 -13.66919604 16.47478145
v -76.75761335 -13.66919604 16.47478145
v -0.00001144 68.00368624 -22.22072571
v 22.47496208 -132.57161427 1.6354149
v -22.47492009 -132.57163107 1.63528262
v 32.54492341 -21.01522676 -0.01953296
v -32.54492341 -21.01522676 -0.01953296
v 25.30792987 -21.58314435 -14.04428003
v -25.30792987 -21.58314435 -14.04428003
v 20.39801395 -134.85961978 -3.89535381
v -20.39802655 -134.85961978 -3.89532494
v 19.92505444 -14.87774892 16.71377762
v -19.92505444 -14.87774892 16.71377762
v 19.23659472 -137.40022814 -7.7877592
v -19.23661572 -137.40027014 -7.78773191
v 80.70520371 -2.79561319 7.62823106
v -80.7052121 -2.79561581 7.62823106
v 35.51512752 90.31188904 1.83007098
v -35.51512752 90.31188904 1.83007098
v 70.96816465 16.62671102 2.40500424
v -70.96816465 16.62671102 2.40500424
v 53.50689294 57.04545346 -1.11590662
v -53.50689294 57.04545346 -1.11590662
v 10.86973422 29.11049006 18.84688153
v -10.86973422 29.11049006 18.84688153
v 9.62542562 36.73441898 19.09113623
v -9.62541827 36.73441478 19.09114043
v 37.38467164 -133.31512851 4.32702505
v -37.38471363 -133.3151621 4.32704368
v 18.96049276 37.18654591 10.87175827
v -18.96049276 37.18654591 10.87175827
v 23.52677407 -53.66587308 -12.34635795
v -23.52677407 -53.66587308 -12.34635795
v -0.00001144 135.06937329 -3.60201594
v 78.26737666 -3.74316572 6.34404462
v -78.26737666 -3.74316572 6.34404462
v 24.94572609 -8.72608227 15.78807913
v -24.94572609 -8.72608227 15.78807913
v 73.4174557 -8.14276439 5.8138139
v -73.4174557 -8.14276439 5.8138139
v 11.34384958 99.30260875 -2.90945958
v -11.34384958 99.30260875 -2.90945958
v 83.1996285 3.37131622 11.4558378
v -83.1996285 3.37131622 11.4558378
v 11.42616786 -10.07425298 -14.00465048
v -11.42616786 -10.07425298 -14.00465048
v 82.30422669 0.40663392 16.34726434
v -82.30422669 0.40663392 16.34726434
v 54.56937947 34.12629057 0.78927452
v -54.56937947 34.12629057 0.78927452
v 80.98305256 -1.11902943 16.28493353
v -80.98305256 -1.11902943 16.28493353
v 65.64079516 27.71115074 5.7899778
v -65.64079516 27.71115074 5.7899778
v 3.9181128 -3.50855805 -16.7721863
v -3.9181128 -3.50855805 -16.7721863
v -0.00001144 130.53191156 26.23215127
v 57.22131047 49.98209342 -10.52803652
v -57.22131047 49.98209342 -10.52803652
v 74.02825623 8.46639473 19.03831782
v -74.02825623 8.46639473 19.03831782
v 35.38917464 -130.0265127 -5.72725384
v -35.38917464 -130.0265127 -5.72725226
v 2.45719302 137.10078664 -8.89564824
v -2.45719433 137.10078664 -8.89565874
v 21.04006544 82.11814867 9.29297366
v -21.04006124 82.11814867 9.29297786
v 76.69046703 12.78652012 2.81379261
v -76.69046703 12.78652012 2.81379261
v 10.90315516 127.34787435 -3.94675286
v -10.90315516 127.34787435 -3.94675286
v 71.71141853 33.67079372 -2.01649046
v -71.71141853 33.67079372 -2.01649046
v 21.23702587 -44.46618093 9.77586129
v -21.23702587 -44.46618093 9.77586129
v 79.85709407 -8.25588063 10.6555022
v -79.85714446 -8.25580242 10.65551584
v 10.67786226 132.95334466 19.59733926
v -10.67816775 132.95332786 19.59728677
v 0.54219509 -6.28076163 2.76264499
v -0.54219529 -6.28076216 2.76264735
v 3.30767761 134.49243567 19.55252255
v -3.30767734 134.49243567 19.55252255
v 2.255405 -18.032028 -0.42937499
v -2.255405 -18.032028 -0.42937499
v 26.06770998 60.05997457 1.93878797
v -26.06770998 60.05997457 1.93878797
v 82.11711565 -1.39758049 14.7514286
v -82.11713244 -1.3975213 14.75140655
v 19.86729349 -133.82922826 -16.0836531
v -19.86731448 -133.82926186 -16.08369719
v -0.00001144 90.91090642 7.77716497
v -0.00001144 127.53946182 -19.67596848
v 34.1186227 -138.72609706 -10.16199146
v -34.118608 -138.72609706 -10.16197676
v 71.61283649 2.20233044 19.53952792
v -71.61283649 2.20233044 19.53952792
v 31.78648497 -138.66561078 -15.67842361
v -31.78644927 -138.66559398 -15.67851809
v 79.30982009 16.81567079 8.54072337
v -79.30978649 16.81571593 8.54078426
v 3.59936594 -1.1213658 15.28043995
v -3.59936437 -1.12136921 15.2804389
v 62.10201627 43.65230794 -9.1619932
v -62.10201627 43.65230794 -9.1619932
v 29.62342032 94.25951299 -2.62462471
v -29.62342032 94.25951299 -2.62462471
v 41.26126915 -140.52439217 15.98097677
v -41.26126915 -140.52439217 15.98097572
v 29.3878707 -81.62208058 -2.76016138
v -29.3878707 -81.62208058 -2.76016138
v 41.03665863 -135.72345149 17.05618184
v -41.03663344 -135.72342629 17.05620284
v 77.99887538 4.02397979 16.19151344
v -77.99887538 4.02397979 16.19151344
v 40.35779635 -139.59364931 13.82918926
v -40.35779635 -139.59364931 13.82918926
v 10.6655311 147.82145416 -1.7007037
v -10.6655311 147.82145416 -1.7007037
v 3.5039302 114.05188732 -7.06364612
v -3.503926 114.05189572 -7.06364769
v 10.64150918 149.14133491 5.85393582
v -10.64150918 149.14133491 5.85393634
v 79.68824145 -11.22000578 18.78912688
v -79.68824145 -11.22000578 18.78912688
v 16.6653275 2.95044314 -17.93218828
v -16.6653275 2.95044314 -17.93218828
v 31.31606602 63.10436087 -8.85082419
v -31.31606602 63.10436087 -8.85082419
v 54.3956515 30.85181369 -2.3148139
v -54.3956515 30.85181369 -2.3148139
v 19.82331034 -70.24325738 -1.42658851
v -19.82331034 -70.24325738 -1.42658851
v 82.23493875 2.56558561 8.34676962
v -82.23493875 2.56558561 8.34676962
v 27.45915048 130.67027749 7.05680971
v -27.45915048 130.67027749 7.05680971
v 72.33054201 23.30913014 9.53908234
v -72.33054201 23.30913014 9.53908234
v 4.94839278 151.92672708 11.34495189
v -4.9484017 151.92672708 11.34494349
v 28.80285369 -43.40712939 -5.47776579
v -28.80285369 -43.40712939 -5.47776579
v 29.45460759 -86.61999219 -3.0266129
v -29.45460759 -86.61999219 -3.0266129
v 47.50227368 42.94760335 -2.2980352
v -47.50227368 42.94760335 -2.2980352
v 7.6024423 125.30714702 -8.09422031
v -7.60244177 125.30713862 -8.09421873
v 38.4705817 84.74093673 -15.0376235
v -38.4705817 84.74093673 -15.0376235
v 57.4883882 37.56972084 -10.58168639
v -57.4883882 37.56972084 -10.58168639
v 32.50141268 71.04166026 -18.12556673
v -32.50141268 71.04166026 -18.12556673
v 38.33622188 -135.17085283 23.20845056
v -38.33618409 -135.17082764 23.20846526
v 75.36867141 17.68586963 11.89571651
v -75.36867141 17.68586963 11.89571651
v 33.2639706 70.19367241 -15.27887678
v -33.2639706 70.19367241 -15.27887678
v 70.9931671 20.53068566 9.08354455
v -70.9931671 20.53068566 9.08354455
v 24.74083744 -132.75201489 9.15373114
v -24.74082274 -132.75203168 9.15370279
v 18.8435809 13.11314979 14.54364665
v -18.8435788 13.11314979 14.54364665
v 11.53607429 -6.95964071 -17.28614433
v -11.53607429 -6.95964071 -17.28614433
v 22.63993248 -142.40474941 14.62296035
v -22.63993248 -142.40473261 14.62294775
v 5.3896646 133.9933693 -11.00459796
v -5.3896646 133.9933693 -11.00459691
v 76.66838727 -9.12363288 9.5082891
v -76.66838727 -9.12363288 9.5082891
v 74.57951111 9.82311567 2.92219859
v -74.57962869 9.82292985 2.9221873
v 41.27922523 84.76539327 0.70971464
v -41.27922523 84.76539327 0.70971464
v 83.04160999 -4.62195155 14.46494499
v -83.0415848 -4.62213999 14.46500693
v 26.02267071 70.30166922 5.94027332
v -26.02267071 70.30166922 5.94027332
v 39.28406836 -140.24677007 6.77673524
v -39.28406836 -140.24677007 6.77673524
v 14.77940623 124.67760095 -11.79803311
v -14.77940623 124.67760095 -11.79803311
v 26.2313555 92.62509856 -11.96023619
v -26.2313555 92.62509856 -11.96023619
v 52.30863982 63.69006237 -8.93509093
v -52.30863982 63.69006237 -8.93509093
v 19.62789314 -14.02786824 -13.87257296
v -19.62789314 -14.02786824 -13.87257296
v 77.13724409 -6.88712406 4.97469752
v -77.1372273 -6.88712458 4.97469175
v 26.88584103 -128.95387652 -16.8951955
v -26.88584103 -128.95387652 -16.8951955
v 5.12268975 139.44555788 10.98599309
v -5.12262676 139.44560827 10.98597525
v 23.91955483 -122.02508206 -16.28559387
v -23.91955483 -122.02508206 -16.28559387
v 6.337288 125.18974385 -14.38692782
v -6.337288 125.18974385 -14.38692782
v 54.02825742 45.26117821 -14.72114766
v -54.02825742 45.26117821 -14.72114766
v 78.86404245 12.89710998 12.97260024
v -78.86404245 12.89710998 12.97260024
v 17.8188164 -54.38135299 -12.45998808
v -17.8188164 -54.38135299 -12.45998808
v 32.34139742 -137.02387283 16.79411174
v -32.34139742 -137.02387283 16.79411174
v 33.6128585 -141.44335188 29.3620389
v -33.6128627 -141.44335188 29.3620389
v 13.71712965 19.89676606 -14.45062548
v -13.71712965 19.89676606 -14.45062548
v 32.70265636 -139.0890819 28.70433883
v -32.70266476 -139.08903991 28.70432203
v 29.31988033 -139.92892738 3.61703752
v -29.31988033 -139.92892738 3.61703752
v 46.87488604 63.90070612 2.72498253
v -46.87488604 63.90070612 2.72498253
v 22.82536591 80.13011377 -22.46077275
v -22.82536591 80.13011377 -22.46077275
v 30.64299242 -135.92674652 21.27118272
v -30.64319609 -135.92678011 21.2713024
v 34.60741975 72.7323869 -17.99260106
v -34.60741975 72.7323869 -17.99260106
v 50.88460879 34.10608368 -6.85304069
v -50.88460879 34.10608368 -6.85304069
v 6.31248554 111.3328604 -5.79240655
v -6.31248554 111.3328604 -5.79240655
v 14.50242767 5.14248091 15.37494976
v -14.50242767 5.14248091 15.37494976
v 28.47223261 -47.23166856 2.44388947
v -28.47223261 -47.23166856 2.44388947
v 29.50656515 -49.72916722 -3.23636771
v -29.50656515 -49.72916722 -3.23636771
v 28.47305987 -132.19705624 7.71876993
v -28.47304727 -132.19705624 7.71877518
v 56.68146499 28.49909534 -2.78429064
v -56.68146499 28.49909534 -2.78429064
v 73.42991073 4.84723553 21.13347818
v -73.42989394 4.8472434 21.13349708
v 28.50186896 -131.542071 7.7484089
v -28.50188995 -131.5420878 7.74833489
v 54.13719487 58.71303792 -4.9310078
v -54.13719487 58.71303792 -4.9310078
v 55.62236307 54.80376169 -8.30465252
v -55.62236307 54.80376169 -8.30465252
v 7.22791576 140.21656893 1.18365356
v -7.22791576 140.21656893 1.18365343
v 81.97636454 -0.74015744 8.28575738
v -81.97633094 -0.74014543 8.28568495
v 27.0458101 -125.62147073 -1.93372575
v -27.0457723 -125.62149592 -1.93370869
v 73.76735562 -7.62388009 5.03916208
v -73.76735562 -7.62388009 5.03916208
v 77.07769845 -6.40576968 5.79456707
v -77.07769845 -6.40576968 5.79456707
v 70.71625048 7.15195308 18.36927763
v -70.71624208 7.15195308 18.36921674
v 27.21117943 -138.83142313 -19.10678271
v -27.21112064 -138.83142313 -19.10680161
v 34.68240821 -136.52677172 -11.52495147
v -34.68231372 -136.52661214 -11.52518033
v 70.53592546 4.77767935 18.30078124
v -70.53593386 4.77764523 18.30077075
v 71.97923114 4.33379086 19.80846382
v -71.97922274 4.33379558 19.80847012
v 23.08448393 -46.59945176 7.97755148
v -23.08448393 -46.59945176 7.97755148
v 75.61826758 -5.96360341 5.97401813
v -75.61826758 -5.96360341 5.97401813
v 34.17003645 -136.8964418 -7.85306047
v -34.17003645 -136.8964418 -7.85306047
v 12.42463129 -48.16160936 7.34775871
v -12.42463129 -48.16160936 7.34775871
v 23.51699818 -98.42011549 -21.40737973
v -23.51699818 -98.42011549 -21.40737973
v 17.98214908 85.00644813 -21.06992014
v -17.98214698 85.00644813 -21.06991804
v 27.04756749 -77.59169742 -23.6950052
v -27.04756749 -77.59169742 -23.6950052
v 35.20293074 -89.38785661 -11.96804893
v -35.20293074 -89.38785661 -11.96804893
v 29.27471929 -98.63002017 -22.89273059
v -29.27471929 -98.63002017 -22.89273059
v 54.56950125 44.45643862 2.20920228
v -54.56950125 44.45643862 2.20920228
v 35.94625391 -80.48386862 -17.26830583
v -35.94625391 -80.48386862 -17.26830583
v 26.58642263 -131.98318745 -19.1936194
v -26.58637434 -131.98320425 -19.1936257
v 4.26715055 130.8633179 17.75556281
v -4.26715055 130.8633179 17.75556281
v -0.00001144 90.21292066 -18.58454687
v 37.75070935 -138.82089976 27.64315407
v -37.75071355 -138.82088296 27.64315197
v 24.83983522 -25.08260128 14.85647122
v -24.83983522 -25.08260128 14.85647122
v 12.6966904 40.32109053 17.00472085
v -12.6966883 40.32108633 17.00472295
v 9.7901829 136.82151004 8.54325133
v -9.7901829 136.82151004 8.54325133
v 41.60218684 87.79627473 -4.82739398
v -41.60218684 87.79627473 -4.82739398
v 22.07493128 -139.99341136 13.59801003
v -22.07492918 -139.99339456 13.59801213
v 14.39595519 -63.06964971 -3.88490576
v -14.39595519 -63.06964971 -3.88490576
v 23.58393033 -141.18620542 15.23094107
v -23.58391773 -141.18620542 15.23090747
v 37.25896231 -136.80546883 14.1999291
v -37.25896231 -136.80546883 14.1999291
v 22.82010633 -141.20683223 10.66247928
v -22.82009583 -141.20683223 10.66260106
v 39.3585592 -139.44055235 16.58864884
v -39.3585592 -139.44055235 16.58864884
v 38.44805682 -138.11354124 15.25609154
v -38.44805682 -138.11354124 15.25609154
v 24.00734476 -138.67777186 -18.78413815
v -24.00736366 -138.67777186 -18.78414024
v 37.96343174 -137.76595091 17.02540645
v -37.96343174 -137.76595091 17.02540645
v 77.06533581 -3.62010692 4.5391976
v -77.0653526 -3.62008382 4.53919025
v -0.00001144 112.8680377 20.47221924
v 78.10153072 -1.39169875 6.55782732
v -78.10153912 -1.3916956 6.55784202
v 6.06015931 106.2360056 12.74800547
v -6.06015931 106.2360056 12.74800547
v -0.00001144 129.20219612 22.97907807
v 80.14668408 -5.38940949 10.39548239
v -80.14668408 -5.38940949 10.39548239
v 11.24968096 134.35937762 12.9639277
v -11.24968516 134.35937762 12.96392245
v 81.24727059 -2.00278483 12.00199372
v -81.24727059 -2.00278483 12.00199372
v 78.62575911 10.8327796 3.71333647
v -78.6258263 10.83282684 3.71341075
v 2.51986213 141.45902355 -2.61215262
v -2.51992617 141.45900676 -2.61217939
v 28.36981243 87.70410077 -16.99333453
v -28.36981243 87.70410077 -16.99333453
v 11.03124127 142.97925985 6.5252242
v -11.03124127 142.97925985 6.5252242
v 22.37766921 55.01562323 -16.67693743
v -22.37766921 55.01562323 -16.67693743
v 3.67181646 -6.46585125 9.71107182
v -3.67181646 -6.46585125 9.71107182
v 24.38942368 60.53537385 -18.96091059
v -24.38943208 60.53538645 -18.96091269
v 25.12283028 -138.84778348 9.51864975
v -25.12283028 -138.84778348 9.51864975
v 31.74006624 -129.77931851 -13.54871481
v -31.74003685 -129.7793437 -13.54881244
v 21.22673976 69.6925064 15.18982077
v -21.22673976 69.6925064 15.18982077
v 32.91811878 -130.03415537 -9.38917262
v -32.91809988 -130.03408818 -9.38913273
v 16.38681516 51.18222361 15.64511185
v -16.3868183 51.18221941 15.6451087
v 5.01149835 39.14508515 -13.25006907
v -5.01149835 39.14508515 -13.25006907
v 20.96291226 -125.21214275 -8.13467502
v -20.96291226 -125.21214275 -8.13467502
v 53.70129811 47.15889942 1.81828783
v -53.70129811 47.15889942 1.81828783
v 33.41315174 -132.00330195 6.62042793
v -33.41314335 -132.00334395 6.62045628
v 38.68463106 73.80955828 3.36326675
v -38.68463106 73.80955828 3.36326675
v 30.37371848 -133.89148663 19.13706784
v -30.37377517 -133.89148663 19.13706364
v 36.06309858 -137.92993238 -4.68575735
v -36.06311538 -137.92996598 -4.6857248
v 78.28022643 1.71259983 12.64681673
v -78.28024322 1.71253553 12.64682198
v 27.18197141 -134.95258321 20.35285081
v -27.18193151 -134.95260841 20.3528676
v 13.52705602 121.42962567 0.33598816
v -13.52705602 121.42962567 0.33598816
v 25.4140895 -135.12573588 16.55969068
v -25.41400971 -135.12579467 16.55966863
v 12.95460428 -57.86418921 -3.46148083
v -12.95460428 -57.86418921 -3.46148083
v 25.55507787 -136.4998796 19.14509264
v -25.55510517 -136.4998544 19.14509474
v 34.2404414 70.1994254 -16.05886691
v -34.2404414 70.1994254 -16.05886691
v 31.00183469 -124.90985414 -9.59953397
v -31.00183469 -124.90985414 -9.59953397
v 30.63349368 -37.05539013 7.73387995
v -30.63349368 -37.05539013 7.73387995
v 30.99503607 -139.21847819 29.09173403
v -30.99504447 -139.21849498 29.09173613
v 17.19049127 15.41528794 -13.91307176
v -17.19049127 15.41528794 -13.91307176
v 38.9993789 -134.26628822 1.01280203
v -38.99945029 -134.26625462 1.01303876
v 82.39721531 -3.15262142 19.49388396
v -82.39721531 -3.15262142 19.49388396
v 32.94550011 -139.64526673 -13.72779685
v -32.94548541 -139.64526673 -13.72783569
v 6.09963192 133.9692739 18.82665365
v -6.09972116 133.9692739 18.82662215
v 63.46538886 48.25204903 -2.84477351
v -63.46538886 48.25204903 -2.84477351
v 8.56531167 125.98861285 16.71026808
v -8.56531167 125.98861285 16.71026808
v 16.91257943 -86.56955057 -8.20724784
v -16.91257943 -86.56955057 -8.20724784
v 6.12693085 130.84508467 16.826254
v -6.1269298 130.84509307 16.826254
v 75.02077874 6.26286749 16.54657846
v -75.02077874 6.26286749 16.54657846
v 11.4302212 -49.70064998 4.13693725
v -11.4302212 -49.70064998 4.13693725
v 7.25687287 -10.82205782 -10.96678459
v -7.25687287 -10.82205782 -10.96678459
v 23.15555866 -139.57603758 5.93685144
v -23.15555446 -139.57599558 5.9368042
v 16.1270431 -75.80139772 -8.52312686
v -16.1270431 -75.80139772 -8.52312686
v 79.81720101 -7.3317112 19.56839579
v -79.81720101 -7.3317112 19.56839579
v 20.04786837 -130.69983195 -10.67110983
v -20.04782848 -130.69988234 -10.67125575
v 9.5686368 12.56251744 -18.89581981
v -9.5686368 12.56251744 -18.89581981
v 21.57039117 -129.21136732 -7.20616984
v -21.57039536 -129.21141771 -7.20611998
v 55.73274506 51.18924058 0.45658121
v -55.73274506 51.18924058 0.45658121
v 24.85173175 -130.20184899 -17.82708896
v -24.85173175 -130.20186579 -17.82709106
v 23.5628584 -136.46059123 -3.4621228
v -23.5628584 -136.46059123 -3.4621228
v 21.00444303 -96.85708864 -7.02757912
v -21.00444303 -96.85708864 -7.02757912
v -0.00001144 20.33372103 -15.09115579
v 4.20696689 131.20434896 -4.21417205
v -4.20697135 131.20431537 -4.21418018
v 34.72609741 -82.83382175 -10.04523288
v -34.72609741 -82.83382175 -10.04523288
v 55.38085889 54.99459749 -2.34103309
v -55.38085889 54.99459749 -2.34103309
v 14.90301592 -42.27816842 -13.45034062
v -14.90301592 -42.27816842 -13.45034062
v 15.33867332 85.15618568 8.72991568
v -15.33867647 85.15618568 8.72991568
v 8.12062584 -37.73620928 -0.81439947
v -8.12062584 -37.73620928 -0.81439947
v 11.4951881 82.0455265 12.38699638
v -11.4951776 82.0455433 12.38698589
v 25.51763718 51.79473324 -11.50102298
v -25.51763718 51.79473324 -11.50102298
v 34.76392442 -133.89619821 24.89197544
v -34.76392442 -133.89619821 24.89196495
v 78.21964777 6.61663442 17.46407367
v -78.21962257 6.61665856 17.46407157
v 17.02933591 36.0629684 -8.87523349
v -17.02933591 36.0629684 -8.87523349
v 79.38488623 -2.47031127 9.3510737
v -79.38488623 -2.47031127 9.3510737
v 24.86904113 -6.64766649 -9.93880554
v -24.86904113 -6.64766649 -9.93880554
v 32.93137167 -130.94983125 -2.25945021
v -32.93137167 -130.94983125 -2.25945021
v 24.6985361 9.76487811 -2.65386501
v -24.6985361 9.76487811 -2.65386501
v 20.18405487 -139.87783067 -7.23943278
v -20.18407797 -139.87783067 -7.23939289
v 79.31228926 -7.94461504 15.54032434
v -79.31228926 -7.94461189 15.54031489
v 3.46878336 -2.55752196 14.30170259
v -3.46878362 -2.55752249 14.30170154
v 82.8001772 4.87946072 14.24625124
v -82.80011001 4.87960192 14.24631948
v 61.64073073 49.64961206 -5.81833441
v -61.64073073 49.64961206 -5.81833441
v 82.79161909 0.37508484 17.1455297
v -82.79162749 0.37514392 17.14555069
v 15.93193245 -90.18827935 -14.51631675
v -15.93193245 -90.18827935 -14.51631675
v -0.00001144 111.0679453 20.11164267
v 57.20277489 31.56031232 -8.09701282
v -57.20277489 31.56031232 -8.09701282
v 43.71106831 71.33476087 -15.62919767
v -43.71106831 71.33476087 -15.62919767
v 29.5649014 -136.57518089 19.85596176
v -29.5649014 -136.57518089 19.85596176
v 6.04007631 -27.51049705 -6.05015718
v -6.04007631 -27.51049705 -6.05015718
v 26.26608136 -138.36427961 0.16655291
v -26.26608136 -138.36427961 0.16655291
v 31.73215482 -94.59155762 -22.73145345
v -31.73215482 -94.59155762 -22.73145345
v 32.11091632 -140.10900045 -9.30693518
v -32.11091632 -140.10900045 -9.30693518
v 15.45511906 -66.13124883 -9.81909172
v -15.45511906 -66.13124883 -9.81909172
v 27.02432664 -128.55372815 1.2188853
v -27.02432664 -128.55372815 1.2188853
v 80.62729046 -5.71492741 7.82059329
v -80.62729886 -5.7149505 7.82059749
v 60.86465956 47.93112406 1.68550693
v -60.86465956 47.93112406 1.68550693
v 23.91645157 -135.02248425 9.30065937
v -23.91645787 -135.02249265 9.30066252
v 56.22846041 53.54065086 -1.69767944
v -56.22846041 53.54065086 -1.69767944
v 3.10512007 21.26837341 20.74436759
v -3.10512506 21.26839441 20.74436968
v 39.32905094 77.57789023 -17.27304471
v -39.32905094 77.57789023 -17.27304471
v 32.80388815 69.95166851 2.50705856
v -32.80388815 69.95166851 2.50705856
v 1.92123436 145.19158613 18.1010493
v -1.92122439 145.19158613 18.1010535
v 34.69502701 68.36750254 3.17485603
v -34.69502701 68.36750254 3.17485603
v 2.85837468 137.372303 19.71310891
v -2.85839305 137.372303 19.71310261
v 30.75524309 -16.63649006 10.47340088
v -30.75524309 -16.63649006 10.47340088
v 7.44412722 131.09488241 14.16680526
v -7.44411987 131.09486561 14.16685671
v 11.75715532 140.43028654 -2.11998946
v -11.75715532 140.43028654 -2.11998946
v 37.8579293 -139.86300725 -1.26316056
v -37.8579209 -139.86302404 -1.26317552
v 10.57336344 145.85223198 -4.04634956
v -10.57336344 145.85223198 -4.04634956
v 41.53795061 -140.81061437 3.38374343
v -41.53794221 -140.81058078 3.38365866
v 38.18863016 -134.36026787 18.06529672
v -38.18871834 -134.36027627 18.06527782
v 24.70030819 47.58405025 -1.76318581
v -24.70030819 47.58405025 -1.76318581
v 11.93314775 118.27615914 3.63435819
v -11.93314775 118.27615914 3.63435819
v 78.71622817 13.29192738 4.61262759
v -78.71622817 13.29192738 4.61262759
v 12.86845416 124.19842233 2.0459486
v -12.86845416 124.19842233 2.0459486
v 82.37625256 -5.88500989 15.15056705
v -82.37625256 -5.88500989 15.15056705
v 12.83586154 123.54257204 3.32961223
v -12.83586154 123.54257204 3.32961223
v -0.00001144 76.04662665 -22.53927389
v 29.4143198 -142.89411546 27.0555734
v -29.41436389 -142.89411546 27.05560069
v 16.43229744 132.3404445 4.13023574
v -16.43229744 132.3404445 4.13023574
v 8.87277272 -5.05523321 -18.3096333
v -8.87277272 -5.05523321 -18.3096333
v 16.63679976 133.1743942 8.36223448
v -16.63679976 133.1743942 8.36223448
v 28.10399868 -138.08641395 -18.43606491
v -28.10399238 -138.08641395 -18.43606701
v 45.41138607 59.29554797 -18.27467439
v -45.41138607 59.29554797 -18.27467439
v 34.13226823 85.70067134 -17.0733936
v -34.13226823 85.70067134 -17.0733936
v 18.76909846 129.39038218 -4.23048227
v -18.76909636 129.39038218 -4.23051219
v 22.93940547 -128.7908021 -0.65199995
v -22.93942437 -128.7907769 -0.65199549
v 70.52274815 9.42026716 16.42528571
v -70.52276495 9.42029761 16.42531616
v 26.91964935 9.1844005 8.85837133
v -26.91964935 9.1844005 8.85837133
v 8.70025781 -3.39109268 13.25199443
v -8.70025781 -3.39109268 13.25199443
v 21.04539641 -128.8586035 -12.50627243
v -21.04538591 -128.8586287 -12.50619054
v 26.49656036 -56.80655283 -11.47474921
v -26.49656036 -56.80655283 -11.47474921
v 18.75871157 -138.63374672 -13.88600537
v -18.75871157 -138.63374672 -13.88600747
v 6.59931453 121.9489829 16.34696409
v -6.59931453 121.9489829 16.34696409
v 19.37299959 -138.74834479 -15.98743419
v -19.37300169 -138.74834479 -15.98743629
v 2.79353875 124.25102237 17.82641288
v -2.79353612 124.25102237 17.82641078
v 30.5850614 -126.23512676 -6.72694922
v -30.5850614 -126.23512676 -6.72694922
v 21.8311154 -130.48503932 -8.5260716
v -21.8311154 -130.48503932 -8.5260716
v 23.57091259 -127.81943551 -16.65234861
v -23.5708874 -127.81943551 -16.65231606
v 25.2910803 85.54447532 6.27644583
v -25.2910803 85.54447532 6.27644583
v 7.06467809 148.30998036 14.51445333
v -7.06467809 148.30998036 14.51445333
v 37.56696612 -138.44417491 26.06831047
v -37.56698712 -138.44419171 26.06829578
v 70.49517575 0.83163301 22.61734671
v -70.49517575 0.83163301 22.61734671
v 5.62314765 128.10721144 -18.7918879
v -5.62324528 128.10716944 -18.79197608
v 6.80749541 85.91146627 11.2503413
v -6.80752585 85.91146627 11.2503308
v 13.7648512 45.59222341 -14.60404054
v -13.7648491 45.59221501 -14.60403634
v 22.5955441 -138.71791688 12.12292218
v -22.5955462 -138.71790008 12.12289803
v 11.31018299 67.08069943 19.82029107
v -11.31018299 67.08069943 19.82029107
v 35.71158614 -131.48712776 -2.48778338
v -35.71166593 -131.48722015 -2.487475
v 17.7337875 -47.80057718 9.68540903
v -17.7337875 -47.80057718 9.68540903
v 25.71084137 -91.83630781 -3.67650547
v -25.71084137 -91.83630781 -3.67650547
v 24.02973736 -137.68534174 -16.51947637
v -24.02973736 -137.68534174 -16.51947637
v 34.44003478 61.72857105 1.91853922
v -34.44003478 61.72857105 1.91853922
v 27.36299771 -138.47461121 -17.30864927
v -27.36299771 -138.47461121 -17.30864927
v 24.77771752 -63.17257801 -16.65581195
v -24.77771752 -63.17257801 -16.65581195
v 7.17891974 13.98850744 18.50946394
v -7.17893076 13.98860402 18.50948283
v 74.06589008 5.61431239 18.98779641
v -74.06589848 5.61431921 18.98775232
v 17.5400626 -93.98215125 -16.59698334
v -17.5400626 -93.98215125 -16.59698334
v 3.25330048 137.49435897 8.64656386
v -3.25330757 137.49435897 8.64655913
v 79.23899521 -4.64944206 5.28217957
v -79.23899521 -4.64944206 5.28217957
v 41.69007334 -138.64465643 4.24468971
v -41.69018253 -138.64473201 4.24489548
v -0.00001144 111.83789813 18.01520573
v 37.85269701 54.15114064 0.31118075
v -37.85269701 54.15114064 0.31118075
v 41.0788067 -138.78987556 15.37096885
v -41.0788193 -138.78985876 15.37085757
v 21.36142502 40.45350609 8.29875885
v -21.36142502 40.45350609 8.29875885
v 3.71784544 127.44999218 27.81487689
v -3.71784597 127.44999218 27.81488319
v 22.85743573 38.41074631 4.63146237
v -22.85743573 38.41074631 4.63146237
v 11.24067038 33.11331971 -11.58069572
v -11.24067038 33.11331971 -11.58069572
v 23.05136849 -141.66463658 -19.04986371
v -23.05139998 -141.66460299 -19.04987841
v 32.99579266 -28.79524041 1.03067457
v -32.99579266 -28.79524041 1.03067457
v 80.07178591 -1.93046173 10.95306347
v -80.07176072 -1.93045819 10.95306137
v 24.06796331 75.47298126 -23.05029978
v -24.06796331 75.47298126 -23.05029978
v 81.98799651 -2.16541492 11.90023807
v -81.98798811 -2.16542581 11.90023283
v 9.08943823 88.63085432 -20.59106696
v -9.08944557 88.63082073 -20.59108376
v 76.62536156 2.85642569 6.018164
v -76.62539515 2.85634538 6.018259
v 47.35449299 62.45427198 -17.78645263
v -47.35449299 62.45427198 -17.78645263
v 75.05456606 7.11389562 3.37713772
v -75.05449887 7.11389982 3.37717945
v 7.37835564 105.43832079 4.68595839
v -7.37835564 105.43832079 4.68595839
v 23.5547664 25.85945771 -0.79030026
v -23.5547664 25.85945771 -0.79030026
v 30.89477852 -109.40499263 -17.35718757
v -30.89477852 -109.40499263 -17.35718757
v 3.54079873 144.41062281 -9.8129251
v -3.54079007 144.41062281 -9.8129272
v 4.91649617 114.75539092 16.06258012
v -4.91649617 114.75539092 16.06258012
v 14.32538227 95.26991599 -0.68127312
v -14.32538227 95.26991599 -0.68127312
v 15.47047474 129.18668402 22.144341
v -15.47047474 129.18668402 22.144341
v 17.25296065 126.68573356 -13.39321691
v -17.25290501 126.68572516 -13.39329565
v 13.29927296 26.92113379 -11.41158904
v -13.29927296 26.92113379 -11.41158904
v 8.54850042 -22.88364757 9.96679262
v -8.54850042 -22.88364757 9.96679262
v 70.55876948 33.5553873 -3.72932362
v -70.55876948 33.5553873 -3.72932362
v 2.16981681 109.94322139 13.35112973
v -2.16981654 109.94322139 13.35112973
v 40.17599318 -135.42930946 3.76093887
v -40.17599738 -135.42930946 3.76094254
v 16.81447295 -6.6960573 16.08962446
v -16.81447295 -6.6960573 16.08962446
v 35.59498503 88.04896157 3.91090239
v -35.59498503 88.04896157 3.91090239
v 32.50289922 -71.23923589 -18.39433467
v -32.50289922 -71.23923589 -18.39433467
v 61.38444512 50.0500082 -1.8221778
v -61.38444512 50.0500082 -1.8221778
v 27.17428045 -134.28170794 -19.52827807
v -27.17428464 -134.28170794 -19.52827177
v 25.77641506 -37.39167182 -13.71542895
v -25.77641506 -37.39167182 -13.71542895
v 39.38943223 -134.97079964 8.91390247
v -39.38945323 -134.97081644 8.91382268
v 24.44972099 -121.54576906 -3.98674041
v -24.44972099 -121.54576906 -3.98674041
v 79.19874941 -1.13379039 6.54161657
v -79.19874941 -1.13379039 6.54161657
v 72.2064536 15.55419347 10.05925634
v -72.2064536 15.55419347 10.05925634
v 22.31747058 22.1616252 -6.0248739
v -22.31747058 22.1616252 -6.0248739
v 6.29529688 92.88517611 5.75362367
v -6.29529688 92.88517611 5.7536242
v 22.52970585 -136.43344715 -0.77666589
v -22.52969536 -136.43343036 -0.77667245
v 33.95611307 -139.14709901 18.51679796
v -33.95611307 -139.14709901 18.51679796
v 33.58502364 -141.73531868 29.40824556
v -33.58494385 -141.73530189 29.40825396
v 7.42534861 150.59248482 -3.29256811
v -7.42537695 150.59250162 -3.29250118
v 31.53136256 -139.32202377 17.04238724
v -31.53136256 -139.32202377 17.04238724
v 11.35531674 63.18710748 -21.85394263
v -11.35530729 63.18707808 -21.85393423
v 73.25325587 2.6002078 20.99663659
v -73.25325587 2.6002078 20.99663659
v 73.58981051 4.98395639 19.65787592
v -73.58981051 4.98395639 19.65787592
v 15.8733348 -50.38204863 -11.78346059
v -15.8733348 -50.38204863 -11.78346059
v 24.5145892 -50.75393172 -12.02560306
v -24.5145892 -50.75393172 -12.02560306
v 23.75634813 -135.5819613 -18.79700891
v -23.75635233 -135.5819865 -18.79700681
v 11.98362087 129.41910518 8.9168577
v -11.98362087 129.41910518 8.9168577
v 12.23337346 131.9323763 0.31469413
v -12.23337346 131.9323763 0.31469413
v 80.41456387 -5.97007029 13.19648744
v -80.41456387 -5.97007344 13.19649164
v 80.36487812 9.98114153 6.07605775
v -80.36492851 9.98085493 6.07603623
v 79.87230382 -5.2863253 13.65320628
v -79.87232902 -5.28627229 13.65318003
v 32.39751226 69.15836354 -15.71706319
v -32.39751226 69.15836354 -15.71706319
v 81.06126815 1.10120563 18.52206594
v -81.06129335 1.10112926 18.52208484
v 28.42536877 -19.30661964 -8.99409696
v -28.42536877 -19.30661964 -8.99409696
v 70.60109812 9.07849388 16.03052815
v -70.60109812 9.07849388 16.03052815
v 76.78563927 2.94590031 5.05451934
v -76.78563927 2.94590031 5.05451934
v 27.92677272 -10.14469887 13.76044302
v -27.92677272 -10.14469887 13.76044302
v 20.17221083 16.0428572 13.04049298
v -20.17221083 16.0428572 13.04049298
v 75.05234885 7.27188474 3.4436943
v -75.05234885 7.27188474 3.4436943
v -0.00001144 106.72836994 19.67087896
v 37.2147902 -139.8420025 18.81190791
v -37.2147902 -139.8420025 18.81190791
v 37.22131586 54.55115045 -11.44346255
v -37.22131586 54.55115045 -11.44346255
v 64.79415527 22.62235433 0.97738683
v -64.79415527 22.62235433 0.97738683
v 22.87351054 -138.82829887 -9.8488278
v -22.87351054 -138.82829887 -9.8488278
v 17.54792048 -69.45047311 -3.33752234
v -17.54792048 -69.45047311 -3.33752234
v 39.69131351 -138.52450693 16.45218098
v -39.69131351 -138.52450693 16.45218098
v 82.02906537 -6.43803372 18.62306677
v -82.02904857 -6.43803477 18.62304157
v 14.35170119 -0.2602619 15.11683747
v -14.35170119 -0.2602619 15.11683747
v 80.74349264 -8.26151028 13.19413795
v -80.74351784 -8.26151185 13.1941411
v 40.5948451 88.80713125 -3.04823913
v -40.5948451 88.80713125 -3.04823913
v 26.8935005 -131.77359352 9.12498504
v -26.8934837 -131.77359352 9.12498609
v 77.10003017 4.03548395 15.01240164
v -77.10000497 4.03550678 15.0123397
v 2.39321794 -2.57036175 -15.71534148
v -2.39321846 -2.57036175 -15.71534253
v 36.6905954 53.75430549 -5.19786349
v -36.6905954 53.75430549 -5.19786349
v 29.96125574 57.62005629 -11.22723377
v -29.96125574 57.62005629 -11.22723377
v 21.85023468 38.70876426 -5.04468727
v -21.85023468 38.70876426 -5.04468727
v 19.48971198 57.13358773 12.75660558
v -19.48971198 57.13358773 12.75660558
v 58.60916479 46.71868162 3.03602766
v -58.60916479 46.71868162 3.03602766
v -0.00001144 151.4214206 5.25930773
v 13.02520449 -22.94185994 12.86747049
v -13.02520449 -22.94185994 12.86747049
v 7.89414979 104.37588885 -6.93516212
v -7.89414979 104.37588885 -6.93516265
v 41.26346537 70.32311488 2.53000599
v -41.26346537 70.32311488 2.53000599
v 6.88884733 103.64188176 -8.71803385
v -6.88884733 103.64188176 -8.71803385
v 3.86231763 148.13739039 -9.74297367
v -3.86231553 148.13739039 -9.74297472
v 17.99702709 97.5527648 -10.05425606
v -17.9970187 97.5527732 -10.05424766
v 38.55461328 -139.08696547 -1.65886283
v -38.55463848 -139.08696547 -1.65883173
v 12.00253962 8.9432816 -19.24118662
v -12.00253962 8.9432816 -19.24118662
v 19.29918273 -135.07948513 -7.85641673
v -19.29921423 -135.07933396 -7.85640781
v 38.47369336 72.38847513 -17.82333901
v -38.47369336 72.38847513 -17.82333901
v 79.03783341 -1.02329042 7.4850155
v -79.03783341 -1.02329042 7.4850155
v 40.33936995 70.97501786 -17.61642632
v -40.33936995 70.97501786 -17.61642632
v 10.62654718 17.53020482 17.95077634
v -10.62655348 17.53022791 17.95077634
v 5.0416197 71.18354518 19.39483579
v -5.04157246 71.18351158 19.39485049
v 8.39004939 106.82762387 -4.09168697
v -8.39004939 106.82762387 -4.09168697
v 30.31664411 -41.95671435 0.14673131
v -30.31664411 -41.95671435 0.14673131
v 36.16884038 -132.7450273 -6.64702033
v -36.16881519 -132.74501051 -6.64709802
v 34.64839622 74.17061146 4.40141064
v -34.64839622 74.17061146 4.40141064
v 22.08040503 -140.34286615 11.9854297
v -22.08039663 -140.34285776 11.98533207
v 9.83011061 123.57710683 13.35095441
v -9.83011061 123.57710683 13.35095441
v 23.66545495 132.73209355 10.46066555
v -23.66545495 132.73209355 10.46066555
v 50.5161439 43.2329563 0.09223688
v -50.5161439 43.2329563 0.09223688
v 19.53609291 -0.45697755 -15.8890999
v -19.53609291 -0.45697755 -15.8890999
v 15.44551953 73.28795023 16.97262478
v -15.44551848 73.28795023 16.97262478
v 32.47800595 -142.83996169 -13.51903437
v -32.47788417 -142.83996169 -13.51942175
v 4.47589676 -11.89148785 10.33834188
v -4.47589676 -11.89148785 10.33834188
v -0.00001144 132.24224878 15.37658957
v 11.05299979 23.84523407 18.68486742
v -11.05299979 23.84523407 18.68486742
v 50.53117728 44.56715236 -14.95557188
v -50.53117728 44.56715236 -14.95557188
v 1.76903316 103.25264308 8.93060821
v -1.76902935 103.25264308 8.93060821
v 28.78870845 -128.55081385 -15.53887244
v -28.78870845 -128.55081385 -15.53887244
v 72.3541587 13.18744431 5.28330235
v -72.3541587 13.18744431 5.28330235
v -0.00001144 112.97142371 20.4396875
v 71.81556041 11.95923886 14.02273673
v -71.8150649 11.95817644 14.02333828
v -0.00001144 111.90967204 19.46114225
v 2.87984738 112.61998686 18.14284462
v -2.87984764 112.61998686 18.14284252
v 39.78858118 -134.59651876 8.27283781
v -39.78826624 -134.59622481 8.27235699
v 48.47010449 50.40605165 -16.75519186
v -48.47010449 50.40605165 -16.75519186
v 30.23322562 -131.60495086 -16.53346834
v -30.23324452 -131.60494247 -16.53343055
v 81.01555491 -1.74774076 19.30680441
v -81.01556331 -1.74787881 19.3068485
v 37.95730921 -137.09947647 26.95622498
v -37.95730921 -137.09949327 26.95622918
v 6.58302084 -17.32656125 -8.90283634
v -6.58302084 -17.32656125 -8.90283634
v 25.54674862 15.46883597 3.02724567
v -25.54674862 15.46883597 3.02724567
v -0.00001144 41.58364286 -13.28756119
v 51.07514644 59.20253835 -15.76348191
v -51.07514644 59.20253835 -15.76348191
v 65.43083589 43.8330067 1.52859861
v -65.43083589 43.8330067 1.52859861
v 43.34551771 50.52064971 2.11867049
v -43.34551771 50.52064971 2.11867049
v 35.41395033 -129.97772558 -3.09836056
v -35.41401751 -129.97781797 -3.09837946
v 6.39318342 125.43011002 -19.5034247
v -6.39318605 125.43011002 -19.5034289
v 27.54567643 78.02516281 7.66628589
v -27.54567643 78.02516281 7.66628589
v 8.24005726 -36.89374766 -5.37935487
v -8.24005726 -36.89374766 -5.37935487
v 71.57014671 14.93981832 5.46228571
v -71.57014671 14.93981832 5.46228571
v 26.69734843 89.08590395 3.86275829
v -26.69734843 89.08590395 3.86275829
v 41.77242522 -140.94523455 11.06435566
v -41.77239582 -140.94523455 11.06444384
v 29.47474729 -17.89714957 -5.68799592
v -29.47474729 -17.89714957 -5.68799592
v 8.90006272 138.1970899 7.65195116
v -8.90006272 138.1970899 7.65195168
v 8.27210923 -31.90490436 6.20671959
v -8.27210923 -31.90490436 6.20671959
v -0.00001144 56.69701069 22.21971579
v 16.12892018 -55.88169734 4.19522914
v -16.12892018 -55.88169734 4.19522914
v 13.4763236 51.76612781 -17.63567997
v -13.47629211 51.76611941 -17.63567787
v 24.20114524 -113.07559079 -18.09818329
v -24.20114524 -113.07559079 -18.09818329
v 49.13481103 66.80948122 -14.50967876
v -49.13481103 66.80948122 -14.50967876
v -0.00001144 141.46757327 8.97951395
v -0.00001144 127.1786354 -7.29903984
v 25.47750267 -134.59256305 -17.78099358
v -25.47750267 -134.59256305 -17.78099358
v 4.06017513 126.84039265 -7.33362554
v -4.06017565 126.84039265 -7.33362554
v 30.8925466 69.55507691 -0.22086247
v -30.8925466 69.55507691 -0.22086247
v 24.65854436 -139.87004522 1.6126046
v -24.65870813 -139.8701796 1.61334918
v 33.0208455 66.71866782 1.48347444
v -33.0208455 66.71866782 1.48347444
v 77.42136666 -6.02731893 4.90577544
v -77.42136666 -6.02731893 4.90577544
v 6.14475307 140.84514076 3.50687546
v -6.14475307 140.84514076 3.50687546
v 4.43983501 134.39649076 16.47929776
v -4.43984236 134.39647397 16.47929461
v 21.89752055 -128.70038343 -13.80357161
v -21.89747436 -128.70038343 -13.80348238
v 18.17525668 131.76148283 19.86787719
v -18.17521049 131.76148283 19.86792968
v 46.82335261 42.0207868 -4.12409929
v -46.82335261 42.0207868 -4.12409929
v 9.40584687 4.88184065 15.42035646
v -9.40584687 4.88184118 15.42035646
v 43.3863808 45.89396191 -6.8347177
v -43.3863808 45.89396191 -6.8347177
v 1.89352982 -12.43163252 -1.2729757
v -1.89352982 -12.43163252 -1.2729757
v 36.94996747 56.66379867 -13.54923552
v -36.94996747 56.66379867 -13.54923552
v 42.99230877 83.06151453 -1.26401774
v -42.99230877 83.06151453 -1.26401774
v 29.2545187 -117.31573584 -17.40911364
v -29.2545187 -117.31573584 -17.40911364
v 28.25285228 -62.81674872 -0.10614074
v -28.25285228 -62.81674872 -0.10614074
v 30.65114951 -68.23216429 -4.94346493
v -30.65114951 -68.23216429 -4.94346493
v 16.9202179 -34.46455011 -16.7704604
v -16.9202179 -34.46455011 -16.7704604
v 8.2446922 96.28753334 2.84534855
v -8.24469325 96.28754174 2.84534592
v 32.65252339 73.94012196 -19.72428527
v -32.65252339 73.94012196 -19.72428527
v 81.5058364 -2.67557445 19.64581352
v -81.5058364 -2.67557445 19.64581352
v 25.49952364 -75.70400826 -23.44398338
v -25.49952364 -75.70400826 -23.44398338
v 12.70275414 -52.41701456 -8.5974555
v -12.70275414 -52.41701456 -8.5974555
v 26.73799106 -110.620194 -4.40350346
v -26.73799106 -110.620194 -4.40350346
v 20.75130688 -58.73697795 -14.06121254
v -20.75130688 -58.73697795 -14.06121254
v 21.8403265 -113.07507008 -8.97457666
v -21.8403265 -113.07507008 -8.97457666
v 75.13278165 6.61754461 7.95008039
v -75.13278165 6.61754461 7.95008039
v 30.29273767 -131.62227705 7.6177901
v -30.29228624 -131.62170595 7.61667835
v 55.13625984 54.28091067 -10.07527025
v -55.13625984 54.28091067 -10.07527025
v 11.31496386 36.46433877 18.00321892
v -11.31496176 36.46433877 18.00322312
v 20.58707555 -133.76728904 -7.18393629
v -20.58708605 -133.76728904 -7.18390427
v 27.92160552 -129.89388297 4.71350349
v -27.92182808 -129.89455486 4.71457641
v 25.96803612 -127.50687549 0.29922202
v -25.96802562 -127.50688389 0.29921703
v 23.76164551 -130.16513058 0.67611261
v -23.76164341 -130.16516417 0.67611675
v 29.79411432 -97.45978458 -4.42934576
v -29.79411432 -97.45978458 -4.42934576
v 57.61838498 44.43459822 3.59347515
v -57.61838498 44.43459822 3.59347515
v 5.72113603 150.73934167 -3.14910821
v -5.72105519 150.73930808 -3.14915256
v 20.99203839 -137.22732743 -5.80337557
v -20.99203629 -137.22731063 -5.80337347
v 47.232605 70.43900632 -10.29549988
v -47.232605 70.43900632 -10.29549988
v 20.10623821 -138.46176985 -8.313819
v -20.10622562 -138.46176985 -8.3138337
v 46.34587048 72.20272465 -2.72551583
v -46.34587048 72.20272465 -2.72551583
v 19.57966873 -139.50777425 -17.22083939
v -19.57967713 -139.50777425 -17.22084674
v 8.29310348 119.25332912 14.97115222
v -8.29310348 119.25332912 14.97115222
v 7.78295367 127.27787253 -6.67577273
v -7.78295681 127.27787253 -6.67577798
v 5.34863826 117.93941133 16.61983576
v -5.34863826 117.93941133 16.61983576
v 37.78831801 56.85475624 -14.88131305
v -37.78831801 56.85475624 -14.88131305
v 32.84850749 -17.85583296 4.89230051
v -32.84850749 -17.85583296 4.89230051
v 38.15363765 60.46131974 3.77853302
v -38.15363765 60.46131974 3.77853302
v 2.36796642 -15.25366436 7.09091775
v -2.36796642 -15.25366436 7.09091775
v 9.22670499 115.37385091 -3.06005693
v -9.22670499 115.37385091 -3.06005693
v 1.65492602 -15.20722464 5.33722255
v -1.65492602 -15.20722464 5.33722255
v 22.27217096 -109.77995379 -7.87802985
v -22.27217096 -109.77995379 -7.87802985
v 17.85600513 -76.12101251 -19.04846116
v -17.85600513 -76.12101251 -19.04846116
v 31.77151877 -131.54831112 -11.04184233
v -31.77151877 -131.54831112 -11.04184233
v 71.83847163 5.33890226 16.89354939
v -71.83847163 5.33890226 16.89354939
v 30.05271373 -128.73423794 -14.05835598
v -30.05271373 -128.73423794 -14.05835598
v 11.71908789 -0.56177641 -19.71799056
v -11.71908789 -0.56177641 -19.71799056
v 31.22801784 -107.88017913 -10.14374249
v -31.22801784 -107.88017913 -10.14374249
v 40.22310058 -140.97855995 17.84454113
v -40.22316357 -140.97854315 17.84424928
v 32.97071882 -100.93782943 -14.98313273
v -32.97071882 -100.93782943 -14.98313273
v 42.0248181 -139.04585462 13.36058859
v -42.0248223 -139.04588822 13.36058859
v 39.13134094 78.61626036 4.32929161
v -39.13134094 78.61626036 4.32929161
v 20.3362112 1.54560408 15.99808039
v -20.3362112 1.54560447 15.99808039
v 38.29293161 77.24398952 4.60764516
v -38.29293161 77.24398952 4.60764516
v 30.81910558 -81.45417699 -23.3283334
v -30.81910558 -81.45417699 -23.3283334
v 39.36130133 -141.28868439 23.11203743
v -39.36126353 -141.28868439 23.11212352
v 21.34895529 44.66150994 9.6416432
v -21.34895529 44.66150994 9.6416432
v 13.41696063 127.70088173 -0.00911558
v -13.41696063 127.70088173 -0.00911558
v 23.28273144 49.28176447 7.11825814
v -23.28273144 49.28176447 7.11825814
v 29.88321232 -138.73317702 28.26719279
v -29.88319552 -138.73317702 28.26717389
v 38.68443789 -135.82352008 0.82962511
v -38.68435391 -135.8233857 0.82956632
v 74.37594733 16.99329988 12.88336367
v -74.39229089 16.99756319 12.88753669
v 15.77968479 -73.49520937 -10.77543018
v -15.77968479 -73.49520937 -10.77543018
v 27.01370878 76.2009414 -22.47201629
v -27.01370878 76.2009414 -22.47201629
v 28.69395614 67.03580504 -2.17137841
v -28.69395614 67.03580504 -2.17137841
v 26.08316329 128.14343433 0.76012831
v -26.08316329 128.14343433 0.76012831
v 31.13899123 -140.18764436 22.73668574
v -31.13899123 -140.18764436 22.73668574
v 25.22714853 128.21667799 -3.40751655
v -25.22714853 128.21667799 -3.40751812
v 64.2404732 28.2745856 -6.18432121
v -64.2404732 28.2745856 -6.18432121
v 78.18593603 2.00657966 16.17645276
v -78.18594443 2.00656588 16.17644961
v 1.91263741 110.32298651 12.3204915
v -1.91263885 110.32298651 12.3204936
v 23.31278771 38.38244324 -0.64791386
v -23.31278771 38.38244324 -0.64791386
v 13.70317128 125.00280077 0.31088378
v -13.70317128 125.00280077 0.31088378
v 14.65136316 124.25983244 -0.93081103
v -14.65136316 124.25983244 -0.93081103
v 79.99322598 -3.86830789 18.67758378
v -79.99320079 -3.86818033 18.67745151
v 29.39812112 -59.89104216 -9.02457106
v -29.39812112 -59.89104216 -9.02457106
v 32.34682497 -133.58929881 15.16421363
v -32.34574576 -133.5893156 15.16441204
v 29.87419859 -60.13077005 -5.98182614
v -29.87419859 -60.13077005 -5.98182614
v 22.91370384 -37.1555931 11.50728304
v -22.91370384 -37.1555931 11.50728304
v 31.7293854 -141.41315074 29.15967611
v -31.7294022 -141.41315074 29.15968451
v 31.79157028 66.48579734 -10.36184729
v -31.79157028 66.48579734 -10.36184729
v 7.38964222 33.0995755 -12.83331783
v -7.38964222 33.0995797 -12.83331783
v 9.81094619 140.59331058 11.09167401
v -9.81094619 140.59331058 11.09167401
v 31.55130489 84.78350052 6.44294319
v -31.55130489 84.78350052 6.44294319
v -0.00001144 108.23158239 -8.2670995
v 35.64863489 89.78919758 -12.692109
v -35.64863489 89.78919758 -12.692109
v 29.25206213 -49.94725628 -0.29651559
v -29.25206213 -49.94725628 -0.29651559
v 33.12484041 63.6973691 -7.09627234
v -33.12484041 63.6973691 -7.09627234
v 14.28624403 -41.65938508 10.91876279
v -14.28624403 -41.65938508 10.91876279
v 49.63986136 64.28863042 0.69912448
v -49.63986136 64.28863042 0.69912448
v 26.0331206 -45.525602 6.15500401
v -26.0331206 -45.525602 6.15500401
v 22.96294238 -141.56286309 15.65956784
v -22.96297177 -141.56287988 15.65968332
v 25.40479862 -17.46519173 -13.13661951
v -25.40479862 -17.46519173 -13.13661951
v 11.20059151 119.46760944 8.11198427
v -11.20059151 119.46760944 8.11198427
v 38.45556932 -139.09216416 2.70352478
v -38.45556932 -139.09216416 2.70352478
v 23.48153115 60.87010601 7.03703482
v -23.48153115 60.87010601 7.03703482
v 3.78074183 112.89482904 17.69143576
v -3.78074157 112.89482904 17.69143576
v 15.37593029 130.3345711 23.70214816
v -15.37591874 130.3345711 23.70215656
v 20.01096729 31.10648048 -5.9227041
v -20.01096729 31.10648048 -5.9227041
v 32.90488478 -134.08327566 25.3876341
v -32.90481339 -134.08324207 25.38753122
v 28.62838245 -135.6762265 -18.63328569
v -28.62834465 -135.6762433 -18.63330039
v 37.63127373 -139.66069485 19.46055226
v -37.63127373 -139.66069485 19.46055226
v 8.66136786 138.09291442 14.34143608
v -8.66136786 138.09291442 14.34143608
v 29.82004271 -138.70437844 -17.93446218
v -29.82005321 -138.70436164 -17.93445588
v 28.18104478 -140.56827454 12.87447592
v -28.18104478 -140.56827454 12.87447592
v 46.8343169 57.53990903 3.6457264
v -46.8343169 57.53990903 3.6457264
v 24.23211905 -142.31501942 5.83062043
v -24.23219254 -142.31496903 5.83041519
v 24.99974969 -97.96810614 -22.42969606
v -24.99974969 -97.96810614 -22.42969606
v 21.53116159 -133.66795952 -1.27249724
v -21.53116579 -133.66795952 -1.27248976
v 13.37883966 -57.05981496 -8.78682523
v -13.37883966 -57.05981496 -8.78682523
v 74.65958278 28.53847609 2.97205363
v -74.65958278 28.53847609 2.97205363
v 1.5263957 -15.99552409 3.6631993
v -1.5263957 -15.99552409 3.6631993
v 48.16443967 44.07115986 -13.86047171
v -48.16443967 44.07115986 -13.86047171
v 19.37471919 -34.66270104 -17.33888715
v -19.37471919 -34.66270104 -17.33888715
v 45.72990065 45.47981317 -13.5522128
v -45.72990065 45.47981317 -13.5522128
v 75.37059467 14.1024987 1.66400116
v -75.38445226 14.10719559 1.66579556
v 70.40107012 -0.2072166 21.17567034
v -70.40107012 -0.2072166 21.17567034
v 50.70299879 60.76534264 1.31512915
v -50.70299879 60.76534264 1.31512915
v 14.2648792 126.94751601 -3.58824418
v -14.2648792 126.94751601 -3.58824418
v 73.0565201 25.45635725 -0.93325356
v -73.0565201 25.45635725 -0.93325356
v 6.31484815 -0.56708665 -19.29782007
v -6.31484815 -0.56708665 -19.29782007
v 40.55625802 -142.46941816 1.90590388
v -40.55619503 -142.46940136 1.90590992
v 7.11908645 5.09281562 -20.39016761
v -7.11908645 5.09281562 -20.39016761
v -0.00001144 -4.04743245 14.27624032
v 27.93855797 -126.97496244 -0.81549181
v -27.93859156 -126.97502122 -0.81542639
v 6.51976725 148.68515988 -7.46530676
v -6.51982131 148.68515988 -7.46526267
v 27.08735977 -71.40908794 -22.13311216
v -27.08735977 -71.40908794 -22.13311216
v -0.00001144 113.19936005 17.33559703
v 73.58417509 26.91892497 7.79543862
v -73.58417509 26.91892497 7.79543862
v 44.50704822 82.76213182 -7.53296171
v -44.50704822 82.76213182 -7.53296171
v 21.43130297 -137.06215337 -4.70436956
v -21.43128197 -137.06211137 -4.70439213
v 4.09437529 59.69765321 -19.85697588
v -4.09440574 59.69761541 -19.85696328
v 3.89297308 129.89379059 27.44147576
v -3.89276128 129.89379059 27.44151565
v 44.57591204 70.28245756 0.80977759
v -44.57591204 70.28245756 0.80977759
v -0.00001144 129.52577502 28.79388615
v 9.69670402 137.48314692 -1.50424337
v -9.69670507 137.48314692 -1.50424468
v 1.94824511 110.14674318 15.52846245
v -1.94824301 110.14674318 15.52845615
v 29.14831918 70.05178329 -2.78798679
v -29.14831918 70.05178329 -2.78798679
v 24.29559731 -135.3739043 9.63931155
v -24.29559311 -135.37386231 9.63914148
v 25.21674694 -122.33302289 -17.18895434
v -25.21674694 -122.33302289 -17.18895434
v 38.49320317 -139.26891141 13.2858311
v -38.49320317 -139.26891141 13.2858311
v -0.00001144 115.52561251 21.36920417
v 5.24506276 13.36860814 18.79664777
v -5.24505646 13.36845697 18.79661627
v 79.35131727 -11.2989195 14.43793424
v -79.35131727 -11.2989195 14.43793424
v 80.72156406 -8.13759351 15.90009779
v -80.72158086 -8.13759929 15.90009569
v 11.61587195 -11.97824265 -12.90193074
v -11.61587195 -11.97824265 -12.90193074
v 13.2685322 97.01563626 -2.24498557
v -13.2685322 97.01563626 -2.24498557
v 9.38413875 131.03366546 9.81398856
v -9.38413455 131.03366546 9.81399171
v 20.37239001 -138.06792037 -6.08479905
v -20.3723963 -138.06792037 -6.08480115
v 10.63786316 130.38756588 6.27858221
v -10.63786316 130.38756588 6.27858221
v 29.67573482 -30.22512733 -5.13535685
v -29.67573482 -30.22512733 -5.13535685
v 4.17687755 147.09719777 17.26478055
v -4.17687755 147.09719777 17.26478055
v 30.09113494 -129.30112251 -14.95699753
v -30.09115594 -129.3011393 -14.95696498
v 15.87638871 131.37355432 -2.11849596
v -15.87638871 131.37355432 -2.11849701
v 79.83231838 -5.2034501 14.7982431
v -79.83230998 -5.20346637 14.7982578
v 24.25554888 -140.87409053 6.57869402
v -24.25564966 -140.87410732 6.57872656
v 16.41085492 -64.79662444 -1.69374472
v -16.41085492 -64.79662444 -1.69374472
v 1.51155128 118.33757765 19.99097667
v -1.51155141 118.33757765 19.99097667
v 24.82465066 -140.26451619 -13.3553521
v -24.82465066 -140.26451619 -13.3553521
v 16.5032483 -33.51046561 12.94601677
v -16.5032483 -33.51046561 12.94601677
v 36.43123593 -138.98509959 20.02553665
v -36.43123593 -138.98509959 20.02553665
v 81.85095756 4.16078674 7.41862453
v -81.85096595 4.16083581 7.41863765
v 28.95539635 2.76785365 7.9434214
v -28.95539635 2.76785365 7.9434214
v 82.59250653 3.54735668 9.11763842
v -82.59249814 3.54748371 9.11763632
v 22.51836783 -73.13752401 -0.97743886
v -22.51836783 -73.13752401 -0.97743886
v 4.42480425 105.1273481 10.84091359
v -4.42480057 105.1273481 10.84089049
v -0.00001144 137.25937625 10.28161185
v 7.78529423 49.86169616 21.0023182
v -7.78529056 49.86171296 21.0023224
v 11.76392769 121.71196774 6.53432611
v -11.76392769 121.71196774 6.53432611
v 11.17690553 54.98345683 19.72302549
v -11.17691707 54.98349882 19.72302339
v 78.01807444 4.46761265 3.35856593
v -78.01809124 4.4675927 3.35856855
v 32.03732412 65.99153913 -2.97305909
v -32.03732412 65.99153913 -2.97305909
v 77.6694343 13.0366706 2.62804449
v -77.66938391 13.03681022 2.62798544
v 27.18765932 -47.85574298 -9.67238185
v -27.18765932 -47.85574298 -9.67238185
v 78.25693728 16.39066798 7.83666022
v -78.25648376 16.3902785 7.83586341
v 28.7614426 -47.83355824 -6.22418802
v -28.7614426 -47.83355824 -6.22418802
v 22.31666642 -137.9758052 12.63801611
v -22.31661393 -137.97592278 12.63791428
v 23.07180843 74.73238132 12.78639309
v -23.07180843 74.73238132 12.78639309
v 30.53874766 -40.17557745 6.12454146
v -30.53874766 -40.17557745 6.12454146
v 35.69121129 -84.03863412 -20.13281749
v -35.69121129 -84.03863412 -20.13281749
v 8.16457959 76.71277355 -23.55081909
v -8.16457854 76.71277355 -23.55081909
v 29.95366136 94.74210143 -7.26007272
v -29.95366136 94.74210143 -7.26007272
v 45.82842811 76.67408148 -3.52491342
v -45.82842811 76.67408148 -3.52491342
v 2.4680707 0.27596197 -17.42157077
v -2.4680707 0.2759621 -17.42157077
v 70.18207822 -1.11400527 22.70230002
v -70.18207822 -1.11400527 22.70230002
v 35.52143063 -78.60130256 -15.82396818
v -35.52143063 -78.60130256 -15.82396818
v 50.61581775 41.30277473 -0.67402702
v -50.61581775 41.30277473 -0.67402702
v 30.75165272 -65.46260336 -12.51546778
v -30.75165272 -65.46260336 -12.51546778
v 30.03668092 -130.57319878 4.57564043
v -30.03668092 -130.57319878 4.57564043
v 7.53949787 21.80683313 20.00820207
v -7.53951362 21.80686252 20.00820207
v 27.49417239 -126.398092 -1.53605166
v -27.49417239 -126.398092 -1.53605166
v 30.79243392 -141.70951837 28.97424687
v -30.79242972 -141.70951837 28.97424057
v 8.98480188 2.07086588 -20.28518798
v -8.98480188 2.07086588 -20.28518798
v 36.54251237 -140.87657649 5.15713268
v -36.54251237 -140.87657649 5.15713268
v 38.0642436 -132.66623221 2.53892445
v -38.0642436 -132.66623221 2.53881632
v 79.74892089 -0.78679663 14.69618826
v -79.74892929 -0.78679807 14.69620086
v 42.23836775 -141.28352769 5.35722419
v -42.23753629 -141.2834437 5.35323804
v 30.03363015 -3.39045623 9.73406597
v -30.03363015 -3.39045623 9.73406597
v 21.30321475 -108.39999829 -9.41212058
v -21.30321475 -108.39999829 -9.41212058
v 24.43721977 -123.95620007 -3.23727423
v -24.43721977 -123.95620007 -3.23727423
v 24.36584898 -138.12369507 -18.52368476
v -24.36584898 -138.12369507 -18.52368476
v 29.24424939 -123.38210116 -5.58092242
v -29.24424939 -123.38210116 -5.58092242
v 19.98750387 -48.9550949 -13.59516817
v -19.98750387 -48.9550949 -13.59516817
v 51.82861294 50.55938377 1.9932101
v -51.82861294 50.55938377 1.9932101
v 4.28500847 -8.50790241 -9.79626554
v -4.285009 -8.50790241 -9.79626554
v 41.46390909 -139.29175544 12.93326044
v -41.46390909 -139.29175544 12.93326044
v 71.56742559 11.07641176 14.98466127
v -71.56742559 11.07641176 14.98466127
v 34.37944142 -136.82644838 18.32960083
v -34.37944142 -136.82644838 18.32960083
v 81.13137916 -0.47976639 15.54304231
v -81.13137916 -0.47976639 15.54304231
v 55.36100054 49.54371909 -12.65364474
v -55.36100054 49.54371909 -12.65364474
v 29.53345517 -135.70300944 16.13991071
v -29.53345517 -135.70300944 16.13991071
v 37.37293468 -137.91347125 24.8473981
v -37.37293888 -137.91345445 24.84734771
v 31.79643514 -137.47473998 18.30992095
v -31.79643514 -137.47473998 18.30992095
v 7.75574765 109.61294045 -4.33657051
v -7.75574765 109.61294045 -4.33657051
v 17.898697 -137.06264048 -12.97421486
v -17.898697 -137.06262368 -12.97422326
v 31.38301287 91.33932428 1.88128895
v -31.38301287 91.33932428 1.88128895
v 7.46933858 -34.52016943 1.67697835
v -7.46933858 -34.52016943 1.67697835
v 31.72643962 -128.40576269 -0.99163062
v -31.72647531 -128.40587187 -0.99145301
v 23.15738115 -57.73114376 6.08071946
v -23.15738115 -57.73114376 6.08071946
v 80.87406473 -5.48987334 10.68316068
v -80.87402273 -5.4898072 10.68317853
v 31.28150393 -132.6105583 7.86200019
v -31.28153123 -132.61047431 7.86172671
v 71.73380904 5.25454366 21.70578191
v -71.73380904 5.25454523 21.70578191
v 15.95083336 96.22898712 -13.35441986
v -15.95083441 96.22899552 -13.35441461
v 15.30552534 -84.73509135 -13.08191667
v -15.30552534 -84.73509135 -13.08191667
v 8.14250036 41.37491398 -13.65415111
v -8.14250403 41.37491818 -13.65415111
v 32.42844197 -33.82287236 5.5254359
v -32.42844197 -33.82287236 5.5254359
v 23.77615189 -34.25934022 -16.04434794
v -23.77615189 -34.25934022 -16.04434794
v 9.31777245 128.02220982 24.92344057
v -9.31777245 128.02220982 24.92344057
v 12.42130861 139.56653043 3.01167846
v -12.42130861 139.56653043 3.01167846
v 26.7888946 -28.42596297 13.23629231
v -26.7888946 -28.42596297 13.23629231
v 6.37173093 136.28669949 -7.67938761
v -6.37173408 136.28669949 -7.67938341
v 23.84096341 -140.80906904 6.24348892
v -23.84092562 -140.80911943 6.24364481
v 71.08660924 5.45602145 20.6351089
v -71.08660924 5.45602145 20.6351089
v 14.01142075 126.57366346 0.39490985
v -14.01142075 126.57366346 0.39490985
v 5.01204583 -25.6543633 -4.76825199
v -5.01204583 -25.6543633 -4.76825199
v 23.45894748 -133.713488 -0.24558055
v -23.45894748 -133.713488 -0.24558055
v 32.28471148 -130.08479856 2.86331197
v -32.28470308 -130.08491613 2.86395341
v 13.09648289 9.78454013 15.96902775
v -13.09647659 9.78455588 15.96902985
v 32.69991004 -131.24189883 3.9011173
v -32.69977986 -131.24184004 3.90110785
v 23.16496083 -22.27028969 15.79673382
v -23.16496083 -22.27028969 15.79673382
v 2.01772911 136.54513932 -1.88908515
v -2.01773174 136.54512252 -1.88911481
v 18.89887478 -138.56407245 -11.41082688
v -18.89887058 -138.56407245 -11.41083947
v 11.4946044 117.0274812 1.35470175
v -11.4946044 117.0274812 1.35470175
v 24.50288374 -138.27422208 18.93932214
v -24.50288794 -138.27417169 18.93931795
v 28.23625257 -35.67135714 10.37072664
v -28.23625257 -35.67135714 10.37072664
v 71.81723172 7.06910149 13.42608984
v -71.81733251 7.06902433 13.42609299
v 1.26373271 -11.10155594 0.63488241
v -1.26373271 -11.10155594 0.63488235
v -0.00001144 124.90272378 -20.23425924
v 26.57069006 -16.38960872 -11.57159381
v -26.57069006 -16.38960872 -11.57159381
v 10.66799922 101.29136592 -5.25488327
v -10.66799922 101.29136592 -5.25488327
v 52.7116563 51.02119842 -15.21959149
v -52.7116563 51.02119842 -15.21959149
v 10.11359698 128.0666129 -5.90682824
v -10.11359698 128.0666129 -5.90682824
v 7.29115413 81.74481682 -22.85723837
v -7.29116096 81.74481682 -22.85724047
v 20.29372509 -102.34161159 -16.73583428
v -20.29372509 -102.34161159 -16.73583428
v 36.04511311 -135.95590624 20.50894395
v -36.04509211 -135.95590624 20.50892715
v 43.91957883 59.05353148 4.03460814
v -43.91957883 59.05353148 4.03460814
v 76.81453024 -13.12682471 14.70739086
v -76.81453024 -13.12682471 14.70739086
v 31.23990807 -133.91475058 23.34292586
v -31.23987027 -133.91472539 23.3427054
v 19.13363284 125.55006635 -12.86930557
v -19.13363284 125.55006635 -12.86930557
v 64.6365147 23.67013713 3.12603585
v -64.6365147 23.67013713 3.12603585
v 6.51911059 -24.71489015 7.50606539
v -6.51911059 -24.71489015 7.50606539
v 67.71092578 22.73320665 6.28165503
v -67.71092578 22.73320665 6.28165503
v -0.00001144 117.8062357 -8.18429096
v 27.04451462 -139.59297743 22.35849324
v -27.04453352 -139.59297743 22.35852894
v 14.04928136 127.55514189 4.94294002
v -14.04928136 127.55514189 4.94294002
v 27.34865721 -138.20232219 22.23454971
v -27.34864461 -138.2022718 22.23449722
v 80.18026144 12.99376351 9.18716992
v -80.18024464 12.9938307 9.18719197
v 23.28628192 -50.28117378 7.09353547
v -23.28628192 -50.28117378 7.09353547
v 12.91361311 -42.67446607 -11.0017771
v -12.91361311 -42.67446607 -11.0017771
v 25.62854829 -129.39833559 3.6894387
v -25.62855879 -129.3983188 3.68944762
v 2.48665772 138.70958553 -7.44621635
v -2.48666717 138.70966112 -7.44613499
v -0.00001144 138.33511988 -8.13451492
v 18.21965766 97.90515069 -5.92680259
v -18.21965766 97.90515069 -5.92680259
v 24.7577269 -131.57812593 4.50082992
v -24.7577269 -131.57814273 4.50085984
v 22.23421377 96.36527021 -4.45968863
v -22.23421377 96.36527021 -4.45968863
v 36.16375087 -141.24025842 8.85495207
v -36.1670137 -141.24025842 8.85324717
v 7.20280466 -15.11736868 11.42285778
v -7.20280466 -15.11736868 11.42285778
v 25.94505562 50.76171717 -3.41223994
v -25.94505562 50.76171717 -3.41223994
v 19.07622043 -83.93524811 -21.24925414
v -19.07622043 -83.93524811 -21.24925414
v 13.37150669 88.85276051 -20.14833589
v -13.37151614 88.85276051 -20.14833379
v 17.98532583 -88.26589582 -19.27368897
v -17.98532583 -88.26589582 -19.27368897
v 29.23868116 -135.47714754 25.39560642
v -29.23850899 -135.47728192 25.39558542
v 26.97649696 -86.75980267 -24.36340291
v -26.97649696 -86.75980267 -24.36340291
v 5.06587258 43.33449883 20.8914428
v -5.06589831 43.33451143 20.8914428
v 25.8543472 -79.1844299 -23.91737541
v -25.8543472 -79.1844299 -23.91737541
v 16.03849626 -43.7760898 10.91862002
v -16.03849626 -43.7760898 10.91862002
v 39.15824986 -134.15979475 5.34707928
v -39.15824986 -134.15977795 5.34707718
v 17.09790893 8.56625703 -16.57717014
v -17.09790893 8.56625703 -16.57717014
v 22.1001206 68.53860597 14.5494091
v -22.1001206 68.53860597 14.5494091
v 47.04046743 71.41956091 -8.40173963
v -47.04046743 71.41956091 -8.40173963
v 23.59874535 -71.79446328 -0.12013366
v -23.59874535 -71.79446328 -0.12013366
v 9.20666083 -41.63950574 -4.3558155
v -9.20666083 -41.63950574 -4.3558155
v 31.31075184 -137.97328564 -16.90971448
v -31.31075604 -137.97333603 -16.90968613
v 60.74195271 49.53246085 -0.07809191
v -60.74195271 49.53246085 -0.07809191
v 35.69255085 -139.35846503 -5.39491631
v -35.69250466 -139.35848183 -5.39494623
v 82.63025797 2.17319184 15.39290164
v -82.63025797 2.17319184 15.39290164
v 25.20991892 66.65253773 3.97273899
v -25.20991892 66.65253773 3.97273899
v 82.30002742 -1.2939063 14.46586883
v -82.30002742 -1.2939063 14.46586883
v 5.84130757 152.28421928 2.17391569
v -5.84131124 152.28421928 2.17392159
v 12.08137146 -52.32442068 0.97330219
v -12.08137146 -52.32442068 0.97330219
v 25.86399922 2.73414848 12.94150151
v -25.86399922 2.73414848 12.94150151
v 19.46583494 127.00439931 5.46426619
v -19.46583494 127.00439931 5.46426619
v 2.98249248 147.17313736 -10.29288374
v -2.98249458 147.17315415 -10.29288269
v 27.51722008 75.7492092 6.33447659
v -27.51722008 75.7492092 6.33447659
v 8.41526915 107.55576878 4.17229326
v -8.41526915 107.55576878 4.17229326
v 29.09382106 77.19227132 6.09277714
v -29.09382106 77.19227132 6.09277714
v 20.8713262 28.51258759 -5.34565678
v -20.8713262 28.51258759 -5.34565678
v 24.52486902 -11.72383937 -11.47840257
v -24.52486902 -11.72383937 -11.47840257
v 26.24736732 -50.12878649 4.60943982
v -26.24736732 -50.12878649 4.60943982
v 73.37335497 15.53885354 1.90254079
v -73.37335497 15.53885354 1.90254079
v 27.96322028 -132.80841107 9.61712576
v -27.96322028 -132.80841107 9.61712576
v 82.20168053 -2.06523755 12.2825574
v -82.20168053 -2.06523755 12.2825574
v 2.13202693 149.66481583 -0.35636614
v -2.13192641 149.66474864 -0.35638861
v 23.7030489 -13.3970162 16.38289094
v -23.7030489 -13.3970162 16.38289094
v 26.33074591 -126.14186099 -1.52531937
v -26.33074591 -126.14186099 -1.52531937
v 21.55833926 -112.67725649 -13.18208605
v -21.55833926 -112.67725649 -13.18208605
v 9.61299788 26.24739461 -12.90298686
v -9.61299788 26.24739671 -12.90298686
v 82.39013534 1.10872876 9.46503557
v -82.39013534 1.10872876 9.46503557
v 74.58383636 16.27416136 1.58072558
v -74.58383636 16.27416136 1.58072558
v 79.99525003 4.67348708 18.01284154
v -79.99520804 4.67352068 18.01283524
v 49.65781744 51.37832529 2.8934126
v -49.65781744 51.37832529 2.8934126
v 18.81310681 -136.61929842 -14.6013971
v -18.81310471 -136.61933201 -14.6013992
v 35.27471515 -133.88989931 2.25307231
v -35.27471515 -133.88989931 2.25307231
v 22.30721387 -119.23368494 -13.33337207
v -22.30721387 -119.23368494 -13.33337207
v 75.35411674 10.62267021 17.06105299
v -75.35411674 10.62267021 17.06105299
v 21.76219699 -120.64744456 -10.44419286
v -21.76219699 -120.64744456 -10.44419286
v 26.07438262 -32.97463674 -13.59707044
v -26.07438262 -32.97463674 -13.59707044
v 31.51566359 69.89687645 -19.48400728
v -31.51566359 69.89687645 -19.48400728
v 34.9175127 -135.6336879 -10.3767064
v -34.9175043 -135.63376349 -10.37673475
v 80.00964513 -1.63557723 16.95837876
v -80.00965352 -1.63561056 16.95839766
v 37.12191916 -135.85004266 -3.69698636
v -37.12196535 -135.85010145 -3.69690841
v 33.51300197 93.38122741 -5.54460347
v -33.51300197 93.38122741 -5.54460347
v 35.13697492 -133.9117607 -8.90208572
v -35.13697072 -133.9117607 -8.90210672
v 75.15575165 8.19442852 18.24404072
v -75.15576845 8.1944049 18.24402602
v 41.76006257 85.77422575 -0.87293624
v -41.76006257 85.77422575 -0.87293624
v 2.51435374 129.19154677 -11.11216329
v -2.51435925 129.19154677 -11.11216224
v 18.23629516 -77.55612961 -20.06706323
v -18.23629516 -77.55612961 -20.06706323
v 5.18594912 110.42099746 15.71837231
v -5.18595069 110.42099746 15.71837021
v 34.3054356 -136.81114624 28.84860473
v -34.30546709 -136.81114624 28.84859633
v -0.00001144 96.53492909 -14.89630129
v 5.11359256 96.84316386 -15.00526918
v -5.11359676 96.84323105 -15.00522824
v 27.88848168 -119.76173466 -4.33267937
v -27.88848168 -119.76173466 -4.33267937
v 72.63887756 9.37440694 8.89452389
v -72.63883557 9.3743534 8.89470026
v 37.82352468 52.96260464 -1.50456724
v -37.82352468 52.96260464 -1.50456724
v 73.42544271 8.81146129 6.75191388
v -73.4255267 8.81132166 6.75186296
v 69.12498775 39.19406962 -2.95448205
v -69.12498775 39.19406962 -2.95448205
v 16.32903321 30.45366417 -8.93119611
v -16.32903321 30.45366417 -8.93119611
v 63.98562794 44.18190719 -7.39997767
v -63.98562794 44.18190719 -7.39997767
v 15.76625028 20.86291086 -12.9417923
v -15.76625028 20.86291086 -12.9417923
v 17.34556609 -66.32711115 -14.22510477
v -17.34556609 -66.32711115 -14.22510477
v 37.85971399 -136.74595678 13.27486365
v -37.85971399 -136.74595678 13.27486365
v 43.99833613 57.31215326 -18.01994461
v -43.99833613 57.31215326 -18.01994461
v 16.10932744 -62.32862984 -12.05018558
v -16.10932744 -62.32862984 -12.05018558
v 41.9093172 56.94961354 -17.5636394
v -41.9093172 56.94961354 -17.5636394
v 40.72148667 85.07629038 -12.84132373
v -40.72148667 85.07629038 -12.84132373
v 33.53808631 -141.09108357 -10.35010403
v -33.53809471 -141.09113396 -10.35019012
v 34.21189267 -139.71652833 -10.09638943
v -34.21191577 -139.71654513 -10.09632119
v 71.96533995 14.75114724 9.23884928
v -71.96533995 14.75114724 9.23884928
v 30.63309055 -131.21831573 -17.03725259
v -30.63307795 -131.21835773 -17.03727568
v 28.71072802 -134.48339884 22.42268537
v -28.71072592 -134.48339044 22.42271687
v 4.98983956 -7.34412477 -13.98343052
v -4.98984114 -7.34412424 -13.98343367
v 23.61336721 45.39092303 -4.98936085
v -23.61336721 45.39092303 -4.98936085
v -0.00001144 132.83661337 -11.92760366
v 34.06560902 65.37014385 -12.47362941
v -34.06560902 65.37014385 -12.47362941
v 6.41143922 130.71634347 -12.38335562
v -6.41143555 130.71632668 -12.38335772
v 38.86032429 89.23803508 0.01281632
v -38.86032429 89.23803508 0.01281632
v 23.42579634 -43.06880266 -14.98546543
v -23.42579634 -43.06880266 -14.98546543
v 9.85389842 -6.91007096 -17.25078648
v -9.85389842 -6.91007096 -17.25078648
v 79.4500085 1.05178955 3.92445028
v -79.4500085 1.05178955 3.92445028
v 16.95944117 11.53497513 15.30167461
v -16.95944432 11.53497618 15.30167461
v 83.24748337 -0.2144462 12.60649639
v -83.24749177 -0.21460016 12.60653104
v 15.87966834 -78.76183223 -15.46273549
v -15.87966834 -78.76183223 -15.46273549
v 29.15614872 -61.50461981 -1.8442216
v -29.15614872 -61.50461981 -1.8442216
v 80.14615497 -2.43829368 10.13235932
v -80.14615497 -2.43829368 10.13235932
v 2.90467582 99.69228415 6.26637703
v -2.9046774 99.69228415 6.26637651
v 20.44158347 125.65169707 -7.31135367
v -20.44158347 125.65169707 -7.31135367
v 41.73147814 -137.25514339 16.49015707
v -41.73147814 -137.25514339 16.49015288
v 40.02977042 -140.61686008 1.59425786
v -40.02981661 -140.61686848 1.59430274
v 23.48422708 53.53250848 -15.0588928
v -23.48422708 53.53250848 -15.05889175
v 78.43434801 8.33285061 3.11937738
v -78.43433121 8.33288106 3.11937554
v 7.10471392 101.36820415 -11.21264026
v -7.10470342 101.36818736 -11.21266231
v 30.66043199 -64.53036136 -9.1284064
v -30.66043199 -64.53036136 -9.1284064
v 27.17629609 8.10606697 3.0556658
v -27.17629609 8.10606697 3.0556658
v 6.42636867 108.47272124 13.38875624
v -6.42636867 108.47272124 13.38875624
v 22.60372218 -130.42236942 -13.56650606
v -22.60372218 -130.42236942 -13.56650606
v 37.68818643 89.22531129 1.45869705
v -37.68818643 89.22531129 1.45869705
v 11.2629643 143.22399327 -2.2257495
v -11.2629643 143.22399327 -2.2257495
v 34.00548598 67.38457536 2.69380636
v -34.00548598 67.38457536 2.69380636
v 11.59424256 134.85327889 4.38949496
v -11.59424256 134.85327889 4.38949496
v 5.62538166 -0.76784355 13.72856216
v -5.62538219 -0.76784276 13.72856216
v 19.67940348 -78.9390414 -4.48115897
v -19.67940348 -78.9390414 -4.48115897
v 8.24227815 0.4941665 13.86046331
v -8.24227815 0.49416641 13.86046331
v 75.38519133 5.65656019 12.70171063
v -75.38519133 5.65656019 12.70171063
v 75.68980633 -5.52406431 5.05131162
v -75.68980633 -5.52406431 5.05131162
v -0.00001144 129.44896198 -11.35923045
v 22.71361706 -141.2202699 13.33132283
v -22.71361286 -141.2202699 13.33131128
v 33.5128529 -131.93988459 -12.86831454
v -33.51289909 -131.939809 -12.86814552
v 32.10651549 -127.14622544 -10.34862694
v -32.10651549 -127.14622544 -10.34862694
v 53.96552034 37.85537614 -10.86737843
v -53.96552034 37.85537614 -10.86737843
v 22.80011151 92.84939834 -13.39084642
v -22.80011151 92.84939834 -13.39084642
v 28.13232905 -133.71264815 11.23384237
v -28.13245083 -133.71251377 11.23326497
v 28.89439776 94.55092549 -8.77056461
v -28.89439776 94.55092549 -8.77056461
v 80.56011055 -1.34809065 11.49817378
v -80.56011055 -1.34809065 11.49817378
v 18.87257686 -38.83150471 -16.57627149
v -18.87257686 -38.83150471 -16.57627149
v 24.68052123 -132.08671624 3.72968292
v -24.68052123 -132.08671624 3.72968292
v 24.57516576 -139.95195617 3.44912238
v -24.57516996 -139.95197297 3.44910795
v 14.0777923 120.27423029 -0.01199752
v -14.0777923 120.27423029 -0.01199752
v 24.62537223 128.25351398 4.84625552
v -24.62537223 128.25351398 4.84625552
v 27.98245503 82.97537912 7.33405754
v -27.98245503 82.97537912 7.33405754
v 47.25864047 47.05290147 1.80862033
v -47.25864047 47.05290147 1.80862033
v 79.62394223 -5.09118053 7.89558699
v -79.62394223 -5.09118788 7.89558332
v 19.23711543 129.76558689 13.26120658
v -19.23711543 129.76558689 13.26120658
v 9.00058483 126.83424492 -19.52196447
v -9.00058483 126.83424492 -19.52196447
v 11.05648728 134.43510725 7.80198003
v -11.05648728 134.43510725 7.80198003
v 19.281571 93.39659673 0.3110903
v -19.281571 93.39659673 0.3110903
v 16.44212163 90.78892604 3.25772782
v -16.44212163 90.78892604 3.25772782
v 11.6523636 -24.56812989 -14.14340274
v -11.6523636 -24.56812989 -14.14340274
v 21.05911962 85.05001975 7.03213165
v -21.05911962 85.05001975 7.03213165
v -0.00001144 62.34121085 21.58175229
v 32.16088973 -94.64707196 -7.48894025
v -32.16088973 -94.64707196 -7.48894025
v 14.12634215 129.16835841 13.65607543
v -14.12634215 129.16835841 13.65607543
v 29.78532945 -109.98525607 -5.93809758
v -29.78532945 -109.98525607 -5.93809758
v 9.86187493 129.06816384 21.19571556
v -9.86190642 129.06816384 21.19569036
v -0.00001144 -7.03193114 5.41398939
v 35.61844635 71.82225405 -17.69968943
v -35.61844635 71.82225405 -17.69968943
v 1.17216712 -6.99832438 7.03141358
v -1.17216896 -6.99832333 7.03140675
v 82.52117774 -6.33818402 14.29982552
v -82.52117774 -6.33818402 14.29982552
v 30.08179157 -138.79347853 -18.2073706
v -30.08193644 -138.79349533 -18.20724882
v 2.99362527 0.50898153 16.42116413
v -2.99363236 0.50899048 16.42116413
v 4.10330346 124.23459483 17.88249202
v -4.10330346 124.23459483 17.88249202
v 73.72353205 24.30131671 9.17548335
v -73.72353205 24.30131671 9.17548335
v 7.65313168 123.00689644 15.56472944
v -7.65313168 123.00689644 15.56472944
v 70.12773548 31.60178011 6.48854463
v -70.12773548 31.60178011 6.48854463
v 9.99084499 126.30531335 13.46758492
v -9.99084499 126.30531335 13.46758492
v 45.77815026 73.03074498 -11.43343364
v -45.77815026 73.03074498 -11.43343364
v 80.38803289 -2.7261179 5.18463475
v -80.38802449 -2.72614021 5.18462215
v -0.00001144 132.34256093 -4.78278094
v 7.95348442 135.56961545 1.81596655
v -7.95348442 135.56961545 1.81596655
v 47.74891357 39.17384594 -8.38139732
v -47.74891357 39.17384594 -8.38139732
v 8.71343617 129.08113118 -1.69175427
v -8.71343617 129.08113118 -1.69175427
v 21.8345567 35.07748177 7.51174123
v -21.8345567 35.07748177 7.51174123
v 79.24351362 -1.97454881 7.98702871
v -79.24351362 -1.9745286 7.98700876
v 75.58874672 5.32571288 14.11576839
v -75.58874672 5.32571288 14.11576839
v 25.30939332 -66.49284371 1.55150641
v -25.30939332 -66.49284371 1.55150641
v 42.91993436 -139.1195686 5.68419505
v -42.91992176 -139.1195602 5.68416828
v 27.37235578 -65.52253114 0.32789105
v -27.37235578 -65.52253114 0.32789105
v 69.30674892 23.06033393 7.83094502
v -69.30674892 23.06033393 7.83094502
v 24.99721963 -55.47863887 5.77869699
v -24.99721963 -55.47863887 5.77869699
v 43.67423232 81.47576963 -11.6575371
v -43.67423232 81.47576963 -11.6575371
v 19.20099122 -136.96918154 -9.1734761
v -19.20099962 -136.96914795 -9.17346036
v 19.05475796 130.79625557 2.39999372
v -19.05475796 130.79625557 2.39999425
v 77.21067252 -8.06547578 9.07149685
v -77.21067252 -8.06547788 9.07151679
v -0.00001144 149.53710765 1.44486032
v 29.57655437 -138.79970185 22.28584378
v -29.57655437 -138.79970185 22.28584378
v 78.15306415 14.8143641 3.23519848
v -78.15312294 14.81421397 3.2352284
v 12.27550683 -54.68237342 -2.08752281
v -12.27550683 -54.68237342 -2.08752281
v 11.10152339 76.35395438 -23.74457968
v -11.10152339 76.35395438 -23.74457968
v 15.56532049 66.64746921 18.56596511
v -15.56531524 66.64746921 18.5659672
v 46.76287473 69.43625859 -0.94103782
v -46.76287473 69.43625859 -0.94103782
v 18.77661305 -20.60794802 15.99744
v -18.77661305 -20.60794802 15.99744
v 40.41533054 50.23422595 -12.53801261
v -40.41533054 50.23422595 -12.53801261
v 14.26738616 121.02647901 -0.82377086
v -14.26738616 121.02647901 -0.82377086
v 19.57303599 -132.82598922 -14.80051805
v -19.57298979 -132.82611519 -14.8005548
v 81.87975615 -0.96349532 16.22262057
v -81.87972255 -0.96351304 16.22260483
v 30.28339429 -125.42216501 -13.77617663
v -30.28339429 -125.42216501 -13.77617663
v 78.84285294 0.58430818 13.09037295
v -78.84285294 0.58430818 13.09037295
v 21.42176432 -112.34805057 -10.64671837
v -21.42176432 -112.34805057 -10.64671837
v 30.30188997 -122.39766644 -13.61009028
v -30.30188997 -122.39766644 -13.61009028
v 30.31156929 -140.11511458 16.70372877
v -30.31156929 -140.11511458 16.70372877
v 4.44485891 34.66355559 20.38751367
v -4.44486101 34.66355559 20.38751367
v 26.39652117 -17.62451621 14.95843473
v -26.39652117 -17.62451621 14.95843473
v 16.45060731 16.18808053 15.11831666
v -16.45060731 16.18808053 15.11831666
v 0 0.51233199 17.03408109
v 14.23023103 20.47138148 16.45452732
v -14.23022578 20.47139198 16.45453152
v 3.6083012 127.49075029 28.86881161
v -3.60829989 127.49075029 28.86881371
v 71.39979915 11.51488897 12.99934224
v -71.39985794 11.51503805 12.99934644
v 11.25555469 128.77695291 -3.96992049
v -11.25555469 128.77695291 -3.96992049
v 9.25198669 93.31033534 3.02953769
v -9.25198669 93.31033534 3.02953769
v -0.00000381 133.2427583 20.78237727
v 12.45432432 95.59497304 -0.27630644
v -12.45432432 95.59497304 -0.27630644
v 23.03765998 24.30061333 6.19530965
v -23.03765998 24.30061333 6.19530965
v 8.62797002 137.06169984 10.6799283
v -8.62797002 137.06169984 10.6799283
v 22.4012733 26.81724597 -3.58529682
v -22.4012733 26.81724597 -3.58529682
v 79.37113782 -12.13505597 19.60317834
v -79.37113782 -12.13505597 19.60317834
v 23.41706396 30.75215663 0.36364498
v -23.41706396 30.75215663 0.36364498
v 13.87772966 30.65555454 -10.30453671
v -13.87772966 30.65555454 -10.30453671
v 31.14789158 -138.38255483 27.74089416
v -31.14787268 -138.38255483 27.74088576
v 22.63827586 -137.13878163 -14.67445809
v -22.63827586 -137.13878163 -14.67445809
v 9.77122635 13.76795446 17.5966761
v -9.7712358 13.76796916 17.5966761
v 25.70453617 -131.64428962 7.4028568
v -25.70459706 -131.64434001 7.40300325
v 25.66692541 -52.99355745 -11.10892146
v -25.66692541 -52.99355745 -11.10892146
v 26.62174058 -52.5921031 -10.28049064
v -26.62174058 -52.5921031 -10.28049064
v 17.50369483 128.00258244 8.28268352
v -17.50369483 128.00258244 8.28268352
v 42.65480509 -142.89156231 9.39554607
v -42.65517043 -142.89152871 9.39329106
v 27.85292227 -130.50258386 -16.6015322
v -27.85292227 -130.50258386 -16.6015322
v 26.91770509 -138.72798673 -18.86290174
v -26.91770089 -138.72798673 -18.86290174
v 55.87612911 31.46142583 0.57190873
v -55.87612911 31.46142583 0.57190873
v 17.20084247 78.99122992 -23.07503767
v -17.20084247 78.99122992 -23.07503767
v 14.09845376 44.16850732 16.33703807
v -14.09845061 44.16850732 16.33704017
v 73.31910041 9.13840171 19.08391559
v -73.31910041 9.13840171 19.08391559
v 21.01655163 -127.72218043 -8.84803483
v -21.01655163 -127.72218043 -8.84803483
v 67.88371312 20.20181778 0.15689974
v -67.88371312 20.20181778 0.15689974
v 23.16744679 40.83076426 -2.58568646
v -23.16744679 40.83076426 -2.58568646
v 65.09082105 38.33294225 -7.82144417
v -65.09082105 38.33294225 -7.82144417
v 2.59531486 20.38285249 -15.32488922
v -2.59531617 20.38289238 -15.32487452
v 8.03987546 98.49230093 2.84127657
v -8.03987546 98.49230093 2.84127657
v 34.39053799 -134.18846736 -9.56821687
v -34.3904855 -134.18871092 -9.56841424
v 41.71715443 87.09963274 -8.39600605
v -41.71715443 87.09963274 -8.39600605
v 29.93170128 -128.66975396 2.0593339
v -29.92542757 -128.66649533 2.05838657
v 32.92162727 -139.1184096 16.63550429
v -32.92162727 -139.1184096 16.63550429
v 30.67309069 -127.45232698 -2.34761755
v -30.67314528 -127.45230178 -2.34768526
v 32.93245718 -138.02437395 17.45231887
v -32.93245718 -138.02437395 17.45231887
v 11.15643409 123.72853248 10.22100589
v -11.15643409 123.72853248 10.22100589
v 10.77784476 135.0819291 -2.78780832
v -10.77784476 135.0819291 -2.78780832
v 33.60452295 -138.87729595 22.54802307
v -33.60452295 -138.87729595 22.54802307
v 74.4744118 13.73870445 14.66334577
v -74.47547841 13.7404125 14.66184978
v 32.85517173 -139.06523845 23.5513461
v -32.85517173 -139.06523845 23.5513461
v 73.1019226 8.29387772 20.02843625
v -73.1019058 8.29394648 20.02840686
v 35.62351906 -138.07663806 16.64969152
v -35.62351906 -138.07663806 16.64969152
v 16.87608988 -12.06516858 -13.62590997
v -16.87608988 -12.06516858 -13.62590997
v 36.92639278 -137.39708709 17.34594928
v -36.92639278 -137.39708709 17.34594928
v 19.5160666 -8.59931683 -14.08456362
v -19.5160666 -8.59931683 -14.08456362
v 24.91545776 -97.44487717 -4.78948927
v -24.91545776 -97.44487717 -4.78948927
v 5.1518605 -12.40343127 -7.9947076
v -5.1518605 -12.40343127 -7.9947076
v 39.58327051 -135.54666225 17.12917354
v -39.58334189 -135.54669584 17.12912945
v 40.56122155 -136.1883442 16.71741208
v -40.56124255 -136.1883442 16.71740999
v 36.20634406 -131.77445017 3.78813911
v -36.20603331 -131.77434099 3.78819974
v 22.27900107 -134.45789248 -5.98796757
v -22.27900107 -134.45789248 -5.98796757
v 40.19371829 -138.65564172 15.70825207
v -40.19371829 -138.65564172 15.70825207
v 9.50772325 102.37817043 -0.30156557
v -9.50772325 102.37817043 -0.30156557
v 33.29806237 -131.07431439 5.89953936
v -33.29811276 -131.07434798 5.8996202
v 20.71830482 -140.71202393 -6.64082536
v -20.71830062 -140.71204072 -6.64084058
v 28.30476365 -40.91092411 7.82635994
v -28.30476365 -40.91092411 7.82635994
v 16.47261463 -48.25603833 9.47585184
v -16.47261463 -48.25603833 9.47585184
v 2.12591226 125.1313572 19.03568698
v -2.12591253 125.13134881 19.03568488
v 78.19731605 -0.18697414 9.37312197
v -78.19729926 -0.18692873 9.37314506
v 35.29923049 -138.95769516 21.67547788
v -35.29923049 -138.95769516 21.67547788
v 23.95624805 -128.96669269 -1.01649791
v -23.95624805 -128.96669269 -1.01649791
v 8.09307496 15.65687506 -17.99217484
v -8.09307496 15.65687611 -17.99217484
v 42.05399043 -138.32735123 10.27611815
v -42.05391064 -138.32725885 10.27634701
v 69.64006173 17.72265523 5.09516249
v -69.64006173 17.72265523 5.09516249
v 7.16019519 136.01717358 13.61857805
v -7.16019992 136.01717358 13.61857385
v 71.24545921 12.86733191 6.40933644
v -71.24580355 12.86677866 6.40892438
v 19.60266183 -53.27015913 -12.87375259
v -19.60266183 -53.27015913 -12.87375259
v 71.04061885 14.87074559 8.24717187
v -71.04306282 14.87601042 8.26157484
v 62.68442554 33.82866105 -8.38807521
v -62.68442554 33.82866105 -8.38807521
v 82.33146315 0.38706401 17.67420616
v -82.33146315 0.38706401 17.67420616
v 23.32798906 -87.73025382 -23.66287449
v -23.32798906 -87.73025382 -23.66287449
v 83.02027771 3.22334053 16.24682096
v -83.02027771 3.22335575 16.24686086
v 2.79791675 111.83190997 -7.26482786
v -2.79792069 111.83191837 -7.26482629
v 40.75383784 -137.79753782 9.24843516
v -40.75383784 -137.79753782 9.24843516
v 19.99671497 -98.87243559 -8.62724249
v -19.99671497 -98.87243559 -8.62724249
v 14.75112205 -6.12297199 -17.29744247
v -14.75112205 -6.12297199 -17.29744247
v 74.30405584 7.3859075 4.19513912
v -74.30410623 7.38585186 4.19510238
v 25.45049507 -135.38936601 15.59663444
v -25.45044887 -135.38951719 15.59693049
v 33.21117529 -26.22557731 1.51706427
v -33.21117529 -26.22557731 1.51706427
v 22.98766977 -137.9384653 12.86419611
v -22.98763828 -137.93854088 12.86419401
v 31.90204046 -19.50172189 -1.50698458
v -31.90204046 -19.50172189 -1.50698458
v 25.40349054 -136.75641296 12.54456662
v -25.40349054 -136.75641296 12.54456662
v 43.77538852 63.31562192 -18.55783952
v -43.77538852 63.31562192 -18.55783952
v 31.79036299 76.60280308 5.29761189
v -31.79036299 76.60280308 5.29761189
v 20.14102706 -132.93638801 -14.89843137
v -20.14101026 -132.9364048 -14.89839882
v 37.97925879 -141.32923254 -2.24449976
v -37.98044298 -141.32993801 -2.24214345
v 73.55160556 5.03141758 17.7573034
v -73.55160556 5.03141758 17.7573034
v 33.57748175 82.7530614 6.49281056
v -33.57748175 82.7530614 6.49281056
v 30.49121823 -128.21641763 -2.1424919
v -30.49121823 -128.21641763 -2.1424919
v 2.32275 142.05757061 4.99815359
v -2.3227437 142.05757061 4.99820083
v 30.70409179 59.28381941 -10.14788507
v -30.70409179 59.28381941 -10.14788507
v 4.21181941 67.07994356 20.70971731
v -4.21181311 67.07994356 20.70971731
v 31.9874641 -133.55922364 9.6640442
v -31.9874641 -133.55922364 9.6640442
v 41.42818171 71.04694295 -17.22272382
v -41.42818171 71.04694295 -17.22272382
v 40.43500831 -138.53052028 1.62512433
v -40.43511329 -138.53057068 1.62527051
v 23.48435096 -138.44278075 -0.52453352
v -23.48434676 -138.44275556 -0.52452135
v 37.01057553 -135.47253674 -2.38846541
v -37.01052514 -135.47255354 -2.38857801
v 23.85337015 -139.23465377 3.45034595
v -23.85343734 -139.23476295 3.450305
v 76.38280336 -13.21195335 16.21402362
v -76.38280336 -13.21195335 16.21402362
v 11.01387729 144.95797237 6.31519039
v -11.01387729 144.95797237 6.31519039
v 79.53292727 -7.61777803 15.31604451
v -79.53292727 -7.61777803 15.31604451
v 42.19576196 -140.98465729 11.04292784
v -42.19564018 -140.98474128 11.04316825
v 4.76311419 -27.44205945 -1.83628406
v -4.76311419 -27.44205945 -1.83628406
v 21.8225111 11.4000757 -8.82959898
v -21.8225111 11.4000757 -8.82959898
v 28.99271526 -139.66764044 -0.92618245
v -28.99271526 -139.66764044 -0.92618245
v -0.00001144 -5.9540611 1.81697202
v 76.34788224 16.08284474 9.87285812
v -76.36587191 16.09147319 9.87490736
v 36.36176322 61.81888473 3.51915202
v -36.36176322 61.81888473 3.51915202
v 28.02155443 -127.53931904 -16.62555937
v -28.02151454 -127.53931064 -16.62558036
v 27.69047353 -142.27762913 24.8278757
v -27.69047353 -142.27762913 24.82788829
v 67.34539198 22.78569961 -2.45396536
v -67.34539198 22.78569961 -2.45396536
v 25.42447639 -125.96667587 -1.01656667
v -25.42447009 -125.96667587 -1.01656949
v 34.20285584 -95.34842553 -18.33466305
v -34.20285584 -95.34842553 -18.33466305
v 25.40128593 -137.82167522 2.25132305
v -25.40128593 -137.82167522 2.25132305
v 32.22090148 -101.2041135 -20.02453513
v -32.22090148 -101.2041135 -20.02453513
v 34.25548739 -140.15794713 14.37080787
v -34.25548739 -140.15794713 14.37080787
v 6.72876121 143.09255614 15.5893634
v -6.72876121 143.09255614 15.58936235
v 0.99390131 3.03214333 -17.08331332
v -0.9939017 3.03214753 -17.08331542
v 26.84224632 -80.62595509 -1.79093287
v -26.84224632 -80.62595509 -1.79093287
v 6.21691332 100.92495447 5.0951058
v -6.21691384 100.92495447 5.09510527
v 1.20847007 9.67023392 -18.14778926
v -1.20847085 9.67023182 -18.14779136
v 52.49609101 58.2418673 -14.18472775
v -52.49609101 58.2418673 -14.18472775
v 22.70997209 66.19453602 13.51374329
v -22.70997209 66.19453602 13.51374329
v 20.3149419 132.213425 16.46953446
v -20.314944 132.213425 16.46953446
v 6.68646249 137.04044314 1.23374993
v -6.68646249 137.04044314 1.23374993
v 10.19430064 132.36986458 21.13330811
v -10.19419146 132.36996536 21.13314224
v 7.81881648 129.03750917 28.58029451
v -7.81881595 129.03750917 28.58029451
v 32.51159801 -131.37532642 4.94890666
v -32.51159381 -131.37529282 4.94890509
v 14.39272281 129.08013176 19.22936568
v -14.39272281 129.08013176 19.22936568
v 12.32168935 99.38116868 -4.90910651
v -12.32168935 99.38116868 -4.90910651
v 78.88644135 -1.22603403 8.20013533
v -78.88644135 -1.22603403 8.20013533
v 13.98346201 98.63177546 -5.48192307
v -13.98346201 98.63177546 -5.48192307
v 15.88359886 -68.94334835 -6.44156215
v -15.88359886 -68.94334835 -6.44156215
v 10.24019655 110.99696085 5.06669984
v -10.24019655 110.99696085 5.06669984
v 37.02961082 -132.30676636 6.26452726
v -37.02937146 -132.30667397 6.26460967
v 17.00340542 60.84298293 17.93383649
v -17.00340542 60.84298293 17.93383649
v 82.2128086 -0.96246151 10.71835161
v -82.2127918 -0.962477 10.71830647
v 21.23904992 -33.86164631 -17.23845533
v -21.23904992 -33.86164631 -17.23845533
v 10.89791762 -31.58385762 -12.11938849
v -10.89791762 -31.58385762 -12.11938849
v 17.87162221 86.48580874 6.6812575
v -17.87162221 86.48580874 6.6812575
v 14.86946376 4.69260845 -18.76218017
v -14.86946376 4.69260845 -18.76218017
v 21.74470284 -128.39325727 -13.70564885
v -21.74469864 -128.39325727 -13.70564465
v 31.56703745 -140.45357569 -7.67939758
v -31.56703745 -140.45357569 -7.67939758
v 10.56481582 119.9781986 12.41893603
v -10.56481582 119.9781986 12.41893603
v 79.39532561 9.37374766 4.38487025
v -79.39532561 9.37374766 4.38487025
v 70.68173249 35.69778734 3.25648562
v -70.68173249 35.69778734 3.25648562
v 37.8849516 72.39764634 3.45678815
v -37.8849516 72.39764634 3.45678815
v 36.21260517 -135.10046468 8.80994115
v -36.21260517 -135.10046468 8.80994115
v 15.40936907 -82.68625102 -14.59755897
v -15.40936907 -82.68625102 -14.59755897
v 11.57675891 122.14691967 2.4900027
v -11.57675891 122.14691967 2.4900027
v 77.34834137 9.41186863 16.58681166
v -77.34834137 9.41186863 16.58681166
v 72.69651674 6.41732345 13.54921242
v -72.69651674 6.41732345 13.54921242
v 80.1132579 0.16092427 18.31524143
v -80.1132579 0.16092427 18.31524143
v 32.74890292 -140.09195141 22.79755415
v -32.74890292 -140.09195141 22.79755415
v 78.58505979 2.10656702 16.37521992
v -78.58505979 2.10656702 16.37521992
v 8.57725387 -18.18449718 11.29651857
v -8.57725387 -18.18449718 11.29651857
v 73.70730607 -8.65163237 5.24488324
v -73.70730607 -8.65163237 5.24488324
v 15.25005404 76.39363747 15.46455797
v -15.25005404 76.39362908 15.46456322
v 29.8798613 65.09307186 -4.75751131
v -29.8798613 65.09307186 -4.75751131
v 52.75055833 34.87423083 -8.99180206
v -52.75055833 34.87423083 -8.99180206
v 29.60936746 -44.70662269 1.94380058
v -29.60936746 -44.70662269 1.94380058
v 9.75215222 150.36303675 4.61163447
v -9.75215222 150.36303675 4.61163132
v 26.5084107 -127.79232502 -17.70453748
v -26.50844849 -127.79229143 -17.70450809
v 22.90746793 -134.27202442 5.48411771
v -22.90747003 -134.27202442 5.48413399
v 22.74925206 -133.90213598 0.74948487
v -22.74924996 -133.90213598 0.74946355
v 28.49391764 78.69871721 -21.77500686
v -28.49391764 78.69871721 -21.77500686
v 6.6654462 125.5015396 -11.67101466
v -6.66545722 125.5015396 -11.67100941
v 1.64607186 110.99487801 19.5442122
v -1.6460712 110.99487801 19.5442122
v 19.50834834 -31.06515967 -17.32638068
v -19.50834834 -31.06515967 -17.32638068
v 22.12488159 21.07626314 9.10581433
v -22.12488159 21.07626314 9.10581433
v 74.79967041 13.85518168 2.43959047
v -74.79967041 13.85518168 2.43959047
v 26.18605589 131.13623682 9.47958079
v -26.18605589 131.13623682 9.47958079
v 10.63806473 115.78795766 3.17559825
v -10.63806473 115.78795766 3.17559825
v 23.16926928 129.52063511 8.62113623
v -23.16926928 129.52063511 8.62113623
v 37.24169072 -139.3120631 14.19401443
v -37.24169072 -139.3120631 14.19401443
v 7.70679887 58.29463952 21.22579912
v -7.70680254 58.29465212 21.22579912
v 37.75833523 -138.24287873 15.74883066
v -37.75833523 -138.24287873 15.74883066
v 26.13765511 13.32237839 4.88196191
v -26.13765511 13.32237839 4.88196191
v 8.62196086 148.94294463 -5.00988425
v -8.62196559 148.94294463 -5.0098748
v 37.19241649 -132.76134566 1.82911145
v -37.19247108 -132.76142965 1.82912024
v 80.27471981 -6.40712447 17.77462329
v -80.27457703 -6.40708878 17.77469468
v 80.82917454 10.82338374 9.02738142
v -80.82917454 10.82338374 9.02738142
v 29.09964755 -102.14462386 -21.91094561
v -29.09964755 -102.14462386 -21.91094561
v 34.49238287 92.23429776 -0.92474079
v -34.49238287 92.23429776 -0.92474079
v 26.86065801 -139.69005614 6.65097604
v -26.86065801 -139.69005614 6.65097604
v 5.04588301 112.01498972 -6.52871746
v -5.04587934 112.01498972 -6.52871799
v 22.59904629 -133.49078395 2.96722158
v -22.59904839 -133.49080075 2.96723995
v 25.35645453 -125.87409877 -1.40537735
v -25.35645663 -125.87407358 -1.40538129
v 32.94660242 -18.76458425 2.99441027
v -32.94660242 -18.76458425 2.99441027
v 26.26216974 -127.64545978 0.01193577
v -26.26214665 -127.64545138 0.01192657
v 39.66233855 -138.87271875 24.22517766
v -39.66233435 -138.87270195 24.22518606
v 42.64998433 50.00740661 -15.2046169
v -42.64998433 50.00740661 -15.2046169
v 34.33049054 -87.62982409 -9.29457148
v -34.33049054 -87.62982409 -9.29457148
v 2.37447765 124.99535127 -10.40450347
v -2.37447607 124.99534287 -10.40450242
v 22.78053661 45.56764509 7.34216476
v -22.78053661 45.56764509 7.34216476
v 22.25445215 -138.85348609 -18.10683589
v -22.25392304 -138.85347769 -18.10656924
v 31.29658561 -138.62135888 -15.7807514
v -31.29658981 -138.62134208 -15.7807493
v 10.38303995 -45.62539344 -6.01822174
v -10.38303995 -45.62539344 -6.01822174
v 23.87736268 -135.95045559 6.14962055
v -23.87736687 -135.95043039 6.14965099
v 39.27936938 69.94117034 3.25357684
v -39.27936938 69.94117034 3.25357684
v 33.51165821 -129.87602768 1.75939977
v -33.51165821 -129.87602768 1.75939977
v 19.41641793 -89.7638004 -6.42399241
v -19.41641793 -89.7638004 -6.42399241
v 31.29483451 -133.06886656 -12.15880494
v -31.29483451 -133.06886656 -12.15880494
v 80.66633527 -4.51554259 20.1787323
v -80.6661253 -4.51541188 20.17861472
v 17.4671003 88.27132128 -19.40767296
v -17.4671003 88.27131288 -19.40767506
v 2.12004733 112.50801754 19.69804823
v -2.12004667 112.50801754 19.69804823
v -0.00001144 146.6981328 -10.87232202
v 15.74447287 -14.93677805 -14.01513815
v -15.74447287 -14.93677805 -14.01513815
v 72.58737773 10.23517213 8.64625573
v -72.58737773 10.23517213 8.64625573
v 26.96709059 -139.35759158 15.76130669
v -26.96709059 -139.35759158 15.76130669
v 3.91130394 125.54566552 -21.04925764
v -3.91126405 125.54564872 -21.04925974
v 20.83314224 -138.35863579 -16.88841893
v -20.83314224 -138.35863579 -16.88841893
v 29.21508547 -125.82977969 0.23803299
v -29.21508547 -125.82977969 0.23803299
v 18.69086817 7.16419237 -15.41935808
v -18.69086817 7.16419237 -15.41935808
v 42.1023996 64.79211022 3.88253449
v -42.1023996 64.79211022 3.88253449
v 22.93388133 -3.27942518 -11.977702
v -22.93388133 -3.27942518 -11.977702
v 81.69107457 -8.54930143 14.68125146
v -81.69106618 -8.54928621 14.68130185
v 47.92155393 38.24943558 -6.28737811
v -47.92155393 38.24943558 -6.28737811
v 81.30915942 -4.22152208 17.35059997
v -81.30915942 -4.22152208 17.35059997
v 45.88470252 46.70101109 0.8956718
v -45.88470252 46.70101109 0.8956718
v 9.73112228 -29.09480159 9.48043325
v -9.73112228 -29.09480159 9.48043325
v 23.22312491 126.89791424 0.94373605
v -23.22312491 126.89791424 0.94373605
v 38.22055301 85.56681543 3.6697352
v -38.22055301 85.56681543 3.6697352
v 43.77328049 72.07953488 0.76090728
v -43.77328049 72.07953488 0.76090728
v 76.90483133 16.73549519 12.9058749
v -76.89921271 16.72775279 12.91286879
v 27.42375274 -134.10243273 -17.57718729
v -27.42375274 -134.10243273 -17.57718729
v 68.72087526 30.14296862 7.05726533
v -68.72087526 30.14296862 7.05726533
v 22.76145303 -76.74588899 -23.11537585
v -22.76145303 -76.74588899 -23.11537585
v 65.54588327 32.33619452 6.1340927
v -65.54588327 32.33619452 6.1340927
v 35.18557516 58.359703 -10.31226337
v -35.18557516 58.359703 -10.31226337
v 82.19225737 6.59865262 12.83258296
v -82.19225737 6.59865262 12.83258296
v 22.45771358 30.22630312 7.79516829
v -22.45771358 30.22630312 7.79516829
v 51.4287963 61.55093356 0.06113675
v -51.4287963 61.55093356 0.06113675
v 34.61788643 -84.89579738 -21.58063528
v -34.61788643 -84.89579738 -21.58063528
v 79.51293875 15.93251195 10.17627738
v -79.51305633 15.93267572 10.17513517
v 27.76570134 -18.48655692 -10.39362106
v -27.76570134 -18.48655692 -10.39362106
v 30.32347422 69.84794656 -6.17354116
v -30.32347422 69.84794656 -6.17354116
v 29.2677737 -11.86937764 -4.47667992
v -29.2677737 -11.86937764 -4.47667992
v 31.92302001 -137.86284485 23.25111094
v -31.92302001 -137.86284485 23.25111094
v 71.60325375 -1.87060902 22.18743811
v -71.60325375 -1.87060902 22.18743811
v -0.00001144 9.93077129 -17.77758378
v 67.72139036 29.75829665 6.88737864
v -67.72139036 29.75829665 6.88737864
v 20.07662707 46.72085684 -12.70182086
v -20.07662707 46.72085684 -12.70182086
v 8.63719476 103.74331931 -6.30629266
v -8.63719476 103.74331931 -6.30629319
v 14.43688757 62.78987339 -21.6771135
v -14.43688862 62.78987339 -21.6771114
v 39.47660067 -138.3649011 13.6840751
v -39.47660067 -138.3649011 13.6840751
v 21.06044869 13.48142046 -9.85765151
v -21.06044869 13.48142046 -9.85765151
v 73.01923899 5.15783553 20.73838573
v -73.01923899 5.15783553 20.73838573
v 74.69552853 14.36273268 13.80321992
v -74.69552853 14.36273268 13.80321992
v 9.44727581 80.61072854 13.96121114
v -9.44724327 80.61066975 13.96126048
v 5.88334488 123.29901441 16.62394055
v -5.88334488 123.29901441 16.62394055
v 15.76018863 -67.94604707 -10.2450929
v -15.76018863 -67.94604707 -10.2450929
v 38.4441893 -134.84883606 12.54809925
v -38.44455883 -134.84895364 12.54789874
v 40.32324056 -137.67552385 12.33970316
v -40.32324056 -137.67552385 12.33970316
v 31.56400348 -139.53369214 28.56648522
v -31.56401818 -139.53369214 28.56649151
v 3.64428421 25.4629417 -13.81262629
v -3.6442682 25.4629207 -13.81263049
v 68.818903 36.34568421 -5.15221586
v -68.818903 36.34568421 -5.15221586
v 4.6586054 27.79712448 -13.47044672
v -4.65859752 27.79712448 -13.47044777
v 7.83898609 142.6611568 -7.47389531
v -7.83898977 142.6611568 -7.47389269
v 1.81535031 138.67369857 13.91902633
v -1.81534939 138.67370697 13.91901583
v 7.03893342 145.48019351 -8.19275511
v -7.03893394 145.48021031 -8.19275616
v 26.37915929 59.18233567 -17.39864171
v -26.37915089 59.18233147 -17.39864381
v 82.78490866 -3.47444713 19.17706798
v -82.78496745 -3.47441721 19.1769693
v 29.18291696 60.94130462 -16.61711988
v -29.18291696 60.94130462 -16.61711988
v 10.17827623 137.23098919 5.63584099
v -10.17827623 137.23098919 5.63584099
v 31.24922835 78.46517065 -20.94253531
v -31.24922835 78.46517065 -20.94253531
v 18.21510775 -135.58939401 -11.0460206
v -18.21511405 -135.58934362 -11.04601955
v 70.92314009 3.76335765 18.33857467
v -70.92314009 3.76335135 18.33857257
v 35.4209883 -86.15664481 -11.62365425
v -35.4209883 -86.15664481 -11.62365425
v -0.00001144 125.7130484 -13.51035763
v 78.86048987 -11.80164763 20.13383161
v -78.86048987 -11.80164763 20.13383161
v 5.33809285 140.30617294 -3.24262856
v -5.33809705 140.30615614 -3.24266347
v 16.96639831 -93.97619669 -12.5162457
v -16.96639831 -93.97619669 -12.5162457
v 7.21329496 138.15575229 -4.96893875
v -7.21331753 138.1557187 -4.9689482
v 43.45368249 72.99146502 -14.67878334
v -43.45368249 72.99146502 -14.67878334
v 11.81243555 134.14076366 1.03096669
v -11.81243555 134.14076366 1.03096669
v 26.1802441 51.87844567 -1.42155333
v -26.1802441 51.87844567 -1.42155333
v 21.64406945 -121.89183085 -8.19231419
v -21.64406945 -121.89183085 -8.19231419
v 80.76472415 -6.04748382 20.43007537
v -80.76464856 -6.04748382 20.43008797
v 22.45009401 -118.53065166 -7.35593364
v -22.45009401 -118.53065166 -7.35593364
v 13.96980284 -48.11066383 -10.74976529
v -13.96980284 -48.11066383 -10.74976529
v 29.82038495 -120.10645269 -8.2511848
v -29.82038495 -120.10645269 -8.2511848
v 14.1401735 -51.4563939 -10.34159841
v -14.1401735 -51.4563939 -10.34159841
v 76.48420732 14.32275248 1.97668624
v -76.48286355 14.32001141 1.97526702
v 14.05215156 134.52649175 -0.744808
v -14.05215156 134.52649175 -0.744808
v 71.89500219 5.48265689 21.05725095
v -71.89500219 5.48265689 21.05725095
v 21.47668447 131.8202978 6.67729811
v -21.47668447 131.8202978 6.67729811
v 60.82728186 39.68323411 -9.9315744
v -60.82728186 39.68323411 -9.9315744
v 74.8968331 7.04498141 18.31673427
v -74.8968331 7.04492945 18.31671957
v 57.97876208 40.49536441 -11.18376923
v -57.97876208 40.49536441 -11.18376923
v 6.74695297 125.88571395 18.11239572
v -6.74695297 125.88571395 18.11239572
v 3.46981901 -17.87593486 7.68153396
v -3.46981901 -17.87593486 7.68153396
v 4.67482297 126.20757955 19.05932047
v -4.6748256 126.20757955 19.05932047
v 29.91556979 -103.59832693 -5.01718521
v -29.91556979 -103.59832693 -5.01718521
v 8.97510892 108.64428659 4.33106238
v -8.97510892 108.64428659 4.33106238
v -0.00001144 1.53790498 -15.67588095
v 29.28371832 2.72814143 5.35380389
v -29.28371832 2.72814143 5.35380389
v 3.93365062 137.28979576 19.13465746
v -3.93365508 137.28979576 19.13465326
v 35.34866848 75.85630736 -19.01497618
v -35.34866848 75.85630736 -19.01497618
v 5.5274505 134.64501192 18.19774377
v -5.52744158 134.64499513 18.19775427
v 33.6134086 74.05860015 -19.08943553
v -33.6134086 74.05860015 -19.08943553
v 14.78893752 38.9424578 -11.28839193
v -14.78893752 38.9424578 -11.28839193
v 8.04193153 127.94343153 -4.24017681
v -8.04193153 127.94343153 -4.24017681
v 45.21139167 77.24110042 -11.45375811
v -45.21139167 77.24110042 -11.45375811
v 74.36066199 28.71933442 1.79112276
v -74.36066199 28.71933442 1.79112276
v 4.81494104 105.30023202 -8.80397924
v -4.81494157 105.30023202 -8.80398029
v 61.55357909 25.24366635 -0.49954882
v -61.55357909 25.24366635 -0.49954882
v 3.32847108 108.44654299 -8.01413184
v -3.32847527 108.4465262 -8.01413289
v 7.34231278 136.71200989 6.45987149
v -7.34231278 136.71200989 6.45987149
v 34.25723428 89.5442458 3.292255
v -34.25723428 89.5442458 3.292255
v 17.16477495 -60.38546413 1.54294528
v -17.16477495 -60.38546413 1.54294528
v 36.35885312 -83.95322098 -17.73190412
v -36.35885312 -83.95322098 -17.73190412
v 19.33248294 -67.43005765 -0.25932405
v -19.33248294 -67.43005765 -0.25932405
v -0.00001144 149.80743981 -9.42221772
v 20.92519442 -69.58234697 -0.30307501
v -20.92519442 -69.58234697 -0.30307501
v 50.90791893 65.8664513 -4.88388307
v -50.90791893 65.8664513 -4.88388307
v 32.2811337 -31.18174399 7.20760809
v -32.2811337 -31.18174399 7.20760809
v 17.45082288 125.76863832 -14.94579493
v -17.45082288 125.76863832 -14.94579178
v 23.6237499 -137.53163168 -0.7920488
v -23.623752 -137.53163168 -0.79204493
v 15.69817277 -88.04627403 -11.54277317
v -15.69817277 -88.04627403 -11.54277317
v 20.59097667 -135.99304458 -6.78341522
v -20.59097667 -135.99309497 -6.78342572
v 26.60051747 -136.73754984 22.46419935
v -26.60047338 -136.73752465 22.46411117
v 26.9544067 -59.03646985 3.51462889
v -26.9544067 -59.03646985 3.51462889
v 37.97453461 86.62672782 -14.1473427
v -37.97453461 86.62672782 -14.1473427
v 26.71201228 69.71175585 3.34641508
v -26.71201228 69.71175585 3.34641508
v 52.32282495 61.28537596 -12.9562084
v -52.32282495 61.28537596 -12.9562084
v 10.12282698 134.04881646 10.53994565
v -10.12282698 134.04881646 10.53994565
v 21.97351473 -57.76545179 6.14715715
v -21.97351473 -57.76545179 6.14715715
v 24.01535697 66.64095614 -21.42696932
v -24.01535697 66.64095614 -21.42696932
v 20.99164576 -60.35459111 5.14045528
v -20.99164576 -60.35459111 5.14045528
v -0.00001144 152.23819529 13.455659
v 19.63470436 -55.36878179 -12.9596224
v -19.63470436 -55.36878179 -12.9596224
v 18.44982381 -52.75287633 7.36088563
v -18.44982381 -52.75287633 7.36088563
v 40.3666862 -137.81378899 22.13109441
v -40.3666862 -137.81379739 22.13110281
v 34.04031053 -137.48071974 19.06193451
v -34.04031053 -137.48071974 19.06193451
v 20.34005353 -4.46264964 -14.80284865
v -20.34005353 -4.46264964 -14.80284865
v 76.87736811 3.42995298 4.09985114
v -76.87730092 3.43008946 4.0998346
v 9.19446405 -11.44853842 -12.01426713
v -9.19446405 -11.44853842 -12.01426713
v 80.66494111 1.28157095 4.72949484
v -80.66494111 1.28157095 4.72949484
v 12.70094426 -9.72861741 -14.63666151
v -12.70094426 -9.72861741 -14.63666151
v 5.76448613 -10.58344063 11.41505869
v -5.76448613 -10.58344063 11.41505869
v 1.10119592 116.21761011 20.32083558
v -1.10119304 116.21761011 20.32083558
v 9.22974526 124.65731848 -6.21276759
v -9.22974526 124.65731848 -6.21276759
v 23.91492934 -133.97691657 3.11194179
v -23.91492934 -133.97691657 3.11193365
v 20.54963277 37.46413441 -6.26907192
v -20.54963277 37.46413441 -6.26907192
v 25.85498339 84.7485542 -19.90813558
v -25.85498339 84.7485542 -19.90813558
v 10.05694044 101.52754123 -8.33778423
v -10.05694044 101.52754123 -8.33778423
v 73.52617478 8.76834687 7.18834657
v -73.52617478 8.76834687 7.18834657
v 4.55478213 151.35900266 -0.10709745
v -4.55481678 151.35903625 -0.10706147
v 3.10223544 104.31000231 16.45133063
v -3.10223255 104.30999391 16.45133273
v 9.05206053 87.45715014 9.43138998
v -9.05205423 87.45715014 9.43139208
v 24.55472162 -136.57493734 4.6633322
v -24.55472162 -136.57493734 4.6633322
v 81.1621682 9.38024498 8.31720361
v -81.16230258 9.38000457 8.317528
v 48.8551355 49.13185475 2.75797146
v -48.8551355 49.13185475 2.75797146
v 45.62805577 69.12321565 -16.18102891
v -45.62805577 69.12321565 -16.18102891
v 35.98083069 -89.66620098 -17.46795695
v -35.98083069 -89.66620098 -17.46795695
v 44.98635282 48.58915797 -15.64390666
v -44.98635282 48.58915797 -15.64390666
v 29.50624811 -141.16714074 26.42570189
v -29.50624601 -141.16714074 26.42570399
v 10.7595076 130.34831951 -10.4931175
v -10.7595118 130.34831951 -10.4931154
v 3.78780947 89.32459882 9.06595066
v -3.78779844 89.32457362 9.06596746
v 31.75718877 -131.71054569 -15.89826376
v -31.75730635 -131.71060448 -15.89813043
v 28.61914195 -123.0398607 -16.25418858
v -28.61914195 -123.0398607 -16.25418858
v 78.72307298 16.72350312 7.1811317
v -78.72307298 16.72350312 7.1811317
v 27.77537226 -122.66732672 -16.93469278
v -27.77537226 -122.66732672 -16.93469278
v 20.97475 -142.82749825 -17.17409208
v -20.97528751 -142.82751505 -17.17446371
v 11.40921751 93.70659519 -17.1607447
v -11.40921961 93.70662039 -17.16072475
v 46.01801253 77.3797687 -9.64905071
v -46.01801253 77.3797687 -9.64905071
v 22.91156641 18.95041871 -6.07327521
v -22.91156641 18.95041871 -6.07327521
v 13.30325701 94.78492558 -15.74869733
v -13.30326646 94.78491718 -15.74870363
v 23.21997965 22.1196409 -4.45875849
v -23.21997965 22.1196409 -4.45875849
v 40.72953667 73.19778352 -16.81125526
v -40.72953667 73.19778352 -16.81125526
v 63.1817786 24.08080468 -1.83042871
v -63.1817786 24.08080468 -1.83042871
v 14.26161112 30.05297408 16.38145269
v -14.26162162 30.05296358 16.38144534
v 71.9168216 14.25865693 5.97768041
v -71.91025394 14.25802599 5.96645997
v 41.92175123 -139.64160497 4.2778894
v -41.92176383 -139.64162176 4.27790698
v 27.42171189 -140.67146738 -12.88637665
v -27.42171189 -140.67146738 -12.88637665
v 17.48680537 -91.34645464 -17.74370617
v -17.48680537 -91.34645464 -17.74370617
v 72.76656055 15.38961991 9.84937265
v -72.76707286 15.39262343 9.84447106
v 32.3886224 -79.82251728 -22.37247471
v -32.3886224 -79.82251728 -22.37247471
v 60.34458845 27.2779793 -5.46539055
v -60.34458845 27.2779793 -5.46539055
v 79.59421141 -0.99572379 12.57532837
v -79.59421141 -0.99572379 12.57532837
v 81.26050669 -1.53152524 15.02157494
v -81.26052349 -1.53153311 15.02157389
v 41.3081456 -136.71849356 12.70150381
v -41.30816659 -136.71851036 12.70140093
v 42.05490587 -142.82472674 4.7547125
v -42.05455733 -142.82465955 4.75380966
v 18.27653466 38.98235506 -9.10806093
v -18.27653466 38.98235506 -9.10806093
v 9.95190202 -45.61628102 -2.93426178
v -9.95190202 -45.61628102 -2.93426178
v 23.7053543 -116.77554183 -16.8696503
v -23.7053543 -116.77554183 -16.8696503
v 36.27973469 -141.53157013 28.47227461
v -36.27991106 -141.53157013 28.47218012
v 1.60718282 106.4975361 19.35413017
v -1.60718466 106.4975445 19.35412807
v 29.13452458 72.0196701 -0.28498125
v -29.13452458 72.0196701 -0.28498125
v 33.33308847 -133.62706704 -7.01427111
v -33.33308847 -133.62706704 -7.01427111
v 8.75284894 122.12533542 14.32429676
v -8.75284894 122.12533542 14.32429676
v 33.95688784 -132.49095471 -2.42224486
v -33.95688784 -132.49095471 -2.42224486
v 1.58140587 115.3727591 19.44013541
v -1.581406 115.3727591 19.44013541
v 40.55478827 -137.51180273 17.12472022
v -40.55475888 -137.51175234 17.12475066
v 3.34562404 118.56326319 17.53040743
v -3.3456243 118.56326319 17.53040743
v 39.02316776 -137.43297405 22.5121907
v -39.02311737 -137.43303284 22.51237547
v 0.98697179 120.13592316 20.62030437
v -0.98697357 120.13591476 20.62030227
v 18.00405247 -139.79919515 -13.2688734
v -18.00405457 -139.79922874 -13.26883455
v 2.65697483 121.49768743 17.00231256
v -2.65697483 121.49768743 17.00231256
v 18.85389011 -138.92712448 -10.71760099
v -18.8539384 -138.92714128 -10.71748551
v 14.89829069 -30.90087376 -16.00211379
v -14.89829069 -30.90087376 -16.00211379
v 0.78851026 122.25290083 19.40786402
v -0.78851518 122.25289243 19.40785772
v 18.64580581 3.39302356 -16.43508366
v -18.64580581 3.39302356 -16.43508366
v 77.94347022 -0.38371644 6.2731557
v -77.94347022 -0.38371644 6.2731557
v 51.97013672 33.8864115 -7.77785418
v -51.97013672 33.8864115 -7.77785418
v 78.05639697 0.17012967 4.89134255
v -78.05639697 0.17012967 4.89134255
v 82.15542138 0.38955437 15.51348681
v -82.15542138 0.38955437 15.51348681
v 78.44502255 1.28765844 4.04961082
v -78.44502255 1.28765844 4.04961082
v 35.22015404 59.32073939 1.5624417
v -35.22015404 59.32073939 1.5624417
v 25.46782335 -89.33899391 -24.25174854
v -25.46782335 -89.33899391 -24.25174854
v 36.13929012 -81.91441691 -15.89550694
v -36.13929012 -81.91441691 -15.89550694
v 76.74257996 -6.64846488 6.48351338
v -76.74257996 -6.64846331 6.48351548
v 18.89717408 -135.76583051 -10.45267854
v -18.89716778 -135.76585571 -10.45268378
v 1.66004558 112.88729555 17.11325306
v -1.66004283 112.88728715 17.11324886
v 30.66218309 -134.51724495 25.01423717
v -30.66182615 -134.51730374 25.014044
v 31.29841859 -13.88429102 -1.18827591
v -31.29841859 -13.88429102 -1.18827591
v 74.20338256 5.27949152 17.12008107
v -74.20338256 5.27948574 17.12007163
v 24.01784923 7.91932179 13.51687805
v -24.01784923 7.91932179 13.51687805
v 24.14009836 4.84021067 -5.66329476
v -24.14009836 4.84021067 -5.66329476
v 7.53700718 132.32478962 10.82374277
v -7.53700508 132.32478962 10.82374487
v 25.97823824 7.31850817 -0.60639168
v -25.97823824 7.31850817 -0.60639168
v 5.81962936 133.1186531 11.8463793
v -5.81962936 133.1186531 11.8463793
v 30.14338015 -133.72412895 15.58886159
v -30.14242482 -133.72429692 15.58918913
v 3.50415853 71.89524575 -22.90010661
v -3.50415696 71.89524575 -22.90010661
v 11.94011014 82.90609117 -22.78875878
v -11.94011014 82.90609117 -22.78875878
v 3.46716769 65.57770954 -21.78062549
v -3.46727399 65.57762975 -21.78061079
v 31.74392537 93.37544081 -9.5436333
v -31.74392537 93.37544081 -9.5436333
v 30.1879512 -126.18049426 -3.23094226
v -30.1879428 -126.18048587 -3.23094488
v 29.48756346 93.55721039 -10.45410839
v -29.48756346 93.55721039 -10.45410839
v 35.51490916 69.3453696 -16.52676631
v -35.51490916 69.3453696 -16.52676631
v 43.08373106 -141.46184546 8.82758963
v -43.08376046 -141.46186226 8.82741431
v 33.94725052 -139.44964797 -7.66161683
v -33.94725052 -139.44964797 -7.66161683
v 9.6039852 131.7794389 -6.55216041
v -9.6039852 131.7794389 -6.55216041
v 35.40409464 -139.04958357 -4.75427263
v -35.40409464 -139.04958357 -4.75427263
v 80.26543942 1.00245358 3.89685058
v -80.26539743 1.00242701 3.89683667
v 23.58705459 -142.8186294 15.95323849
v -23.58729814 -142.81864619 15.95377915
v 31.72044516 -106.67644177 -16.81812526
v -31.72044516 -106.67644177 -16.81812526
v 6.38735064 108.33276799 -6.59044515
v -6.38735011 108.33276799 -6.59044567
v 1.44584702 16.11085702 -16.78205879
v -1.44584046 16.11087067 -16.78205354
v 12.86266862 66.39183449 -22.58324864
v -12.86267282 66.39181769 -22.58324654
v 23.25348562 -76.27006977 -1.68357776
v -23.25348562 -76.27006977 -1.68357776
v 78.62002291 -4.20274137 6.6331344
v -78.6200313 -4.20274557 6.63313335
v 22.37133671 -22.08829546 -15.69395251
v -22.37133671 -22.08829546 -15.69395251
v 23.05384396 -139.85681752 15.26982945
v -23.05383766 -139.85681752 15.26982525
v 20.53503821 -11.50764208 -13.23871319
v -20.53503821 -11.50764208 -13.23871319
v 77.37728273 6.44793402 16.72753022
v -77.37728273 6.44793402 16.72753022
v 3.37865392 6.09393561 -19.3631817
v -3.37865366 6.09393561 -19.3631817
v 35.7509123 55.46300499 -2.79646958
v -35.7509123 55.46300499 -2.79646958
v 5.3833384 2.37824465 -19.81389978
v -5.3833384 2.37824465 -19.81389978
v 19.71541851 -142.84091912 -9.91737562
v -19.71502378 -142.84091912 -9.91773466
v 43.11100952 -138.7884982 7.71434285
v -43.11102631 -138.78853179 7.71419903
v 1.99147069 141.61023085 8.01885077
v -1.99147397 141.61023085 8.01884867
v 9.74487279 -43.39517827 4.92728147
v -9.74487279 -43.39517827 4.92728147
v 29.02839225 -45.24332291 3.10049222
v -29.02839225 -45.24332291 3.10049222
v 8.14024168 112.86314975 11.06601437
v -8.14024168 112.86314975 11.06601437
v 21.23115319 -129.34085599 -6.03261893
v -21.2310944 -129.34096517 -6.03273126
v 35.32582026 -134.03024729 4.5233569
v -35.32582026 -134.03024729 4.5233569
v 37.08593142 -132.95987032 6.06993049
v -37.08617918 -132.95994591 6.0698528
v -0.00001144 110.7426027 11.53182148
v 27.36084349 129.43750638 3.76828313
v -27.36084349 129.43750638 3.76828313
v 26.07637937 -35.445701 11.47032108
v -26.07637937 -35.445701 11.47032108
v 32.33736612 -97.6177023 -21.45711587
v -32.33736612 -97.6177023 -21.45711587
v 15.47176916 125.77052799 -16.42586941
v -15.47177126 125.77052799 -16.42586941
v -0.00001144 104.16365777 -10.00705102
v 3.39053208 104.28082579 9.40291893
v -3.39053339 104.28082579 9.40291893
v 27.8406835 -136.97050851 -17.59120235
v -27.8406835 -136.97050851 -17.59120235
v 5.08987718 104.81163863 8.28221845
v -5.08987666 104.81163863 8.2822174
v 28.02110931 57.56613767 -2.37119408
v -28.02110931 57.56613767 -2.37119408
v 82.99944933 2.95224305 14.53601238
v -82.99944933 2.95235249 14.53601133
v 13.82157598 52.4662216 17.7733971
v -13.82157598 52.4662216 17.7733971
v 82.10804523 -1.73471765 9.78148412
v -82.10805362 -1.73462474 9.78148412
v 74.58322327 -11.54353744 10.44596495
v -74.58322327 -11.54353744 10.44596495
v 26.29505212 -131.54709333 6.11620224
v -26.29505002 -131.54700095 6.11608203
v 77.18459506 -10.37956506 10.77597713
v -77.18459506 -10.37956506 10.77597713
v 74.41760408 -12.13622442 10.13239921
v -74.41760408 -12.13622442 10.13239921
v 76.67038612 -9.295046 10.31341712
v -76.67038612 -9.295046 10.31341712
v 18.3234363 -64.97966219 -15.2123404
v -18.3234363 -64.97966219 -15.2123404
v 1.83483558 -4.73736952 -11.19387058
v -1.83483413 -4.73736847 -11.19386848
v 13.67244628 41.5190455 -12.77821502
v -13.67244523 41.5190497 -12.77821816
v 0.38460356 -1.70534192 -11.36038525
v -0.38461091 -1.70534783 -11.360401
v 27.54690261 -140.03192706 15.03945333
v -27.54690261 -140.03192706 15.03945333
v 25.60644123 -135.59964023 -19.17545756
v -25.60644963 -135.59965703 -19.17545546
v 22.64880133 1.37206468 -11.2356596
v -22.64880133 1.37206468 -11.2356596
v 7.65641603 146.95354916 14.29584461
v -7.65641656 146.95354916 14.29584356
v 22.64993933 60.172431 8.58123792
v -22.64993933 60.172431 8.58123792
v -0.00001144 70.4822084 19.46013653
v 82.37353143 4.51612261 15.69620646
v -82.37353143 4.51612261 15.69620646
v -0.00001144 150.07232973 16.95436006
v -0.00001144 148.86982695 17.63158148
v 4.68197065 36.38899968 -13.0993216
v -4.6819759 36.38902487 -13.0993216
v 71.16821784 6.20733426 16.85216769
v -71.16821784 6.20733426 16.85216769
v 62.26137854 30.52390954 4.50009557
v -62.26137854 30.52390954 4.50009557
v 73.06085375 5.02603044 16.86551192
v -73.06085375 5.02603044 16.86551192
v -0.00001144 93.0254653 6.90106878
v 43.02793117 -139.74740976 9.69530146
v -43.02793957 -139.74740976 9.69528991
v 22.5041365 60.89138791 -19.66529603
v -22.5041281 60.89138371 -19.66529183
v 30.82980532 -41.14828361 4.35675168
v -30.82980532 -41.14828361 4.35675168
v 45.69569761 43.2341153 -9.34127051
v -45.69569761 43.2341153 -9.34127051
v 11.39296004 -44.86388953 -8.37555141
v -11.39296004 -44.86388953 -8.37555141
v 17.51140994 38.99098456 12.51797999
v -17.51140994 38.99098876 12.51797894
v 2.72882853 136.0147632 16.10438175
v -2.72877762 136.0147632 16.10440064
v 74.13564834 7.57403214 9.34720198
v -74.13560635 7.57405996 9.34719673
v -0.00001144 126.59062851 -9.71615503
v 73.45386337 5.94728085 13.29374672
v -73.45388856 5.94725408 13.29376981
v 5.40096536 126.5791813 -8.77500376
v -5.40097376 126.5791813 -8.77499431
v 9.7798674 -24.4962258 10.52165678
v -9.7798674 -24.4962258 10.52165678
v 56.45715262 44.12535983 -12.60510643
v -56.45715262 44.12535983 -12.60510643
v 79.64171354 -1.43509991 6.9904413
v -79.64173034 -1.43509387 6.99044183
v 29.70106271 -92.04538103 -23.97774621
v -29.70106271 -92.04538103 -23.97774621
v 26.60660012 -58.93171067 -12.67355243
v -26.60660012 -58.93171067 -12.67355243
v 32.92237893 -135.82370484 -13.50268976
v -32.92229495 -135.82374684 -13.50286823
v 28.00852829 -59.56345716 -11.65314992
v -28.00852829 -59.56345716 -11.65314992
v 28.59256898 -90.6380043 -3.03869288
v -28.59256898 -90.6380043 -3.03869288
v 42.57617797 62.00349301 -18.50886764
v -42.57617797 62.00349301 -18.50886764
v 79.18574848 6.84631241 17.27536586
v -79.18578207 6.84626779 17.27537216
v 2.17261746 152.54801738 11.66486903
v -2.17261654 152.54800058 11.66492782
v 81.15591129 7.23914828 15.67145282
v -81.15602887 7.23931153 15.67119982
v 77.55083853 3.84288026 11.23175848
v -77.55083013 3.84288525 11.23155377
v 27.90495542 -137.98697526 18.50382432
v -27.90495542 -137.98697526 18.50382432
v 24.9232621 -42.75669196 -13.93161574
v -24.9232621 -42.75669196 -13.93161574
v 49.77144127 58.82548176 -16.83439323
v -49.77144127 58.82548176 -16.83439323
v 15.98446846 124.97855419 -9.77657412
v -15.98446846 124.97855419 -9.77657412
v 32.55488617 -136.1210971 15.71220148
v -32.55488617 -136.1210971 15.71220148
v 9.13105613 -37.70890143 5.50566522
v -9.13105613 -37.70890143 5.50566522
v 62.0874826 27.38533992 -5.85080841
v -62.0874826 27.38533992 -5.85080841
v 30.52830198 -70.64245252 -20.55275912
v -30.52830198 -70.64245252 -20.55275912
v 9.2047911 107.07764837 -1.42589997
v -9.2047911 107.07764837 -1.42589997
v 29.14956637 -71.52016701 -21.71426023
v -29.14956637 -71.52016701 -21.71426023
v 71.93261925 13.75446956 6.82873531
v -71.93261925 13.75446956 6.82873531
v 6.52625092 151.13503043 11.97164875
v -6.52626562 151.13503043 11.97161096
v 6.17430438 132.35303391 -2.51853096
v -6.17430438 132.35303391 -2.51853096
v 75.97980788 7.10615585 2.97744418
v -75.97980788 7.10615585 2.97744418
v 80.51925166 -1.98839971 12.42761697
v -80.51925166 -1.98839971 12.42761697
v 57.28655451 34.00444457 2.82428344
v -57.28655451 34.00444457 2.82428344
v 8.89010941 138.86278327 0.58254856
v -8.89010941 138.86278327 0.58254856
v 29.90773605 -138.71567447 -15.5692447
v -29.90773605 -138.71567447 -15.5692447
v 10.01811609 40.39315 19.05898033
v -10.01811399 40.3931458 19.05898033
v 25.19503461 -126.00933205 -16.94367082
v -25.19503461 -126.00933205 -16.94367082
v 75.31621414 -12.46899762 10.57214565
v -75.31621414 -12.46899762 10.57214565
v 11.66336044 121.65198538 1.74281568
v -11.66336044 121.65198538 1.74281568
v 4.1646792 93.44576178 6.88525958
v -4.16467815 93.44577857 6.88525591
v 18.44102634 -138.39145728 -11.15669339
v -18.44102424 -138.39149927 -11.15675743
v 77.8631046 -1.51573454 5.79601635
v -77.8631046 -1.51569544 5.79599693
v 36.0164237 -142.89871786 26.99954045
v -36.01903565 -142.89870107 26.99831216
v 56.54485856 54.09788131 -3.0081886
v -56.54485856 54.09788131 -3.0081886
v 19.09844086 -75.67978688 -20.57409141
v -19.09844086 -75.67978688 -20.57409141
v 56.67927717 32.30740853 1.81375026
v -56.67927717 32.30740853 1.81375026
v 80.87585361 1.8355236 4.49570366
v -80.87585361 1.8354698 4.49570471
v 32.58475558 70.28712715 -15.99166286
v -32.58475558 70.28712715 -15.99166286
v 79.36210939 8.13279637 3.91283536
v -79.3620506 8.13294545 3.91278182
v 22.7426508 -71.17367689 -21.22236832
v -22.7426508 -71.17367689 -21.22236832
v 1.37140893 -5.44365828 12.3156445
v -1.37141077 -5.44365828 12.3156445
v 21.3856947 -76.19974041 -22.41036472
v -21.3856947 -76.19974041 -22.41036472
v 20.56292555 -40.21223287 -16.4411474
v -20.56292555 -40.21223287 -16.4411474
v 76.28170175 21.66603372 8.9864354
v -76.28170175 21.66603372 8.9864354
v 11.80670565 133.22226587 -6.94309139
v -11.80670565 133.22226587 -6.94309139
v 40.91637056 -139.94637114 13.50108564
v -40.91637056 -139.94637114 13.50108564
v 78.87751371 14.81287755 11.14261324
v -78.87751371 14.81287755 11.14261324
v 48.60174738 63.08576651 -17.04870819
v -48.60174738 63.08576651 -17.04870819
v 26.23371339 -134.59196675 16.40768342
v -26.23356222 -134.59200035 16.40760469
v 6.15611629 -8.86358787 -12.21444106
v -6.15611629 -8.86358787 -12.21444106
v 77.6039089 10.30897429 2.93153225
v -77.60385851 10.30898269 2.93149367
v 27.57980179 -5.40968619 -4.97924586
v -27.57980179 -5.40968619 -4.97924586
v 78.46465834 -1.14450902 4.25534641
v -78.46462474 -1.14448947 4.25537318
v 22.38407309 41.26816015 -5.23513149
v -22.38407309 41.26816015 -5.23513149
v 4.32400761 -9.8499553 -8.15367251
v -4.32400761 -9.8499553 -8.15367251
v 23.47229695 48.61516825 -10.80657616
v -23.47229695 48.61516825 -10.80657616
v 3.04416295 -9.92493956 -5.53057003
v -3.04416295 -9.92493956 -5.53057003
v 24.05777169 47.39677124 -7.29784619
v -24.05777169 47.39677124 -7.29784619
v 23.25900346 -114.00283145 -6.51218914
v -23.25900346 -114.00283145 -6.51218914
v 45.88980883 42.65799654 -5.18410196
v -45.88980883 42.65799654 -5.18410196
v 24.73177332 -114.93905016 -4.99342469
v -24.73177332 -114.93905016 -4.99342469
v 3.34306406 126.09153694 -21.29579254
v -3.34306196 126.09153694 -21.29579254
v 34.11932818 -73.9973664 -16.33000219
v -34.11932818 -73.9973664 -16.33000219
v 6.04739616 130.78993987 -9.83622159
v -6.04739563 130.78993987 -9.83622159
v 52.93569152 49.4218227 1.67229223
v -52.93569152 49.4218227 1.67229223
v 4.26646056 130.58074067 -10.63428434
v -4.26646476 130.58074067 -10.63428224
v 77.28236245 12.23696594 15.26615404
v -77.28224487 12.23691135 15.26629471
v 2.23983306 91.5874927 -17.98086411
v -2.23995064 91.58758508 -17.98082421
v 75.45298434 13.6740588 14.82341982
v -75.45604141 13.67579834 14.82147976
v 2.11673266 88.6919285 -19.47650318
v -2.1167803 88.6919285 -19.47650948
v 83.07702663 -5.34521166 13.55876051
v -83.07701823 -5.3451051 13.55865343
v 33.15468672 -128.00929287 0.99583297
v -33.15468672 -128.00929287 0.99583297
v 18.4970446 -23.34767734 -16.38161331
v -18.4970446 -23.34767734 -16.38161331
v 11.97687789 29.15420236 -11.39051291
v -11.97687789 29.15420236 -11.39051291
v 80.95139007 -6.43482915 13.16981788
v -80.95139007 -6.43482915 13.16981788
v -0.00001144 136.64505674 -11.45720046
v 11.45445099 54.44666843 -18.91719619
v -11.45444469 54.44677341 -18.91723819
v 80.77317308 -1.43606495 7.84102379
v -80.77317308 -1.43606495 7.84102379
v 27.84305609 -122.65576193 -3.70838947
v -27.84305609 -122.65576193 -3.70838947
v 75.53927932 10.73626254 17.47979364
v -75.53929612 10.73629824 17.47976739
v 8.31590971 27.54655827 20.0287344
v -8.31591339 27.54655827 20.0287323
v 36.15030481 -139.68770455 -5.35619117
v -36.15023342 -139.68770455 -5.35633342
v 35.05577155 -89.17541557 -20.7747241
v -35.05577155 -89.17541557 -20.7747241
v 8.76400377 136.32756678 -8.40520612
v -8.76400377 136.32756678 -8.40520612
v 22.43986459 24.24623909 7.86501789
v -22.43986459 24.24623909 7.86501789
v 73.61867629 9.96710547 3.7903579
v -73.61872668 9.96725769 3.79021329
v 74.69931627 6.87995748 10.57401642
v -74.69931627 6.87995748 10.57401642
v 12.74794668 125.84189878 2.94295085
v -12.74794668 125.84189878 2.94295085
v 14.61263854 133.81180129 9.36158237
v -14.61263854 133.81180129 9.36158237
v 23.70602829 94.99132806 -10.02713403
v -23.70602829 94.99132806 -10.02713298
v 2.34127507 117.99709249 -8.07129125
v -2.34129581 117.99710089 -8.0712902
v 23.76141665 95.82817526 -8.17329412
v -23.76141665 95.82817526 -8.17329412
v 25.28928722 -75.53363551 -1.00864737
v -25.28928722 -75.53363551 -1.00864737
v 37.78395497 91.12931042 -4.63337409
v -37.78395497 91.12931042 -4.63337409
v 31.52111634 -128.53648595 -6.14836077
v -31.52111634 -128.53648595 -6.14836077
v 64.10548769 41.31160159 4.39602351
v -64.10548769 41.31160159 4.39602351
v 24.40719289 -138.11978975 19.40237138
v -24.40720549 -138.11975615 19.40238188
v 32.86999305 86.60884733 5.52148334
v -32.86999305 86.60884733 5.52148334
v 3.43792214 10.7666831 -19.11875692
v -3.4379148 10.7666747 -19.11875692
v 39.46616128 -137.69661258 13.77640339
v -39.46616128 -137.69661258 13.77640339
v 78.56588593 -4.87517589 9.13559134
v -78.56588593 -4.87517641 9.13562179
v 22.79654633 93.12907808 0.34438621
v -22.79654633 93.12907808 0.34438621
v 41.23065228 -140.88179199 3.96018029
v -41.23067327 -140.88179199 3.96022517
v 76.31541348 11.90132464 1.8863324
v -76.31536309 11.90084067 1.88641127
v 26.11462212 73.19590225 -22.63449652
v -26.11462212 73.19590225 -22.63449652
v 53.30988421 31.35859832 -4.93980632
v -53.30988421 31.35859832 -4.93980632
v 29.25443262 -134.14113319 19.98832483
v -29.25431714 -134.14114999 19.98842141
v 27.6808971 -92.47102737 -24.22536663
v -27.6808971 -92.47102737 -24.22536663
v 80.5811069 -3.95379766 17.20143352
v -80.5810985 -3.95377614 17.20143142
v 12.21971534 128.57937728 5.57353538
v -12.21971534 128.57937728 5.57353538
v 10.79322668 -46.85700555 5.49701682
v -10.79322668 -46.85700555 5.49701682
v 26.78554778 -111.37117454 -19.3625938
v -26.78554778 -111.37117454 -19.3625938
v 8.97832661 150.15339242 -2.0904329
v -8.97833186 150.15337563 -2.09042988
v 25.85733918 -111.92908947 -19.14341503
v -25.85733918 -111.92908947 -19.14341503
v 44.04171878 79.10476976 -12.38708667
v -44.04171878 79.10476976 -12.38708667
v 83.21446872 1.90070663 11.73762137
v -83.21446872 1.90070663 11.73762137
v 19.59986932 -102.56431564 -13.44797223
v -19.59986932 -102.56431564 -13.44797223
v 3.49758458 136.78691645 9.96217553
v -3.49758956 136.78691645 9.96215768
v 3.81116712 -24.82565638 0.33499963
v -3.81116712 -24.82565638 0.33499963
v 70.42093266 17.72585718 7.21192967
v -70.42093266 17.72585718 7.21192967
v 38.9533633 -134.65785329 14.99325297
v -38.95343889 -134.65792048 14.9933611
v 30.2626373 -38.50544404 -1.90149491
v -30.2626373 -38.50544404 -1.90149491
v 30.72947218 -127.39383116 -0.47051888
v -30.7282208 -127.39330205 -0.4704346
v 79.30143835 0.28498889 15.80502213
v -79.30143835 0.28498889 15.80502213
v 19.71096309 -44.69157671 10.4140946
v -19.71096309 -44.69157671 10.4140946
v 0.93456386 1.60282306 -16.32974289
v -0.93456334 1.60282398 -16.32974289
v 79.50348199 -10.79087404 15.86167237
v -79.50348199 -10.79087404 15.86167237
v 50.45811419 45.24944125 1.19049627
v -50.45811419 45.24944125 1.19049627
v 23.00848345 -135.35815704 -19.04576522
v -23.00851285 -135.35817384 -19.04577992
v 9.22955945 -25.39660584 -11.64958264
v -9.22955945 -25.39660584 -11.64958264
v 27.14450133 -142.81197775 -18.80312304
v -27.14394912 -142.81197775 -18.80322172
v 30.10499883 -142.67440969 -18.52128068
v -30.10502403 -142.67444328 -18.52126178
v 7.22250763 -14.95309536 -9.9125937
v -7.22250763 -14.95309536 -9.9125937
v 6.53221493 130.39511616 20.18222819
v -6.53220496 130.39511616 20.18222819
v 17.87829065 -68.55691059 -15.53660273
v -17.87829065 -68.55691059 -15.53660273
v 2.15547066 131.60841946 17.86559206
v -2.15547446 131.60841946 17.86560256
v 1.85071892 86.10171837 -20.44544679
v -1.85068205 86.10166798 -20.44545939
v 65.92975948 34.13094126 -7.16536502
v -65.92975948 34.13094126 -7.16536502
v 2.21006969 80.25358068 -22.07906756
v -2.21008439 80.25358908 -22.07906966
v 7.89442065 127.84122971 16.57603738
v -7.89442065 127.84122971 16.57603738
v 18.99331635 -142.51581168 -10.13725147
v -18.99330795 -142.5157277 -10.13716853
v 31.43994446 -129.84653201 -13.08700619
v -31.43990877 -129.84654881 -13.08709227
v -0.00001144 136.7682717 20.08207352
v 21.92298492 63.04520997 12.96908861
v -21.92298492 63.04520997 12.96908861
v 23.39029152 -141.22640083 7.71987172
v -23.39031252 -141.22636723 7.7197935
v 23.65303981 -134.65454427 9.21980979
v -23.6530461 -134.65454427 9.21981504
v 3.38627034 23.9571194 21.01109048
v -3.38626667 23.9571026 21.01108838
v 39.40889585 -141.83517731 24.32408725
v -39.40888325 -141.83516051 24.32410825
v 4.68761972 38.13121355 20.52549537
v -4.68762865 38.13121355 20.52549327
v 34.27013024 -134.71222543 27.13954199
v -34.27000636 -134.71220863 27.13953569
v 38.64603978 80.06751106 -17.05682643
v -38.64603978 80.06751106 -17.05682643
v 82.80037037 -0.86042117 13.71261754
v -82.80037037 -0.86042117 13.71261754
v 23.54799088 18.45747908 7.55419322
v -23.54799088 18.45747908 7.55419322
v 10.90655866 116.28634375 -0.2592935
v -10.90655866 116.28634375 -0.2592935
v 81.19423382 -6.32872411 20.04302451
v -81.19423382 -6.32872411 20.04302451
v 12.3837157 120.86925837 -0.56004677
v -12.3837157 120.86925837 -0.56004677
v 10.39556637 63.68445214 20.65588268
v -10.39557267 63.68445214 20.65588058
v 21.91857568 77.71440847 -23.02293524
v -21.91857568 77.71440847 -23.02293524
v 21.94791178 -139.26665221 11.29645348
v -21.94790968 -139.26663541 11.29647552
v 5.28097228 21.92790016 20.58315134
v -5.28097386 21.92790646 20.58315134
v 6.05266519 139.16196442 -9.30429909
v -6.05266782 139.16196442 -9.30429699
v 36.14556383 -86.79086046 -19.12439234
v -36.14556383 -86.79086046 -19.12439234
v 35.76048663 -131.35468281 -6.71306959
v -35.76053702 -131.354708 -6.71292786
v 54.01644488 53.12796767 -13.18736033
v -54.01644488 53.12796767 -13.18736033
v 30.54949569 69.64822511 -8.02831383
v -30.54949569 69.64822511 -8.02831383
v 37.38642274 63.83313567 4.1034318
v -37.38642274 63.83313567 4.1034318
v 32.78612314 -89.58246755 -22.77479411
v -32.78612314 -89.58246755 -22.77479411
v 23.26025065 132.64183446 13.49731785
v -23.26025065 132.64183446 13.4973189
v 76.87936696 6.91199895 2.81269424
v -76.87937536 6.9119958 2.81269503
v 25.75706063 -139.74327768 -19.63530275
v -25.75705223 -139.74327768 -19.63530275
v 12.46100851 -39.23728011 10.41153514
v -12.46100851 -39.23728011 10.41153514
v 29.27790864 -46.64776016 -3.89585614
v -29.27790864 -46.64776016 -3.89585614
v 29.36227406 -52.37434579 -5.39466698
v -29.36227406 -52.37434579 -5.39466698
v 34.72637246 -129.73216911 -2.64423924
v -34.72636616 -129.73215231 -2.64399857
v 39.36216638 -136.13073022 0.56456834
v -39.3625863 -136.13121734 0.56489536
v 22.9811882 -122.42624667 -14.67060421
v -22.9811882 -122.42624667 -14.67060421
v 22.60791935 -124.95858246 -4.82170869
v -22.60791935 -124.95858246 -4.82170869
v 70.71675439 5.35772863 19.1527899
v -70.71675439 5.35772863 19.1527899
v 49.74333556 56.91140439 2.69550077
v -49.74333556 56.91140439 2.69550077
v 7.31544586 128.48210541 28.90810208
v -7.31544323 128.48210541 28.90810208
v 6.06903814 140.70406211 -0.40798654
v -6.06894733 140.7041041 -0.4080469
v 17.77599225 -72.76611543 -4.65337048
v -17.77599225 -72.76611543 -4.65337048
v 78.39673096 -8.5763379 10.8644106
v -78.39673096 -8.5763421 10.86440745
v 4.90688877 152.33701249 8.48790654
v -4.9068641 152.33701249 8.4879564
v 34.47945122 72.74169248 4.05147792
v -34.47945122 72.74169248 4.05147792
v 32.06803968 -136.28010663 -16.40163438
v -32.06805438 -136.28012343 -16.40161338
v 22.42250691 -94.5491366 -5.75770904
v -22.42250691 -94.5491366 -5.75770904
v 2.89663212 129.15971631 -6.03289766
v -2.89660535 129.15971631 -6.03290711
v 76.77036233 -6.4885714 4.34208074
v -76.77035393 -6.48857192 4.34208074
v 26.07596364 -139.54077211 12.87407489
v -26.07596364 -139.54077211 12.87407489
v 14.93244545 1.46772968 -18.83794968
v -14.93244545 1.46772968 -18.83794968
v 21.7127275 -133.8215352 -17.91156146
v -21.7127548 -133.82147641 -17.91156776
v 72.0472341 14.53512843 4.26217809
v -72.0472341 14.53512843 4.26217809
v 33.53424188 -141.36008877 29.0706075
v -33.53423138 -141.36008877 29.0706075
v 30.77676435 -89.09617536 -4.18299011
v -30.77676435 -89.09617536 -4.18299011
v 6.77371754 128.16151639 24.6611878
v -6.77371596 128.16151639 24.6611941
v 32.91678761 -138.61232205 -12.16615471
v -32.91687159 -138.61232205 -12.16593845
v 42.50756611 -140.05884437 4.45993954
v -42.50758291 -140.05884437 4.45998888
v 12.68009489 117.31007523 2.37485663
v -12.68009489 117.31007523 2.37485663
v 30.86112977 85.98692714 -17.8992681
v -30.86112977 85.98692714 -17.8992681
v 78.8706689 1.17442698 3.72621642
v -78.8706689 1.17446609 3.72621196
v 81.01428673 -5.276699 10.05079586
v -81.01428673 -5.276699 10.05079586
v 30.34708881 -131.31503331 5.54492681
v -30.34737646 -131.31474776 5.54425913
v 35.1991598 -141.08891675 5.21585579
v -35.19701187 -141.08896714 5.21700324
v 29.39014461 -129.32002762 2.5384229
v -29.39007322 -129.31989324 2.53817829
v 12.7521344 133.54811237 -5.27999438
v -12.7521344 133.54811237 -5.27999438
v 31.91168199 -130.20058081 2.69202062
v -31.91174078 -130.2006144 2.69210566
v 11.3247807 138.07993028 -4.68151713
v -11.3247807 138.07993028 -4.68151713
v 29.80958863 57.88388378 -7.55651961
v -29.80958863 57.88388378 -7.55651961
v 27.41762811 -71.22450485 -0.74893949
v -27.41762811 -71.22450485 -0.74893949
v 19.75154063 51.28851551 12.28635459
v -19.75154063 51.28851551 12.28635459
v 18.44942068 -134.64135856 -12.32723238
v -18.44943958 -134.64131657 -12.32732582
v 42.34423553 66.93091149 -18.34343952
v -42.34423553 66.93091149 -18.34343952
v 13.09260381 92.12710721 2.15600121
v -13.09260381 92.12710721 2.15600121
v 10.33486803 130.04529183 10.99165581
v -10.33486803 130.04529183 10.99165581
v 62.83896285 47.41812452 -6.71952439
v -62.83896285 47.41812452 -6.71952439
v 81.29073303 0.3163555 6.82681992
v -81.29080022 0.31645703 6.82684932
v 2.96629065 127.89785266 30.13578787
v -2.96631112 127.89785266 30.13578157
v 76.32690269 5.69886678 10.55462
v -76.32690269 5.69886678 10.55462
v 18.54752401 -142.84580707 -15.32444095
v -18.54753661 -142.84580707 -15.32444935
v 22.40322806 -134.87902041 -14.35926513
v -22.40322806 -134.87902041 -14.35926513
v 64.79879966 30.09925843 -6.72069546
v -64.79879966 30.09925843 -6.72069546
v 81.85960805 -0.61931382 16.24584988
v -81.85960805 -0.61931382 16.24584988
v 12.30081793 129.54964367 -0.73608349
v -12.30081793 129.54964367 -0.73608349
v 20.90901254 55.37257373 -17.46774698
v -20.90901254 55.37257373 -17.46774698
v 31.94367832 -141.32617547 28.85926458
v -31.94367412 -141.32617547 28.85926458
v 17.76270156 21.42897867 -11.31907179
v -17.76270156 21.42897867 -11.31907179
v 13.65057753 -15.43400618 -13.79650319
v -13.65057753 -15.43400618 -13.79650319
v 78.74837777 -5.16863081 10.12678164
v -78.74836098 -5.16864445 10.12676169
v 5.80055733 149.78965171 14.75184327
v -5.80055523 149.78965171 14.75184432
v 23.47230745 40.97082249 1.3372009
v -23.47230745 40.97082249 1.3372009
v 54.74203663 46.37463128 -14.28513018
v -54.74203663 46.37463128 -14.28513018
v 34.81653287 -81.46625409 -20.75869129
v -34.81653287 -81.46625409 -20.75869129
v 42.470264 49.79073691 1.03776038
v -42.470264 49.79073691 1.03776038
v 31.80417439 -107.04420539 -12.83396347
v -31.80417439 -107.04420539 -12.83396347
v 31.71956121 69.62114822 1.32562483
v -31.71956121 69.62114822 1.32562483
v 26.22652215 -68.82905684 -20.72430978
v -26.22652215 -68.82905684 -20.72430978
v 79.34110465 -1.92406087 10.1356148
v -79.34113824 -1.92409184 10.13562845
v 28.35435492 2.49059243 9.56724474
v -28.35435492 2.49059243 9.56724474
v 21.36381651 16.95892361 11.67426489
v -21.36381651 16.95892361 11.67426489
v 80.90134318 -2.80923011 10.67792209
v -80.90135158 -2.80925031 10.67792209
v -0.00001144 98.39160245 7.17944884
v 76.72904152 5.50007284 16.00743111
v -76.72904152 5.50007284 16.00743111
v 22.96135505 -111.45825898 -17.10824438
v -22.96135505 -111.45825898 -17.10824438
v 15.74169925 133.28343243 7.0973904
v -15.74169925 133.28343243 7.0973904
v 41.58759857 -140.04901808 15.12903425
v -41.58759857 -140.04903488 15.1290332
v 32.04892041 68.26239063 -17.79843945
v -32.04892041 68.26239063 -17.79843945
v 23.56388092 -133.29979278 -18.29780396
v -23.56387672 -133.29984317 -18.29782076
v 18.91649492 131.34813195 19.97260906
v -18.91652221 131.34813195 19.97258177
v 24.4835839 -58.34595879 -13.46292793
v -24.4835839 -58.34595879 -13.46292793
v 40.22428058 -135.86334595 19.12486056
v -40.22425958 -135.86332915 19.12486056
v 37.86208658 -134.47786421 19.1171591
v -37.86207818 -134.47786421 19.11714651
v 5.26763645 105.55718531 13.1651252
v -5.26763016 105.55718531 13.16513569
v 2.65765092 46.34745361 -14.5531139
v -2.657658 46.34743681 -14.5531118
v 55.42031522 56.0561014 -4.7255491
v -55.42031522 56.0561014 -4.7255491
v 1.79452561 54.38178971 -17.25422358
v -1.7945369 54.38171413 -17.25419629
v 32.88631141 -129.89054875 -11.26637936
v -32.88610984 -129.89054035 -11.2667342
v 7.11146372 115.57271151 14.71414853
v -7.11146372 115.57271151 14.71414853
v 23.93002991 44.48215075 -0.69290792
v -23.93002991 44.48215075 -0.69290792
v 12.95954052 70.34382148 18.65227479
v -12.95955311 70.34382988 18.65226849
v 79.89282985 6.62704231 16.8072439
v -79.89282985 6.62704231 16.8072439
v 17.74503944 -35.06539627 12.70201402
v -17.74503944 -35.06539627 12.70201402
v 21.42550797 48.91616768 10.10404889
v -21.42550797 48.91616768 10.10404889
v 9.76846218 2.97324569 14.81391267
v -9.76846218 2.97324569 14.81391267
v 81.98184878 1.28993668 18.23583115
v -81.98186558 1.28974233 18.23587104
v 27.54492476 -128.43058877 4.33470656
v -27.54492476 -128.43058877 4.33470656
v 6.89307757 96.85840721 4.43467883
v -6.89307757 96.85840721 4.43467883
v 30.42482988 -116.41063372 -15.87490637
v -30.42482988 -116.41063372 -15.87490637
v 24.8577451 -20.23994085 15.48816206
v -24.8577451 -20.23994085 15.48816206
v 28.37660265 -98.32360788 -3.92398049
v -28.37660265 -98.32360788 -3.92398049
v 12.34935413 14.10990621 -17.51886784
v -12.34935413 14.10990621 -17.51886784
v 43.67187233 45.64143045 -8.88289716
v -43.67187233 45.64143045 -8.88289716
v 38.02716825 -140.04974875 18.67840474
v -38.02716825 -140.04974875 18.67840474
v 18.26142149 130.13516459 19.34746593
v -18.26142149 130.13516459 19.34746383
v 23.26085114 -8.84891877 16.48088089
v -23.26085114 -8.84891877 16.48088089
v 14.78944038 -56.41286293 -10.56089686
v -14.78944038 -56.41286293 -10.56089686
v 37.32033044 -135.54415948 6.10153472
v -37.32033044 -135.54415948 6.10153472
v 24.68108184 73.14975228 11.46537014
v -24.68108184 73.14975228 11.46537014
v 10.20027515 99.42661317 -0.96362248
v -10.20027515 99.42661317 -0.96362241
v 32.11486153 -132.71362517 7.41205582
v -32.11486153 -132.71362517 7.41205582
v 32.50265566 -71.56436012 -9.24071061
v -32.50265566 -71.56436012 -9.24071061
v 18.9435865 -43.15367409 -15.50912481
v -18.9435865 -43.15367409 -15.50912481
v 34.31509182 92.87216678 -3.21556584
v -34.31509182 92.87216678 -3.21556584
v 20.85570491 -142.25072021 -7.59158404
v -20.85557474 -142.2507874 -7.5916465
v -0.00001144 84.94713765 11.80279928
v 29.2723782 -107.17719625 -19.88402338
v -29.2723782 -107.17719625 -19.88402338
v 33.19124765 -142.20338604 -11.15394392
v -33.19128545 -142.20333565 -11.15388828
v 39.99906116 89.62398993 -5.40058532
v -39.99906116 89.62398993 -5.40058532
v 76.9688114 -3.58133953 5.47104906
v -76.9688282 -3.58132404 5.47108318
v 3.62646225 104.9595117 17.04123559
v -3.62645648 104.9595033 17.04124504
v 80.9362895 -4.03669334 19.65033824
v -80.9362895 -4.03669334 19.65033824
v 1.83708639 111.91420725 19.21577055
v -1.83708783 111.91420725 19.21576845
v 28.67384794 -54.87220139 -8.10616408
v -28.67384794 -54.87220139 -8.10616408
v 12.90039591 128.54518683 -12.06899306
v -12.90037491 128.54518683 -12.06899726
v 73.67998562 18.75835673 11.14670228
v -73.67998562 18.75835673 11.14670228
v 5.29113977 -5.47571603 -16.46396833
v -5.29114029 -5.47571603 -16.46396833
v 77.91015322 -2.03315762 5.41897707
v -77.91015322 -2.03315762 5.41897707
v 3.10646174 105.91321617 18.10308384
v -3.106462 105.91322456 18.10308174
v 6.02498781 -25.57722272 6.41299242
v -6.02498781 -25.57722272 6.41299242
v 14.12583824 -4.32992989 14.98754511
v -14.12583824 -4.32992989 14.98754511
v 81.28048681 -9.05974939 19.44045875
v -81.28048681 -9.05974939 19.44045875
v 6.65661094 91.683488 6.20018868
v -6.65661094 91.683488 6.20018868
v 82.83676124 -3.39389123 18.81552558
v -82.83676124 -3.39389123 18.81552558
v 43.05253469 -141.62882521 6.1450024
v -43.05241291 -141.62853966 6.14404917
v 14.99314589 -49.36383499 8.56649324
v -14.99314589 -49.36383499 8.56649324
v -0.00001144 141.41824025 -3.30369486
v 14.7933646 -51.8765602 7.0291066
v -14.7933646 -51.8765602 7.0291066
v 30.3729815 -108.68497751 -18.47324524
v -30.3729815 -108.68497751 -18.47324524
v 5.05046074 -2.65955817 12.16547338
v -5.05046074 -2.65955791 12.16547338
v 8.8062059 135.11921862 14.89365785
v -8.80620328 135.11921862 14.893661
v 54.32517096 57.06222534 -9.6028178
v -54.32517096 57.06222534 -9.6028178
v 41.64873994 -137.5395431 9.58591154
v -41.64862656 -137.53940033 9.58605747
v 37.7935419 -141.46513769 27.16003022
v -37.7935587 -141.46517129 27.16000923
v 30.37262247 -122.45007332 -9.91742601
v -30.37262247 -122.45007332 -9.91742601
v 71.76188535 35.00762692 -0.84203362
v -71.76188535 35.00762692 -0.84203362
v 46.55306663 76.36939929 -7.00489991
v -46.55306663 76.36939929 -7.00489991
v 2.36352202 -20.07117641 0.71432675
v -2.36352202 -20.07117641 0.71432675
v -0.00001144 138.98943324 -10.92065456
v 45.57661892 44.22617169 -10.63654984
v -45.57661892 44.22617169 -10.63654984
v 81.11343988 -5.89575214 15.90370916
v -81.11343988 -5.89578889 15.90371546
v 33.34945093 -26.46620174 4.05643752
v -33.34945093 -26.46620174 4.05643752
v -0.00001144 125.89890806 -21.59384408
v 8.14522306 130.91824434 -11.14926069
v -8.14515325 130.91824434 -11.14930268
v 22.10691712 -67.08158128 -18.53978686
v -22.10691712 -67.08158128 -18.53978686
v 26.38872942 74.25079231 7.91404961
v -26.38872942 74.25079231 7.91404961
v 56.64278972 51.91439981 -0.31332287
v -56.64278972 51.91439981 -0.31332287
v 21.02816681 59.0143481 11.0081096
v -21.02816681 59.0143481 11.0081096
v 12.34835681 -3.34154025 -18.97377085
v -12.34835681 -3.34154025 -18.97377085
v 17.59355394 56.88535212 14.86673633
v -17.59355394 56.88535212 14.86673633
v 3.17539196 52.93712347 22.09195722
v -3.17539012 52.93712767 22.09195722
v 11.81093431 -14.10840813 -12.99602377
v -11.81093431 -14.10840813 -12.99602377
v 7.6706526 -18.97556814 -10.40493599
v -7.6706526 -18.97556814 -10.40493599
v 30.133894 -125.39576 -2.12479382
v -30.133894 -125.39576 -2.12480431
v 54.45619657 52.29388779 0.30308604
v -54.45619657 52.29388779 0.30308604
v 3.89481709 143.34518418 17.70319792
v -3.89481682 143.34518418 17.70320002
v 26.42695117 -61.00443644 -14.39945109
v -26.42695117 -61.00443644 -14.39945109
v 6.26953121 134.45832081 15.39828615
v -6.26953331 134.45832081 15.39828615
v 71.17170324 0.56025661 22.97895209
v -71.17170324 0.56025661 22.97895209
v 21.73853831 -138.6327137 -17.9199768
v -21.73852991 -138.6327137 -17.9199747
v 70.78155752 -1.09733942 23.66963322
v -70.78155752 -1.09733942 23.66963322
v 31.27925102 -134.30630726 17.96514414
v -31.27869252 -134.30630726 17.96510845
v 57.77154913 53.03184639 -6.28551625
v -57.77154913 53.03184639 -6.28551625
v 33.17986343 -137.0958567 -10.57485838
v -33.17986343 -137.0958567 -10.57485838
v 70.05542406 4.89247268 19.2189242
v -70.05541566 4.89249315 19.21893889
v 31.96573498 74.69349608 4.41880612
v -31.96573498 74.69349608 4.41880612
v 27.00814055 -134.0934211 11.53863794
v -27.00814055 -134.0934211 11.53863794
v 24.18605307 126.98083301 -4.93495039
v -24.18605307 126.98083301 -4.93495039
v 30.50412259 62.46171309 -16.38641203
v -30.50412259 62.46171309 -16.38641203
v 81.35649359 -5.81550568 8.15917986
v -81.35651038 -5.81556447 8.15921345
v 80.6603891 -3.15246631 14.62027072
v -80.6603891 -3.15246631 14.62027072
v 27.1188081 80.21021063 8.16332086
v -27.1188081 80.21021063 8.16332086
v 23.69701455 -137.42842204 6.35203688
v -23.69700826 -137.42847243 6.35200959
v 14.90382638 -12.45926161 15.10655871
v -14.90382638 -12.45926161 15.10655871
v 11.39365396 -4.88780047 -18.53192583
v -11.39365396 -4.88780047 -18.53192583
v 63.20476541 47.14404241 0.41174328
v -63.20476541 47.14404241 0.41174328
v 6.6259484 152.30439257 3.51861872
v -6.6259484 152.30439257 3.51861872
v 49.98568799 36.96571893 -3.00563623
v -49.98568799 36.96571893 -3.00563623
v 28.26610938 -130.79056136 7.42696638
v -28.26612618 -130.79051937 7.42685772
v 73.38076248 5.03341276 16.64999596
v -73.38076248 5.03341381 16.64999596
v 71.992652 4.81447965 17.20109023
v -71.9926604 4.81446075 17.20109758
v 2.6209703 111.28579499 14.07676453
v -2.62097004 111.28579499 14.07676348
v 22.66710805 -117.03872684 -14.91662155
v -22.66710805 -117.03872684 -14.91662155
v 11.27066366 129.52786626 19.02827527
v -11.27065737 129.52786626 19.02828367
v 72.24142512 18.13570797 10.22263521
v -72.24142512 18.13570797 10.22263521
v 77.73913377 15.4034586 4.28094542
v -77.73811755 15.40308381 4.2802053
v 78.88391339 -0.93930595 11.41504399
v -78.88390499 -0.9393345 11.41494321
v 16.63884166 -66.64037664 -12.99572667
v -16.63884166 -66.64037664 -12.99572667
v 8.1561842 136.35172097 5.12978179
v -8.1561842 136.35172097 5.12978127
v 5.39991449 114.43968985 -6.35835626
v -5.39991397 114.43968985 -6.35835678
v 3.58759093 133.11087605 21.14149459
v -3.58781559 133.11085925 21.14149879
v 25.44573729 -129.46779151 -18.41878701
v -25.4457247 -129.46771592 -18.41875972
v -0.00001144 131.54570757 23.96899703
v 3.22589264 122.76945295 16.85298235
v -3.22589264 122.76945295 16.85298235
v 23.09886013 -136.41355102 10.73099561
v -23.09890842 -136.41344184 10.73069221
v 13.30115528 133.442232 16.23444257
v -13.30115318 133.442232 16.23444047
v 23.04656663 -137.30069706 6.86801003
v -23.04656453 -137.30070546 6.86799323
v 26.82380942 -129.2724079 2.93411375
v -26.82385981 -129.27249189 2.93431925
v 9.93061907 -15.94736582 12.34474648
v -9.93061907 -15.94736582 12.34474648
v 81.67489899 -5.84674772 12.81274246
v -81.67489899 -5.84673827 12.81274036
v 10.61733714 45.99463519 -15.17287252
v -10.61732454 45.9946058 -15.17286202
v 35.52698206 -83.63673045 -12.2748507
v -35.52698206 -83.63673045 -12.2748507
v 2.43664599 74.25238803 -22.80171563
v -2.43667933 74.25237963 -22.80171983
v 5.2005421 129.8138617 21.66337979
v -5.20058882 129.81389529 21.663321
v 61.1753719 39.29435657 5.11496729
v -61.1753719 39.29435657 5.11496729
v 31.7765348 -11.81206497 1.17760189
v -31.7765348 -11.81206497 1.17760189
v 8.39124513 132.37869984 0.63305055
v -8.39124513 132.37869984 0.63305055
v 13.28790868 119.12505824 1.19805115
v -13.28790868 119.12505824 1.19805115
v 32.80097596 -140.21484723 21.11124305
v -32.80097596 -140.21484723 21.11124305
v 31.30439625 -128.67789214 2.42538933
v -31.30439625 -128.67789214 2.42538933
v 28.63421523 -111.14864685 -19.04464402
v -28.63421523 -111.14864685 -19.04464402
v 28.83394928 -128.65887785 2.4735476
v -28.83394928 -128.65887785 2.4735476
v 25.13109024 -129.14622826 1.82164856
v -25.13104195 -129.14630384 1.82166208
v 2.37907296 150.00584689 -8.56749476
v -2.37906561 150.00584689 -8.56749739
v 27.55877605 130.05941817 3.89767154
v -27.55877605 130.05941817 3.89767154
v 29.5114405 -139.23215101 26.74278242
v -29.5114594 -139.23215101 26.74280342
v 81.95062302 -0.56478893 9.69860314
v -81.95062302 -0.56478893 9.69860314
v 74.42114827 5.71479565 15.31058651
v -74.42114827 5.71479565 15.31058651
v 34.34322062 -93.82467865 -12.33941131
v -34.34322062 -93.82467865 -12.33941131
v 27.7808712 72.74133134 2.63158946
v -27.7808712 72.74133134 2.63158946
v 56.48548509 29.20299157 -5.70740599
v -56.48548509 29.20299157 -5.70740599
v 22.94622088 -141.15336714 12.90829998
v -22.94622298 -141.15335034 12.90830208
v 26.53966376 -74.28327786 -23.1547419
v -26.53966376 -74.28327786 -23.1547419
v 3.30196765 136.78878093 -11.0601081
v -3.30196765 136.78878093 -11.0601081
v 73.5749367 3.51513464 19.25371514
v -73.5749535 3.51515406 19.25372354
v 33.88951266 -132.50089018 6.30761911
v -33.88939298 -132.50090698 6.30778288
v 37.2665168 -140.58130067 3.21145765
v -37.2665168 -140.58130067 3.21145765
v 24.13261107 -139.52872021 -14.58534224
v -24.13261107 -139.52872021 -14.58534224
v 36.22554732 -140.12981202 -0.84694788
v -36.22554732 -140.12981202 -0.84694788
v 24.7726973 -50.50629661 6.10984664
v -24.7726973 -50.50629661 6.10984664
v 17.28628396 94.37663062 -0.39071061
v -17.28628396 94.37663062 -0.39071061
v 63.72533203 47.46227564 -5.08321084
v -63.72533203 47.46227564 -5.08321084
v 37.11238682 -140.77639872 8.73043114
v -37.11238682 -140.77639872 8.73043114
v 30.86701085 -28.59066251 9.77872835
v -30.86701085 -28.59066251 9.77872835
v 2.34733672 -6.35919978 7.48943313
v -2.34733672 -6.35919978 7.48943313
v 2.67674132 104.6727436 12.3279662
v -2.67683712 104.67275199 12.32802289
v 3.10954164 -12.25850189 -4.55854101
v -3.10954164 -12.25850189 -4.55854101
v -0.00001144 104.45895879 13.74776647
v 3.06130096 -18.81178613 -2.58420202
v -3.06130096 -18.81178613 -2.58420202
v 25.98435028 -122.26491074 -3.2607114
v -25.98435028 -122.26491074 -3.2607114
v 19.39546358 -138.6022522 -15.54254155
v -19.39547198 -138.6022522 -15.54254995
v 83.40791226 2.13914613 11.581418
v -83.40791226 2.13916096 11.58145369
v 23.54408136 -141.36376733 15.54093953
v -23.54410236 -141.36376733 15.54133636
v 83.32315421 -0.2709154 13.35813936
v -83.3231794 -0.27102665 13.35810682
v 4.10148019 14.88473545 -18.11319358
v -4.10147258 14.88472705 -18.11319568
v 1.93706837 134.97166469 -3.54795534
v -1.93705341 134.97166469 -3.5479577
v 34.91761978 -142.69480134 28.85191795
v -34.91786964 -142.69480134 28.85182977
v 6.99211261 12.82936946 -19.09144908
v -6.99211261 12.82936946 -19.09144908
v 38.25455869 53.96194676 -13.0860729
v -38.25455869 53.96194676 -13.0860729
v 3.84936892 141.39391808 7.15757747
v -3.84931354 141.39393488 7.15756908
v 2.81663368 128.33090651 30.27159644
v -2.81666727 128.33090651 30.27158595
v 34.61474748 82.43422767 -18.53198672
v -34.61474748 82.43422767 -18.53198672
v 12.49219858 99.49462454 -10.36048358
v -12.49219648 99.49463293 -10.36048463
v 29.63469116 -132.15474441 -18.09773187
v -29.63469536 -132.1548032 -18.09774027
v 12.46490228 99.99349774 -8.96344125
v -12.46490228 99.99349774 -8.96344125
v 26.1457513 -65.51748781 1.46125899
v -26.1457513 -65.51748781 1.46125899
v 32.84597953 -128.33705424 -6.38599165
v -32.84594803 -128.33696186 -6.38588037
v 37.21829239 -139.0914083 15.78552177
v -37.21829239 -139.0914083 15.78552177
v 32.66493643 -127.91099637 -6.56628623
v -32.66494063 -127.91107196 -6.56638334
v 79.50723614 -8.2184116 8.29786335
v -79.50728653 -8.21839743 8.2978728
v 7.28334559 91.65382436 -18.73837031
v -7.28335557 91.65386635 -18.73834091
v 21.08746889 -138.63606472 -6.242985
v -21.08746889 -138.63608152 -6.24297556
v 19.59791246 70.3419738 16.08370244
v -19.59791246 70.3419738 16.08370244
v 76.26844046 6.93318269 17.71975564
v -76.26844886 6.93320369 17.71976194
v 38.01995391 77.2647843 -18.04589609
v -38.01995391 77.2647843 -18.04589609
v 28.79922342 73.41462539 1.94372657
v -28.79922342 73.41462539 1.94372657
v 31.55782005 -37.59423198 1.17320591
v -31.55782005 -37.59423198 1.17320591
v 3.70182943 -5.33988646 -14.84649586
v -3.70182916 -5.33988646 -14.84649586
v 2.81807849 110.64938732 18.46795836
v -2.81807849 110.64938732 18.46795836
v 51.86171158 39.06347655 -11.15394707
v -51.86171158 39.06347655 -11.15394707
v 25.71780376 -138.15633179 -1.99628541
v -25.71780376 -138.15633179 -1.99628541
v 14.81992288 -46.26353961 9.75836609
v -14.81992288 -46.26353961 9.75836609
v 74.84064688 -7.36926474 4.58450929
v -74.84064688 -7.36926474 4.58450929
v 33.51905102 81.22278885 6.52632336
v -33.51905102 81.22278885 6.52632336
v 42.18385283 86.52819616 -3.10655517
v -42.18385283 86.52819616 -3.10655517
v 71.41652904 12.80957726 9.50625035
v -71.41644506 12.80966019 9.50520684
v 12.83171686 6.08325005 15.48838042
v -12.83171791 6.08325057 15.48838042
v 41.92442197 76.12521178 2.2770588
v -41.92442197 76.12521178 2.2770588
v 72.55214586 16.1652743 11.9250694
v -72.54059786 16.16336888 11.91250414
v 12.55155525 29.4620466 17.79924991
v -12.55155735 29.4620487 17.79924991
v 23.10724397 -142.25231593 8.61646507
v -23.10725657 -142.25231593 8.61641048
v 10.37878609 148.97521181 8.3182613
v -10.37878609 148.97521181 8.3182613
v 34.33968064 -142.89559361 13.62212643
v -34.34268731 -142.895644 13.62913501
v 24.45432969 -136.07592976 -19.44195789
v -24.45431709 -136.07592976 -19.44195369
v 35.04517469 -142.81409419 8.32767974
v -35.0468565 -142.81409419 8.32746558
v 21.71461297 -105.37915309 -17.86584612
v -21.71461297 -105.37915309 -17.86584612
v 29.74129591 -128.53131245 -0.1073421
v -29.74129591 -128.53131245 -0.1073421
v 21.99943052 -129.47559375 -11.09965157
v -21.99943052 -129.47559375 -11.09965157
v 13.24051468 -19.70437233 13.42847293
v -13.24051468 -19.70437233 13.42847293
v 22.25901255 39.72501684 6.30859701
v -22.25901255 39.72501684 6.30859701
v 24.4864772 -126.77765556 -1.87041861
v -24.4864772 -126.77765556 -1.87041861
v 45.77108709 71.80166923 -1.30284668
v -45.77108709 71.80166923 -1.30284668
v 1.12068066 6.83575282 -18.01684345
v -1.12068066 6.83575439 -18.01684345
v 26.48189861 -126.59860712 0.42471033
v -26.48189651 -126.59859872 0.42472145
v 30.17894796 -132.99668952 11.87962911
v -30.17895216 -132.9967567 11.87981283
v 2.35281703 112.73780156 19.2223466
v -2.35281729 112.73780156 19.2223466
v 23.54060437 31.20771227 4.24069883
v -23.54060437 31.20771227 4.24069883
v 32.42033109 -133.24689038 -9.42874549
v -32.42033109 -133.24689038 -9.42874549
v 23.14396028 26.33966096 -2.07851104
v -23.14396028 26.33966096 -2.07851104
v 24.7686282 11.36090281 11.2540587
v -24.7686282 11.36090281 11.2540587
v 25.69250106 -11.12240636 -10.14759322
v -25.69250106 -11.12240636 -10.14759322
v 20.03208961 21.19808184 12.08669403
v -20.03208961 21.19808184 12.08669403
v 30.68143254 -136.24475718 16.77042786
v -30.68143254 -136.24475718 16.77042786
v 55.92652455 52.20824789 -10.45779954
v -55.92652455 52.20824789 -10.45779954
v 0.60998291 -0.50907486 -14.0099615
v -0.60998252 -0.50907427 -14.0099615
v 6.7827045 151.75734535 8.865403
v -6.7827045 151.75734535 8.865403
v 40.95106492 -137.57033215 11.36283238
v -40.95106492 -137.57033215 11.36283238
v 21.22871761 -109.08804858 -14.4990672
v -21.22871761 -109.08804858 -14.4990672
v 23.78942998 -3.49855041 15.75433065
v -23.78942788 -3.49855015 15.75433065
v 64.38043485 42.45960205 3.66876071
v -64.38043485 42.45960205 3.66876071
v 83.20613737 3.85061217 12.67648352
v -83.20613737 3.85061217 12.67648352
v 70.35705758 8.49593396 15.91403096
v -70.35704078 8.49589775 15.91399842
v 9.01096543 72.00221794 -23.53342362
v -9.01096543 72.00221794 -23.53342362
v 40.58757617 -138.82631682 8.30565877
v -40.58757617 -138.82631682 8.30565877
v 32.06385931 -129.21101458 -8.39118529
v -32.06385931 -129.21101458 -8.39118529
v 21.10358778 -40.3678494 10.96523611
v -21.10358778 -40.3678494 10.96523611
v 23.05544808 -135.16386525 3.12477764
v -23.05545018 -135.16388205 3.12477869
v 23.02169855 36.49760118 -1.77394617
v -23.02169855 36.49760118 -1.77394617
v -0.00001144 103.32077203 9.26950919
v 25.31053552 50.21873904 -9.35769805
v -25.31053552 50.21873904 -9.35769805
v 7.62386539 129.04089378 -8.7225974
v -7.62386539 129.04089378 -8.72259635
v 79.01068933 -11.39550374 19.11108276
v -79.01068933 -11.39550374 19.11108276
v 23.16376403 -109.55718255 -6.77271654
v -23.16376403 -109.55718255 -6.77271654
v 18.31761612 16.86378392 14.06914181
v -18.31761612 16.86378392 14.06914181
v -0.00001144 126.85461977 -7.9181313
v 68.06682646 20.38436422 5.45586975
v -68.06682646 20.38436422 5.45586975
v 72.17021391 13.34370018 10.93272956
v -72.17021391 13.34370018 10.93272956
v 30.93182447 -139.60958134 -13.04977127
v -30.93182447 -139.60958134 -13.04977127
v 72.65643891 13.58793283 12.55197518
v -72.65643891 13.58793283 12.55197518
v 12.67479226 125.5733555 -0.17446166
v -12.67479226 125.5733555 -0.17446166
v 24.11950515 -39.22329234 -15.32525876
v -24.11950515 -39.22329234 -15.32525876
v 13.82045268 125.79013858 -0.93674873
v -13.82045268 125.79013858 -0.93674873
v 38.11326167 88.48129314 -12.1408961
v -38.11326167 88.48129314 -12.1408961
v 36.00854167 -139.27210286 27.92066488
v -36.00849548 -139.27217844 27.92071947
v 39.31358503 83.90873392 3.39223199
v -39.31358503 83.90873392 3.39223199
v 32.23360847 66.00934824 -12.81097876
v -32.23360847 66.00934824 -12.81097876
v 38.34681244 81.87620356 4.56456223
v -38.34681244 81.87620356 4.56456223
v 31.21876685 61.31308274 -10.00831185
v -31.21876685 61.31308274 -10.00831185
v 58.64010501 46.68221936 -10.84483465
v -58.64010501 46.68221936 -10.84483465
v 9.78814311 102.77226346 -1.59790046
v -9.78814311 102.77226346 -1.59790046
v 30.66257572 -6.48008153 9.49496902
v -30.66257572 -6.48008153 9.49496902
v 9.27172851 105.67426934 0.87136801
v -9.27172851 105.67426934 0.87136801
v 31.68027495 -139.31198752 18.05153361
v -31.68027495 -139.31198752 18.05153361
v 23.98405561 22.39722101 3.81348905
v -23.98405561 22.39722101 3.81348905
v 29.07820608 -130.99855117 -17.43121544
v -29.07823338 -130.99858477 -17.43120389
v 23.27927124 -127.20595584 -2.98148177
v -23.27930273 -127.20592225 -2.98143007
v 28.6435754 -133.30285825 -18.32054721
v -28.64354811 -133.30279946 -18.32054721
v 9.46040903 104.19170889 -2.88292991
v -9.46040903 104.19170889 -2.88292991
v 47.63497899 70.14249591 -6.33121008
v -47.63497899 70.14249591 -6.33121008
v 18.08417873 97.45403998 -4.52445396
v -18.08417873 97.45403998 -4.52445396
v 23.80746584 -134.86809391 0.67924829
v -23.80746584 -134.86809391 0.67924829
v 26.24312816 -135.7969555 20.48520128
v -26.24308406 -135.79698909 20.48515299
v 75.39496723 15.56952501 13.07299533
v -75.39496723 15.56952501 13.07299533
v 29.51018912 71.03435354 -21.18755847
v -29.51018912 71.03435354 -21.18755847
v 9.17763548 138.67702439 3.78434848
v -9.17763653 138.67702439 3.78434874
v 73.72253262 28.8533856 6.14864107
v -73.72253262 28.8533856 6.14864107
v 18.39485328 -138.79400764 -13.64663337
v -18.39485118 -138.79400764 -13.64667011
v 22.96205423 -132.4186013 3.60196372
v -22.96205213 -132.4186013 3.60191437
v 5.87075757 136.52023765 -0.56812689
v -5.87075757 136.52023765 -0.56812643
v 24.06139356 132.27515426 8.73183947
v -24.06139356 132.27515426 8.73183947
v 5.90966065 137.49164624 1.67925488
v -5.90965907 137.49164624 1.6792558
v 45.9790559 78.86780499 -8.02406259
v -45.9790559 78.86780499 -8.02406259
v 26.10152039 -75.06749141 -0.92187905
v -26.10152039 -75.06749141 -0.92187905
v 4.54688541 137.50688959 -7.79687109
v -4.54687858 137.50689798 -7.79685745
v 24.09831773 82.60279474 -21.38016006
v -24.09831773 82.60279474 -21.38016006
v 4.04459715 135.81674245 -9.24465372
v -4.04456776 135.81674245 -9.24466632
v 11.59038764 127.21102016 -18.18734848
v -11.59038973 127.21102016 -18.18734638
v 23.87470874 -131.77398825 1.47253167
v -23.87472134 -131.77400505 1.47256382
v 14.62033371 126.55137374 -17.18308166
v -14.62042189 126.55135694 -17.18302392
v 8.41721184 130.39498179 18.67049332
v -8.41722916 130.39498179 18.67048072
v 18.92167052 75.19144544 14.8358927
v -18.92167052 75.19144544 14.8358927
v 11.9277034 42.57809704 -13.6369635
v -11.9277034 42.57809704 -13.6369635
v 20.66902219 73.730696 14.6801607
v -20.66902219 73.730696 14.6801607
v 11.3204355 144.61317876 -0.81297835
v -11.3204355 144.61317876 -0.81297835
v 12.28585488 73.43451313 17.72530707
v -12.28585803 73.43452153 17.72530287
v 12.60682079 138.50498033 -0.25946106
v -12.60682079 138.50498033 -0.25946106
v 9.30687954 109.68435323 -1.57104168
v -9.30687954 109.68435323 -1.57104168
v 55.22373482 47.92772266 1.92849162
v -55.22373482 47.92772266 1.92849162
v 11.11800028 35.79012088 -11.95661537
v -11.11799923 35.79012088 -11.95661537
v 28.76902858 -14.77527205 13.10298126
v -28.76902858 -14.77527205 13.10298126
v 11.81994175 39.25574009 -12.51577118
v -11.81994699 39.2557275 -12.51576698
v 1.53153875 -6.24820627 10.7040237
v -1.53154046 -6.24820522 10.70402265
v 36.44556384 66.48080861 -16.35766068
v -36.44556384 66.48080861 -16.35766068
v 80.60824258 10.76369847 7.73509144
v -80.60824258 10.76369847 7.73509144
v 24.90435279 -138.21476042 10.80923745
v -24.90435279 -138.21476042 10.80923745
v 27.2929371 -21.57025889 -11.69075017
v -27.2929371 -21.57025889 -11.69075017
v 75.7445816 4.7676137 6.5313735
v -75.7445984 4.76754232 6.53130526
v 33.37325029 -135.62087173 20.14430249
v -33.37367021 -135.62079615 20.14392246
v 36.22772254 -131.49430851 -4.31530069
v -36.22779393 -131.4944009 -4.31513744
v 77.75349527 13.23449923 3.45867572
v -77.75349527 13.23449923 3.45867572
v 54.61862011 54.80003694 -1.24024423
v -54.61862011 54.80003694 -1.24024423
v 24.85596671 -125.78563697 -1.74771347
v -24.85597091 -125.78562857 -1.74771137
v 3.80306384 137.8619882 5.81995796
v -3.80306148 137.8619882 5.81995953
v 31.76575108 -128.99553328 -12.31126991
v -31.76575108 -128.99553328 -12.31126991
v 80.35560613 -3.3660674 19.37321585
v -80.35563133 -3.36623405 19.37332503
v 32.8823284 -140.77478621 8.53610365
v -32.8823284 -140.77478621 8.53610365
v 27.85658823 -138.46726249 -18.89822809
v -27.85658823 -138.46726249 -18.89823019
v 30.95055531 -140.39426521 5.24392948
v -30.95055531 -140.39426521 5.24392948
v 10.61864416 126.24391163 -7.0579981
v -10.61864731 126.24391163 -7.05799705
v 14.20375988 12.18213608 -17.36755977
v -14.20375988 12.18213608 -17.36755977
v 37.79403741 -141.3099159 25.57469056
v -37.79289521 -141.3099159 25.57636397
v 39.69402204 -139.69954649 16.33177218
v -39.69402204 -139.69954649 16.33177218
v 16.53397645 -87.07740181 -17.44509193
v -16.53397645 -87.07740181 -17.44509193
v 22.75937859 89.70760578 -16.56694491
v -22.75937859 89.70760578 -16.56694491
v 10.53702926 -25.19112719 -13.18132178
v -10.53702926 -25.19112719 -13.18132178
v 2.92889196 101.05372087 6.84682892
v -2.92889485 101.05373767 6.84683259
v 1.1289506 100.96812296 8.65154471
v -1.12895532 100.96813136 8.65154366
v 72.72102367 4.43099345 21.21683368
v -72.72097328 4.43102494 21.21685888
v 30.05794182 -62.84342667 -5.49051005
v -30.05794182 -62.84342667 -5.49051005
v 22.43531678 -139.01063955 -4.54446243
v -22.43679912 -139.01086631 -4.54175653
v 18.78933684 -135.55967998 -15.40021466
v -18.78933684 -135.55969678 -15.40021781
v 20.41771902 -138.82424238 -7.87112625
v -20.41814944 -138.82422558 -7.87047484
v 40.25316735 -141.30904245 20.83084944
v -40.25323034 -141.30904245 20.83062688
v 21.70495255 -128.22112082 -6.53807344
v -21.70495255 -128.22112082 -6.53807344
v 77.71185532 -10.5755943 10.41356549
v -77.71185532 -10.5755943 10.41356549
v 81.19245333 0.99210133 6.56093846
v -81.19245333 0.99210133 6.56093846
v 50.63814527 52.02223705 -16.41371777
v -50.63814527 52.02223705 -16.41371777
v 79.91715202 4.13228944 4.32940341
v -79.91715202 4.13228944 4.32940341
v 10.90227751 130.03587707 7.98428396
v -10.90227226 130.03587707 7.98428921
v 30.24633574 -140.28017106 21.40472999
v -30.24633574 -140.28017106 21.40472999
v 30.52108763 -120.93250776 -12.55474355
v -30.52108763 -120.93250776 -12.55474355
v 34.88507125 -131.07564136 1.80973759
v -34.88507125 -131.07564136 1.80973759
v 27.67166711 -128.00265803 -16.45289276
v -27.67166711 -128.00265803 -16.45289276
v 5.24454152 -24.31019607 -5.62889907
v -5.24454152 -24.31019607 -5.62889907
v 7.28640791 124.23062232 16.88676127
v -7.28640791 124.23062232 16.88676127
v 21.18542525 -79.03197123 -22.73906883
v -21.18542525 -79.03197123 -22.73906883
v 60.17997709 38.05536215 4.87151465
v -60.17997709 38.05536215 4.87151465
v 8.40946628 130.23956683 -12.47534061
v -8.4093718 130.23956683 -12.4754267
v 25.36146636 -138.00924818 -17.26693792
v -25.36146636 -138.00924818 -17.26693792
v 32.13681951 -131.22437108 -12.52272412
v -32.13707357 -131.22444667 -12.52227795
v 51.49283516 65.47880834 -7.46342286
v -51.49283516 65.47880834 -7.46342286
v 35.36085056 56.17223219 -4.78809984
v -35.36085056 56.17223219 -4.78809984
v 4.25520285 77.31843417 16.43227855
v -4.25533539 77.3188205 16.43208538
v 81.06743268 -5.55806632 8.50936323
v -81.06743268 -5.55806632 8.50936323
v 81.89341217 0.12634295 18.47383314
v -81.89341217 0.12634295 18.47383314
v 22.48071088 -10.88555392 -12.52360596
v -22.48071088 -10.88555392 -12.52360596
v 7.25479476 138.68968939 9.8295878
v -7.25479476 138.68968939 9.8295878
v 65.00581524 46.2003742 -2.18325355
v -65.00581524 46.2003742 -2.18325355
v 21.55211595 -19.14231273 -15.3273227
v -21.55211595 -19.14231273 -15.3273227
v 17.31407997 132.34797798 18.21822571
v -17.31409887 132.34796959 18.21823831
v 32.62344555 -127.55062348 -2.75617732
v -32.62344555 -127.55062348 -2.75617732
v 31.01543402 -124.3577426 -11.18791601
v -31.01543402 -124.3577426 -11.18791601
v 80.07668226 -1.8654035 14.40523768
v -80.07667386 -1.86538185 14.40521878
v 33.73775947 70.37094456 3.17232781
v -33.73775947 70.37094456 3.17232781
v 74.46814649 -8.27073607 6.24391042
v -74.46814649 -8.27073607 6.24391042
v 6.36845707 -31.66579377 0.62046435
v -6.36845707 -31.66579377 0.62046435
v 23.35323087 -134.47758705 5.27851046
v -23.35323297 -134.47758705 5.27851466
v 7.08639251 130.23850021 26.25468245
v -7.086287 130.23850021 26.25472024
v 26.52518468 -135.01796583 16.1721506
v -26.5244855 -135.01787345 16.17093177
v 77.39236651 3.97786682 16.32585436
v -77.39233291 3.97786315 16.32576198
v 27.41467392 -135.57053089 19.15503861
v -27.41469492 -135.57056449 19.1551352
v 22.39734068 -136.29384664 -6.92832256
v -22.39734068 -136.29384664 -6.92832256
v 28.51247001 -6.59785581 12.68541746
v -28.51247001 -6.59785581 12.68541746
v 79.22635541 -1.93834494 6.24107434
v -79.22635541 -1.93834494 6.24107434
v 26.71035146 -129.81647364 -18.54018369
v -26.71034097 -129.81642325 -18.54017109
v 32.30606267 -128.16783209 0.621712
v -32.30606267 -128.16783209 0.62171108
v 1.34876923 111.50201537 11.84002475
v -1.34877238 111.50201537 11.8400258
v 13.0058931 99.7304975 -7.62578289
v -13.0058931 99.7304975 -7.62578289
v 32.97182113 -127.74982002 0.45627866
v -32.97182113 -127.74982002 0.45627843
v 31.47780718 -141.28745821 -17.11441521
v -31.47780298 -141.28730703 -17.11442256
v 19.97678524 128.91212739 9.32945167
v -19.97678524 128.91212739 9.32945167
v 34.47076083 -130.11984566 1.10488721
v -34.47076083 -130.11984566 1.10488721
v 38.41987553 -138.94320768 17.70129355
v -38.41987553 -138.94320768 17.70129355
v 23.38778036 37.55023203 1.67103796
v -23.38778036 37.55023203 1.67103796
v 32.84825973 -83.80677566 -22.73673613
v -32.84825973 -83.80677566 -22.73673613
v 18.92114561 126.5814573 4.18035323
v -18.92114561 126.5814573 4.18035323
v 16.20355799 -71.69276538 -7.48697814
v -16.20355799 -71.69276538 -7.48697814
v 15.88335845 126.82220141 3.1691689
v -15.88335845 126.82220141 3.1691689
v 28.49061912 -53.37034529 1.11602682
v -28.49061912 -53.37034529 1.11602682
v 11.36935069 75.37922837 16.97719464
v -11.36936539 75.37922837 16.97718834
v 27.55653994 -51.54849228 2.87896868
v -27.55653994 -51.54849228 2.87896868
v 23.78490106 -138.96139892 -7.77682326
v -23.78490106 -138.96139892 -7.77682326
v 41.13212482 -139.23877746 18.37790923
v -41.13212062 -139.23872706 18.37795542
v 39.84812262 -136.3998446 16.32254114
v -39.84816882 -136.3998278 16.32199733
v 41.07299071 -137.57265014 18.62137027
v -41.07299071 -137.57270893 18.62139546
v 7.03595719 43.09779022 20.52807372
v -7.03596401 43.09780281 20.52807372
v 38.84286793 -138.02764938 -1.5259553
v -38.84286793 -138.02771657 -1.52595753
v 33.45839047 -138.70790582 21.25947726
v -33.45839047 -138.70790582 21.25947726
v 13.62242143 118.95292179 0.11882488
v -13.62242143 118.95292179 0.11882488
v 82.82082921 -4.72170099 18.70638237
v -82.82083761 -4.72167212 18.70637398
v 3.60372846 127.14479769 -6.86576762
v -3.60372793 127.14479769 -6.86576815
v 38.22498743 -140.02637562 -1.23606937
v -38.22504622 -140.02638402 -1.23600533
v 29.73951332 -34.93365259 9.54022139
v -29.73951332 -34.93365259 9.54022139
v 35.23150887 -139.17966014 -5.44592798
v -35.23147108 -139.17966014 -5.44598992
v 74.42283637 6.43658235 18.54841846
v -74.42283637 6.43658235 18.54841846
v 9.18262526 22.93821498 19.55313985
v -9.18262736 22.93820868 19.55313775
v 54.26095154 42.70639731 1.94224593
v -54.26095154 42.70639731 1.94224593
v 31.60935979 -137.17522289 16.94213913
v -31.60935979 -137.17522289 16.94213913
v 31.43812198 -38.91531792 5.04755957
v -31.43812198 -38.91531792 5.04755957
v 78.45709125 -11.62242071 14.16361907
v -78.45709125 -11.62242071 14.16361907
v 12.04073933 -44.28814451 8.63667405
v -12.04073933 -44.28814451 8.63667405
v -0.00001144 131.54920976 -12.19382474
v 5.91229254 131.58081346 -11.57622665
v -5.91229307 131.58081346 -11.5762256
v 31.91885014 -129.55967992 -3.36986039
v -31.91885014 -129.55967992 -3.36986039
v 6.79352392 113.59350347 -5.35902568
v -6.79352392 113.59350347 -5.35902568
v 8.11572109 66.12652045 20.59267738
v -8.11573159 66.12653725 20.59267108
v 46.02356816 60.51176556 3.68295082
v -46.02356816 60.51176556 3.68295082
v 11.89770696 120.36461537 5.05779004
v -11.89770696 120.36461537 5.05779004
v 29.12789394 -40.21488261 -4.58725508
v -29.12789394 -40.21488261 -4.58725508
v 1.61282887 135.27596055 12.63642878
v -1.61285642 135.27596055 12.63641409
v 35.27775962 -137.23694375 18.62480527
v -35.27775962 -137.23694375 18.62480527
v 24.00274446 -126.14894095 -1.79172155
v -24.00275076 -126.14894095 -1.79171774
v 28.46684075 75.35221027 4.7656474
v -28.46684075 75.35221027 4.7656474
v 20.55329663 -104.25061624 -9.69650455
v -20.55329663 -104.25061624 -9.69650455
v 80.12040505 -8.56802755 9.96786344
v -80.12038826 -8.56802597 9.96795162
v 49.20044142 36.52529116 -4.86832741
v -49.20044142 36.52529116 -4.86832741
v 15.33566664 -24.89731691 13.96654211
v -15.33566664 -24.89731691 13.96654211
v 75.95511617 -5.64184175 4.26587109
v -75.95513297 -5.64183177 4.265864
v 11.39390802 -52.4082171 -5.52367588
v -11.39390802 -52.4082171 -5.52367588
v -0.00001144 116.06690673 22.54397497
v 2.43444033 117.16851786 20.15248267
v -2.43444033 117.16851786 20.15248267
v 12.18856306 -55.7767576 -4.1110708
v -12.18856306 -55.7767576 -4.1110708
v 1.85407164 117.02215652 21.31775472
v -1.85407217 117.02215652 21.31775262
v 17.6602142 -29.11391037 -16.97036977
v -17.6602142 -29.11391037 -16.97036977
v 15.37747352 -79.65421897 -12.52622211
v -15.37747352 -79.65421897 -12.52622211
v 79.75144045 -5.17074094 8.20474928
v -79.75144045 -5.17074094 8.20474928
v 2.71875343 -6.00236215 9.15717034
v -2.71875343 -6.00236215 9.15717034
v 21.67242711 -67.15510209 1.39060274
v -21.67242711 -67.15510209 1.39060274
v 2.42977625 -7.49778023 8.13924225
v -2.42977625 -7.49778023 8.13924225
v 8.59498056 115.41407151 12.17232133
v -8.59498056 115.41407151 12.17232133
v 50.36660791 66.3095708 -12.78193767
v -50.36660791 66.3095708 -12.78193767
v 20.36529534 1.17272273 -14.91715801
v -20.36529534 1.17272273 -14.91715801
v 70.44441498 37.70346757 -1.10549401
v -70.44441498 37.70346757 -1.10549401
v 74.55573485 11.56652424 16.53518164
v -74.55573485 11.56652424 16.53518164
v 29.16882212 -67.9683032 -19.40009747
v -29.16882212 -67.9683032 -19.40009747
v 44.74711205 71.67501927 -14.01602735
v -44.74711205 71.67501927 -14.01602735
v 34.24462598 -139.13172128 17.19372261
v -34.24462598 -139.13172128 17.19372261
v 3.20922469 149.95018138 16.47840122
v -3.20926379 149.95016458 16.47838232
v 27.81577343 55.6209983 -2.99606059
v -27.81577343 55.6209983 -2.99606059
v 36.52743699 90.81704435 0.14787631
v -36.52743699 90.81704435 0.14787631
v 24.71201365 -137.08595482 -0.69561336
v -24.71201365 -137.08595482 -0.69561336
v 31.42111074 -39.54657729 2.63496253
v -31.42111074 -39.54657729 2.63496253
v 26.73121133 -133.14717453 -18.87599716
v -26.73121343 -133.14715774 -18.87599716
v 12.24909028 2.65255563 14.91131788
v -12.24909028 2.65255563 14.91131788
v 30.81194793 -137.35024004 24.24281459
v -30.81176946 -137.35018125 24.24265082
v 35.16497565 57.37769126 -0.60552368
v -35.16497565 57.37769126 -0.60552368
v 51.61363554 63.94311034 -2.97601852
v -51.61363554 63.94311034 -2.97601852
v 52.33121089 44.2996631 -14.90791752
v -52.33121089 44.2996631 -14.90791752
v 79.01006784 -5.64393141 5.19878523
v -79.01005944 -5.64392878 5.19875269
v 32.26833853 65.77010746 -14.59726922
v -32.26833853 65.77010746 -14.59726922
v 78.23683118 -5.80959626 4.41776627
v -78.23677239 -5.80963773 4.41776627
v 1.87055771 -2.38188936 15.33799829
v -1.87055955 -2.38188962 15.33799724
v 34.7859286 -130.85304649 2.67960732
v -34.7859013 -130.85304649 2.67962333
v 22.28849772 57.81265158 8.97069129
v -22.28849772 57.81265158 8.97069129
v 29.95449072 -117.27442343 -8.25778028
v -29.95449072 -117.27442343 -8.25778028
v 32.91058529 -130.48304047 2.86071656
v -32.91056849 -130.48302367 2.86070081
v 6.9483557 -12.38155833 -10.0152333
v -6.9483557 -12.38155833 -10.0152333
v 23.30309369 -129.66062196 0.21664152
v -23.30300761 -129.66072274 0.21659752
v 34.6565869 -131.37772 3.1030564
v -34.6565596 -131.3777032 3.10304222
v 3.2255189 111.94550861 18.10482654
v -3.22551864 111.94550861 18.10482654
v 72.48614174 -1.14154329 22.35123691
v -72.48614174 -1.14154329 22.35123691
v 25.95978036 -123.23790665 -17.21502131
v -25.95978036 -123.23790665 -17.21502131
v 33.52798916 -128.10388561 -0.90816463
v -33.52799336 -128.10388561 -0.90816555
v 23.04121046 31.08358607 -1.15380857
v -23.04121046 31.08358607 -1.15380857
v 11.59736367 123.24094692 8.27297901
v -11.59736367 123.24094692 8.27297901
v 31.35863191 -126.70480664 -0.69684867
v -31.35863191 -126.70480664 -0.69684847
v 73.42912967 11.57686494 16.82449345
v -73.42908768 11.57684709 16.824505
v 78.68702645 -1.45205721 7.35244194
v -78.68701805 -1.45205249 7.35244457
v 71.71539944 10.39038342 17.34335623
v -71.71541624 10.39039812 17.34334783
v 77.95134805 -0.83668126 7.63718128
v -77.95133965 -0.83668093 7.63719178
v 75.9986458 17.41291082 12.87768101
v -76.0296616 17.43694954 12.85668256
v 24.14722242 -141.76945034 4.02057418
v -24.14723082 -141.76938316 4.02047707
v 81.45515122 -0.99983678 10.95526494
v -81.45515122 -0.99983678 10.95526494
v 23.82844329 -140.96613011 -1.11099374
v -23.82852727 -140.9661805 -1.11057565
v 2.75435904 151.01899622 15.38256094
v -2.75435222 151.01901301 15.38255359
v 7.39407665 97.04573662 -14.75396915
v -7.39407718 97.04574502 -14.75394921
v 22.9248886 -128.51396946 -3.18019829
v -22.9248886 -128.51396946 -3.18019829
v 4.2486449 102.81296278 -10.68640777
v -4.24866301 102.81292079 -10.68642981
v 18.37786093 -139.27283353 -15.88247661
v -18.37786093 -139.27281673 -15.88247451
v 4.44801466 100.19067023 -12.71097421
v -4.44802463 100.19067023 -12.71097106
v 41.53105541 -138.43338279 15.94576064
v -41.53105961 -138.43341638 15.94575959
v 81.68663175 -5.76641202 15.56865786
v -81.68663175 -5.76641202 15.56865786
v 25.25928763 -125.67486024 -0.55489427
v -25.25929183 -125.67485184 -0.55489289
v 70.63596885 8.55181627 14.55203154
v -70.63596885 8.55181627 14.55203154
v 28.58453787 -125.57577428 -1.14941692
v -28.58453578 -125.57577428 -1.14941718
v 30.53099161 -140.17677665 -2.06566955
v -30.53099161 -140.17677665 -2.06566955
v 21.1379924 -139.91345727 -18.25634878
v -21.1379693 -139.91345727 -18.25633828
v 5.93075515 49.19027079 -16.07636737
v -5.93071211 49.19026239 -16.07635582
v 32.83834106 -100.7397079 -18.82906613
v -32.83834106 -100.7397079 -18.82906613
v 18.35205012 -142.68594928 -12.87112805
v -18.35199763 -142.68588209 -12.871148
v 8.07679859 -7.18127448 -16.4951752
v -8.07679859 -7.18127448 -16.4951752
v 31.23344539 -134.06099434 -17.077406
v -31.23343699 -134.06096074 -17.0774102
v 5.02462789 7.5053048 -20.0109127
v -5.02462894 7.50530427 -20.0109127
v 31.58874977 -6.86133529 6.39872751
v -31.58874977 -6.86133529 6.39872751
v 10.2546116 96.33589212 0.75577459
v -10.2546095 96.33589212 0.75577813
v 38.38121705 -137.40112679 -0.99895677
v -38.38123385 -137.4010848 -0.99889982
v 27.78399336 -132.07667999 8.82092644
v -27.78397237 -132.07667999 8.82093694
v 24.37290586 -93.80363191 -23.27003075
v -24.37290586 -93.80363191 -23.27003075
v 12.87412213 37.19344531 16.70920041
v -12.87412213 37.19344531 16.70919831
v 41.27805783 55.27063226 -16.8107461
v -41.27805783 55.27063226 -16.8107461
v 11.29766602 7.67894144 15.93548503
v -11.29767441 7.67894931 15.93548608
v -0.00001144 112.22001485 19.97686292
v 1.62873412 132.10512584 -4.73610711
v -1.6287378 132.10512584 -4.73611393
v 11.42153606 145.89447663 2.16147404
v -11.42153606 145.89447663 2.16147404
v 82.60851415 0.66054566 17.77766356
v -82.60848055 0.66080149 17.77762157
v 12.69883623 128.70309616 22.92990252
v -12.69883623 128.70309616 22.92990252
v 13.77283401 129.00653536 10.78447331
v -13.77283401 129.00653536 10.78447331
v 38.57989708 -142.8433043 25.39793071
v -38.57986769 -142.84327071 25.39808609
v 6.42457296 119.27635791 16.0031951
v -6.42457296 119.27635791 16.0031951
v 17.55258797 76.19388663 -23.34939064
v -17.55258797 76.19388663 -23.34939064
v 7.88763095 136.15563189 -6.29882951
v -7.88763095 136.15563189 -6.29882951
v 31.57115903 -135.6463529 -15.96237505
v -31.57117373 -135.64630251 -15.96233831
v 8.99542078 136.32646657 -4.74192362
v -8.99542078 136.32646657 -4.74192362
v 30.20628731 -135.13245471 -17.57317804
v -30.20627261 -135.13246311 -17.57319484
v 22.10370047 -127.32744911 -12.11834813
v -22.10370047 -127.32744911 -12.11834813
v 18.02221641 88.65700737 4.79383079
v -18.02221641 88.65700737 4.79383079
v 28.82469409 -110.58712055 -4.88946915
v -28.82469409 -110.58712055 -4.88946915
v 7.18327123 29.05446761 -12.98719795
v -7.18327123 29.05446551 -12.98719795
v 28.98414665 -104.6779171 -4.37410411
v -28.98414665 -104.6779171 -4.37410411
v 74.78396514 -12.48605505 9.80925808
v -74.78396514 -12.48605505 9.80925808
v 33.21957173 -138.56324099 28.18942442
v -33.21959692 -138.5632074 28.18935723
v 75.3347917 18.24339823 1.56544956
v -75.3347917 18.24339823 1.56544956
v 24.13687542 79.52608246 9.78278169
v -24.13687542 79.52608246 9.78278169
v 27.03237664 -64.40746555 -17.03218302
v -27.03237664 -64.40746555 -17.03218302
v 23.09665341 -58.33615769 -13.77122674
v -23.09665341 -58.33615769 -13.77122674
v 80.15091695 -0.50734073 15.80378755
v -80.15091695 -0.50734073 15.80378755
v 35.63295482 -138.49659859 -6.50461103
v -35.63294222 -138.49672456 -6.50450395
v 24.80789977 -109.4373774 -19.31361562
v -24.80789977 -109.4373774 -19.31361562
v 36.65489321 -137.397633 -4.91544216
v -36.65493941 -137.3975994 -4.91536027
v 24.98963995 -59.86475893 4.96793198
v -24.98963995 -59.86475893 4.96793198
v 28.37543946 54.7405333 -9.90648062
v -28.37543946 54.7405333 -9.90648062
v 40.06012274 54.50867064 -15.81741942
v -40.06012274 54.50867064 -15.81741942
v -0.00001144 127.70290578 27.18229685
v -0.00001144 114.68283594 19.66887591
v 80.8954558 0.75999079 18.57681392
v -80.8954558 0.75999079 18.57681392
v 25.06125429 -138.69288923 20.41527714
v -25.06123539 -138.69288923 20.41525195
v 78.81914386 -4.2490126 6.26652926
v -78.81914386 -4.2490126 6.26652926
v 1.60089691 -16.42585051 2.00354083
v -1.60089691 -16.42585051 2.00354083
v 73.98637271 30.08838652 3.62998623
v -73.98637271 30.08838652 3.62998623
v 61.66945793 25.48326197 0.52997138
v -61.66945793 25.48326197 0.52997138
v 25.95411554 -139.73294747 10.49273327
v -25.95411554 -139.73294747 10.49273327
v 19.29960056 -57.86699432 -13.45816176
v -19.29960056 -57.86699432 -13.45816176
v 16.13809873 -39.73441061 11.86658408
v -16.13809873 -39.73441061 11.86658408
v 0.40180912 -5.82269168 0.51240045
v -0.40180899 -5.82269168 0.51240131
v 16.6629906 38.64602298 -10.13289997
v -16.66298955 38.64602298 -10.13290102
v 78.96783159 15.81921671 5.65362385
v -78.9678064 15.81921986 5.65358658
v 36.57167629 54.6020036 -8.15592017
v -36.57167629 54.6020036 -8.15592017
v 77.33701174 15.4514279 6.45455102
v -77.33685216 15.45136806 6.45463815
v -0.00001144 45.40082491 21.23101041
v 35.87033952 -139.63035932 21.56742858
v -35.87033952 -139.63035932 21.56742858
v 21.61404257 -47.96387837 8.5062038
v -21.61404257 -47.96387837 8.5062038
v 3.75695455 149.49733217 -8.71105781
v -3.7569724 149.49733217 -8.71104154
v 53.98062511 30.96579446 -5.69645482
v -53.98062511 30.96579446 -5.69645482
v 30.99936762 72.33018087 2.51351493
v -30.99936762 72.33018087 2.51351493
v 31.15851363 68.3343829 -1.64497664
v -31.15851363 68.3343829 -1.64497664
v 79.42662697 0.4754727 17.43468719
v -79.42664376 0.47549557 17.43472498
v 32.60792925 64.96493535 -1.15135961
v -32.60792925 64.96493535 -1.15135961
v 21.73386242 -116.91809023 -10.79497463
v -21.73386242 -116.91809023 -10.79497463
v 78.29269826 4.67234435 3.41628305
v -78.29269826 4.67234435 3.41628305
v 41.33656625 -136.34010579 6.93476582
v -41.33599095 -136.3394843 6.93478209
v 21.91194504 -136.09744682 -12.4572995
v -21.91194504 -136.09744682 -12.4572995
v 21.74387558 -48.36569805 -13.73504584
v -21.74387558 -48.36569805 -13.73504584
v 22.16602603 -137.74159515 -12.22084809
v -22.16602603 -137.74159515 -12.22084809
v 3.10498176 8.52870401 18.09215524
v -3.10494633 8.52871084 18.09216154
v 3.37787627 63.43932819 -21.16395858
v -3.37786288 63.4393072 -21.16395018
v 28.41029129 70.95459261 -0.32915976
v -28.41029129 70.95459261 -0.32915976
v -0.00001144 61.25939088 -20.21982635
v 35.35824282 -132.65176993 7.38237171
v -35.35875093 -132.65187911 7.38222789
v 34.79387781 -134.33615566 -11.29426671
v -34.79386731 -134.33600449 -11.29426461
v 17.97566121 -10.57306424 -13.79921907
v -17.97566121 -10.57306424 -13.79921907
v 72.38247858 12.44151025 3.58755602
v -72.38122719 12.44502819 3.58643954
v 15.10083405 28.56985513 -10.0186515
v -15.10083405 28.56985513 -10.0186515
v 20.86999293 -129.13771214 -9.9465469
v -20.86998663 -129.13769534 -9.9465427
v 36.37397469 73.65832579 -18.28576046
v -36.37397469 73.65832579 -18.28576046
v 29.94857815 80.36744807 7.14934481
v -29.94857815 80.36744807 7.14934481
v 9.19318327 139.39711511 13.1924257
v -9.19318327 139.39711511 13.19242465
v 69.99328747 36.32061877 -3.76066408
v -69.99328747 36.32061877 -3.76066408
v 22.49888322 -142.65344694 12.90673365
v -22.49888112 -142.65343014 12.9067494
v 46.9469497 66.19481737 -17.07559401
v -46.9469497 66.19481737 -17.07559401
v 39.57922241 -133.95901928 3.72746728
v -39.57920141 -133.95898569 3.72750665
v 82.92553379 5.33579532 11.967313
v -82.92539102 5.33622312 11.96722692
v 31.90883908 69.47621464 -12.99578126
v -31.90883908 69.47621464 -12.99578126
v 28.74484078 -137.84561945 -16.95752421
v -28.74484078 -137.84561945 -16.95752421
v 24.01931268 131.69896411 14.74900457
v -24.01930848 131.69896411 14.74900877
v 27.72001329 -125.81887838 1.1004123
v -27.72001329 -125.81887838 1.1004123
v 22.76302566 -140.408148 15.59074811
v -22.76300886 -140.408148 15.59070402
v 7.81051085 84.04232108 -22.39128114
v -7.81056229 84.04229589 -22.39129794
v 22.84386999 -73.62152339 -22.35193608
v -22.84386999 -73.62152339 -22.35193608
v -0.00001144 7.50346499 18.16031148
v 18.46463883 46.66202507 13.12415188
v -18.46464303 46.66201248 13.12414663
v 24.03730865 23.64695926 1.98595075
v -24.03730865 23.64695926 1.98595075
v 34.68522802 78.03220918 5.59995928
v -34.68522802 78.03220918 5.59995928
v 17.25912938 -90.63968401 -8.87833151
v -17.25912938 -90.63968401 -8.87833151
v 27.86984952 -140.43850032 9.45098692
v -27.86984952 -140.43850032 9.45098692
v 9.0039642 108.49869792 2.87642366
v -9.0039642 108.49869792 2.87642366
v 22.87579914 -138.56500468 -13.79493582
v -22.87579914 -138.56500468 -13.79493582
v 5.27100112 20.68954612 -15.56000841
v -5.27101844 20.68954822 -15.56000946
v -0.00001144 138.10104421 14.71520675
v 77.19798233 3.43803579 4.01786434
v -77.19798233 3.43803579 4.01786434
v 16.31483338 -42.70347042 -14.46158453
v -16.31483338 -42.70347042 -14.46158453
v 17.76613447 -43.18548776 -15.09017211
v -17.76613447 -43.18548776 -15.09017211
v 20.9115132 43.17013103 -9.12529474
v -20.9115132 43.17013103 -9.12529474
v 80.57368259 -8.60484254 20.51679238
v -80.57368259 -8.60484254 20.51679238
v 79.88136585 -0.857877 16.17401403
v -79.88139104 -0.85787851 16.17397309
v 2.24448821 148.62724356 17.53638089
v -2.24451315 148.62722676 17.53637564
v 71.70721926 3.13991994 22.51897252
v -71.70721926 3.13991994 22.51897252
v 18.36192261 31.85499395 -7.34058793
v -18.36192261 31.85499395 -7.34058793
v 9.27621648 133.06952164 5.35068855
v -9.27621648 133.06952164 5.3506875
v 11.81921317 140.81022804 5.41743699
v -11.81921317 140.81022804 5.41743699
v 23.52114285 -51.45144716 -12.44084151
v -23.52114285 -51.45144716 -12.44084151
v 11.62894428 142.24374942 4.97331386
v -11.62894428 142.24374942 4.97331386
v 12.4001359 129.49239083 14.28381791
v -12.40014325 129.49237403 14.28391134
v 33.81434784 64.01449792 -10.91620124
v -33.81434784 64.01449792 -10.91620124
v 32.18465129 66.97680111 -8.49599748
v -32.18465129 66.97680111 -8.49599748
v 10.68039127 128.65855871 0.39178346
v -10.68039127 128.65855871 0.39178346
v 38.07257915 -135.64049072 25.29435783
v -38.07256235 -135.64049072 25.29439983
v 27.81771139 -125.1888704 -0.32364497
v -27.8177051 -125.1888704 -0.32364339
v 27.17608823 -135.49071118 -19.09853534
v -27.17609663 -135.49072798 -19.09853324
v 29.23310663 -137.25783092 20.40544455
v -29.23310663 -137.25783092 20.40544455
v 24.96618073 19.1982428 0.67214542
v -24.96618073 19.1982428 0.67214542
v 32.35952567 -104.12007775 -15.80899779
v -32.35952567 -104.12007775 -15.80899779
v 21.44815673 127.2395332 5.08680857
v -21.44815673 127.2395332 5.08680857
v 31.44516206 -109.79812823 -14.59610917
v -31.44516206 -109.79812823 -14.59610917
v 23.08835356 -136.77698098 1.49929165
v -23.08834936 -136.77699778 1.49925779
v 71.61232417 8.79357555 18.9533624
v -71.61232417 8.79357555 18.9533624
v 7.66859234 -22.88459241 9.30516309
v -7.66859234 -22.88459241 9.30516309
v 28.23974217 -128.81650163 2.36903592
v -28.23974217 -128.81650163 2.36903592
v -0.00001144 124.65174185 -10.50886581
v 59.04223124 48.13544791 2.22012668
v -59.04223124 48.13544791 2.22012668
v 1.19146263 13.21921494 -17.58678262
v -1.19146106 13.21920654 -17.58678472
v 28.23916057 -137.35085314 22.49216439
v -28.23928445 -137.35081954 22.49225467
v 10.24832424 120.96831913 13.15820165
v -10.24832424 120.96831913 13.15820165
v 31.57490898 -16.10736113 8.89948532
v -31.57490898 -16.10736113 8.89948532
v 41.25461331 86.55086382 -10.5540069
v -41.25461331 86.55086382 -10.5540069
v 9.57014224 119.01776691 13.71323273
v -9.57014224 119.01776691 13.71323273
v 20.7063243 9.71692035 -11.46095356
v -20.7063243 9.71692035 -11.46095356
v 5.11101736 54.50129672 21.90838826
v -5.11101421 54.50128832 21.90838826
v 7.72245374 54.63687433 21.23162351
v -7.72245427 54.63686593 21.23162351
v 31.79496959 -102.74193634 -9.92791999
v -31.79496959 -102.74193634 -9.92791999
v 31.37263647 -99.43076205 -7.43714803
v -31.37263647 -99.43076205 -7.43714803
v 18.20455079 -135.95767833 -14.04004612
v -18.20453399 -135.95777912 -14.04005662
v 78.96639544 13.61249856 3.92379126
v -78.96641224 13.61251955 3.92380097
v 35.13068441 -138.98286558 16.40031686
v -35.13068441 -138.98286558 16.40031686
v 79.35523099 11.52998534 4.77453043
v -79.35522259 11.5299591 4.77451888
v 8.8119799 128.4010931 -2.47821666
v -8.8119799 128.4010931 -2.47821666
v 23.20802853 -131.2530269 1.55698606
v -23.20814191 -131.25282533 1.55698488
v 6.14308544 128.22313647 -4.8153657
v -6.14307389 128.22313647 -4.81537724
v 23.99497581 -81.53182988 -2.56303823
v -23.99497581 -81.53182988 -2.56303823
v 77.27010898 10.78119998 16.28560541
v -77.27007538 10.78117793 16.28563166
v 43.16734271 70.09399435 1.78530625
v -43.16734271 70.09399435 1.78530625
v 30.8776182 86.72968551 5.63530296
v -30.8776182 86.72968551 5.63530296
v 16.54830646 -16.22662983 15.6856348
v -16.54830646 -16.22662983 15.6856348
v 9.79575638 150.18152753 7.45926138
v -9.79575533 150.18152753 7.45926086
v 24.62914317 -30.02673075 -15.25388272
v -24.62914317 -30.02673075 -15.25388272
v 10.99185317 147.90204653 6.63462829
v -10.99185317 147.90204653 6.63462829
v 24.03738843 -21.7241957 -14.93212526
v -24.03738843 -21.7241957 -14.93212526
v 15.77374387 -63.52381329 -11.34958263
v -15.77374387 -63.52381329 -11.34958263
v 5.94534394 -2.24092907 -18.72653677
v -5.94534394 -2.24092907 -18.72653677
v 38.8074135 -134.25514336 5.09396517
v -38.80728752 -134.25502578 5.09398407
v 72.47036089 2.42418807 19.56939312
v -72.47036089 2.42418807 19.56939312
v 38.67674063 -134.35795827 6.30858704
v -38.67669864 -134.35793307 6.30868835
v -0.00001144 131.55387935 18.233194
v 2.16456011 128.63773033 19.25810338
v -2.16456208 128.63773033 19.25810128
v 38.63631007 70.25067329 -17.87412288
v -38.63631007 70.25067329 -17.87412288
v 2.6212674 43.00973994 -13.65855719
v -2.62126372 43.00976933 -13.65856244
v 28.15885164 -127.18012194 2.79238815
v -28.15885164 -127.18012194 2.79238815
v 7.62508108 22.52056824 -14.73504095
v -7.62508633 22.52057454 -14.73503675
v 2.19469407 135.33989022 -10.01612984
v -2.19474341 135.33995741 -10.01608785
v 10.00939421 23.15929181 -14.1162933
v -10.00939421 23.15929601 -14.11629015
v 31.82417971 84.74502682 -18.47249357
v -31.82417971 84.74502682 -18.47249357
v 37.27905582 -134.05703863 -0.98101152
v -37.27903902 -134.05697984 -0.98102635
v 60.61917447 44.10120563 4.03971445
v -60.61917447 44.10120563 4.03971445
v 2.86000951 140.67402894 -4.44513554
v -2.85995256 140.67401214 -4.44520587
v 7.32950501 99.7299012 4.00142341
v -7.32950501 99.7299012 4.00142341
v 22.98484786 -138.41115185 6.3059457
v -22.98484786 -138.41113506 6.3059499
v 20.43838572 -21.3650364 16.1273423
v -20.43838572 -21.3650364 16.1273423
v 21.7271163 19.39483579 10.28721997
v -21.7271163 19.39483579 10.28721997
v 30.98013497 75.85695405 -21.2506168
v -30.98013497 75.85695405 -21.2506168
v 80.07535529 -2.09854707 12.83505947
v -80.07537209 -2.09855612 12.83504058
v 10.33420455 -33.18560804 9.14253484
v -10.33420455 -33.18560804 9.14253484
v 20.9873751 -34.50366631 12.67465998
v -20.9873751 -34.50366631 12.67465998
v 16.7368379 -77.15147962 -7.38755309
v -16.7368379 -77.15147962 -7.38755309
v 23.21621081 -132.41867688 5.46476486
v -23.21623601 -132.41866009 5.46482365
v 32.71768765 -136.62449711 28.8051234
v -32.71765615 -136.62453071 28.80513179
v 26.64219942 -135.41273915 19.14655189
v -26.64215953 -135.41277274 19.14656029
v 26.55740568 -22.48777825 14.3738072
v -26.55740568 -22.48777825 14.3738072
v 28.77137807 -127.98738108 3.7084732
v -28.77137807 -127.98738108 3.7084732
v 22.06266731 -112.65857814 -14.93104289
v -22.06266731 -112.65857814 -14.93104289
v 1.07558537 113.10094597 15.57078059
v -1.07558517 113.10094597 15.57078059
v 25.76078748 -117.67049852 -4.15931437
v -25.76078748 -117.67049852 -4.15931437
v 25.6986152 -108.37974941 -4.75755908
v -25.6986152 -108.37974941 -4.75755908
v 26.59489675 -139.13884324 -3.79404748
v -26.59489675 -139.13884324 -3.79404748
v 74.88686404 23.78773137 1.1443114
v -74.88686404 23.78773137 1.1443114
v 11.18472562 116.51088708 4.63058735
v -11.18472562 116.51088708 4.63058735
v 70.07849485 1.38044511 21.45458581
v -70.07849485 1.38044511 21.45458581
v 11.86710059 130.95236761 6.68108795
v -11.86710059 130.95236761 6.68108795
v 38.56345694 -140.27037837 -1.50586127
v -38.56172684 -140.26948812 -1.50849749
v 70.41232416 19.0803966 -0.04278757
v -70.41232416 19.0803966 -0.04278757
v -0.00001144 123.7376197 19.37287571
v 28.22167901 -96.26548717 -23.5300726
v -28.22167901 -96.26548717 -23.5300726
v 26.48786158 -102.31135165 -21.88627281
v -26.48786158 -102.31135165 -21.88627281
v 21.96065026 -134.95622818 -1.24809398
v -21.96067966 -134.95621138 -1.24800894
v 33.0093479 -128.7603322 1.6490519
v -33.0093395 -128.7603322 1.6490519
v 33.82302563 -76.62860339 -20.30717115
v -33.82302563 -76.62860339 -20.30717115
v 21.35645099 -141.33606895 -6.99060613
v -21.35641739 -141.33603535 -6.99055258
v 72.47741566 0.36423107 22.50482728
v -72.47741566 0.36423107 22.50482728
v 21.44801816 -140.94983695 -6.49102062
v -21.44802656 -140.94982015 -6.49098545
v 71.6058825 -2.07934315 23.34115377
v -71.6058825 -2.07934315 23.34115377
v 79.25376824 2.64914503 17.8734489
v -79.25376824 2.64911538 17.8734489
v 10.53617261 -19.16036958 -13.26844717
v -10.53617261 -19.16036958 -13.26844717
v 20.00790392 -132.23131388 -8.1929677
v -20.00790602 -132.23112912 -8.19323278
v 12.79326625 15.91487187 16.76971503
v -12.79327045 15.91487922 16.76971293
v 48.12214883 68.59206687 -13.74357245
v -48.12214883 68.59206687 -13.74357245
v 78.90928538 -7.88499119 14.61620897
v -78.90928538 -7.88498961 14.61621002
v 33.40084579 -142.20605678 -12.06611236
v -33.40082689 -142.20607358 -12.06617325
v 80.5874142 -8.92413819 15.38953382
v -80.5874142 -8.92413819 15.38953382
v 28.82298919 -141.61372464 26.83215127
v -28.82309207 -141.61370784 26.83231924
v 5.0222469 90.82762651 7.74617436
v -5.02224218 90.8276349 7.74617226
v 79.37000402 -5.31205055 10.1448448
v -79.37000402 -5.31205055 10.1448448
v 9.16671948 5.36973644 -20.35536827
v -9.16671948 5.36973644 -20.35536827
v 21.0851341 34.6703731 -5.0146583
v -21.0851341 34.6703731 -5.0146583
v 3.62439805 138.94963256 12.94888697
v -3.62441327 138.94963256 12.94888067
v 16.32971979 -88.09277674 -9.6355763
v -16.32971979 -88.09277674 -9.6355763
v 28.52472138 -126.53640754 0.56962629
v -28.52472138 -126.53640754 0.56962642
v 44.66794322 73.2438663 -13.21292233
v -44.66794322 73.2438663 -13.21292233
v 31.23932647 -127.91632105 -0.67312575
v -31.23935166 -127.91627906 -0.67305777
v 15.87340933 128.60492564 10.33733825
v -15.87340933 128.60492564 10.33733825
v 6.72559653 107.11433318 12.1765584
v -6.72559653 107.11433318 12.1765584
v 32.0897604 -136.52751919 22.20195708
v -32.09029791 -136.52741001 22.20167573
v 20.1580194 -23.11201644 -16.29345805
v -20.1580194 -23.11201644 -16.29345805
v 6.24933325 -28.59807212 4.48013225
v -6.24933325 -28.59807212 4.48013225
v 8.82594667 56.13384247 -19.36399216
v -8.82593407 56.13379208 -19.36397116
v 29.67674054 -141.38427656 27.50409736
v -29.67670695 -141.38427656 27.50405537
v 77.7039271 -7.14421172 8.56043054
v -77.7039019 -7.1442154 8.56046519
v 6.36977564 103.93835017 5.49893799
v -6.36977564 103.93835017 5.49893799
v 41.00079267 -137.68271299 14.25110875
v -41.00071289 -137.68263741 14.2513649
v 5.87850207 -13.71730497 -8.46544937
v -5.87850207 -13.71730497 -8.46544937
v 38.16306921 -141.14068534 25.96840985
v -38.1630902 -141.14068534 25.96837626
v 29.69150937 -58.48377881 -6.87663481
v -29.69150937 -58.48377881 -6.87663481
v 40.9810687 -138.55805069 16.48766901
v -40.9810729 -138.55805069 16.48766901
v 10.20929413 -46.13248881 4.13970955
v -10.20929413 -46.13248881 4.13970955
v 24.07296884 -138.13159809 3.22711384
v -24.07297094 -138.1315645 3.2270742
v 13.68406671 1.94521678 15.04898357
v -13.68406671 1.94521678 15.04898357
v 26.082504 131.98880608 9.6867528
v -26.082504 131.98880608 9.6867528
v 33.5467536 -127.65206943 -4.71608552
v -33.54648695 -127.65181747 -4.71594327
v -0.00001144 136.44230761 -1.83125636
v 39.32701429 -137.56683836 14.89685244
v -39.32701429 -137.56683836 14.89685244
v 16.72804149 -77.43003395 -17.28477012
v -16.72804149 -77.43003395 -17.28477012
v 14.84004053 96.679174 -2.4282632
v -14.84004053 96.679174 -2.4282632
v 71.31467996 10.98317223 11.80666785
v -71.31452039 10.98278485 11.8072757
v 39.53151871 -140.7524125 1.4532359
v -39.5327029 -140.75250488 1.45339599
v 27.24487016 89.6568786 -15.13033077
v -27.24487016 89.6568786 -15.13033077
v 36.1049569 -134.75986194 26.26520582
v -36.1049485 -134.75981155 26.26512183
v 34.03332924 -132.72110826 9.48399423
v -34.03372397 -132.72124264 9.48449709
v 35.72587205 -133.9295656 23.06040742
v -35.72593084 -133.9295824 23.06031503
v 31.4713403 -141.5104898 -0.35619003
v -31.47227674 -141.51042261 -0.35670877
v 61.378268 50.40585849 -3.5216372
v -61.378268 50.40585849 -3.5216372
v 40.54735976 -142.00931261 1.2140858
v -40.55124409 -142.01137865 1.22064834
v 23.6886937 -141.24976556 16.17640341
v -23.68877139 -141.24979916 16.17655564
v 6.51051311 35.29265443 20.15563842
v -6.51050681 35.29265023 20.15564052
v -0.00001144 31.0419986 20.59792646
v 13.33379725 -23.03273423 -15.12223773
v -13.33379725 -23.03273423 -15.12223773
v 80.31291636 -3.10970043 17.8895342
v -80.31291636 -3.10970043 17.8895342
v 31.10068549 -127.6993196 0.5670152
v -31.10070439 -127.6993532 0.5670461
v 29.56167216 -43.07402655 -2.51298057
v -29.56167216 -43.07402655 -2.51298057
v 6.79872471 134.77596194 9.74396364
v -6.79872314 134.77596194 9.7439584
v 13.15218725 -55.66592629 -0.63894429
v -13.15218725 -55.66592629 -0.63894429
v 13.51213602 125.27124327 2.40836103
v -13.51213602 125.27124327 2.40836103
v 46.77644257 72.82910447 -8.23326127
v -46.77644257 72.82910447 -8.23326127
v 75.74525349 8.12732892 17.55466346
v -75.74525349 8.12732892 17.55466346
v 4.35212959 125.43508196 -9.97099189
v -4.35213721 125.43512395 -9.97099819
v 83.39309724 2.48198603 12.88753145
v -83.39309724 2.48198603 12.88753145
v 1.73550265 2.32422447 17.28565617
v -1.73551485 2.32421266 17.28565512
v 27.10366763 -141.63556084 -19.62047933
v -27.10369283 -141.63562803 -19.62047303
v 32.51629069 -73.2254735 -20.06742857
v -32.51629069 -73.2254735 -20.06742857
v 1.87430595 132.93034946 14.18542797
v -1.87430753 132.93036626 14.18542482
v 22.19923385 -3.31289205 16.27540434
v -22.19923385 -3.31289205 16.27540434
v 52.27017871 47.87535777 1.83605179
v -52.27017871 47.87535777 1.83605179
v 18.48061705 -51.65865591 -12.75229712
v -18.48061705 -51.65865591 -12.75229712
v 4.70325728 127.37481686 -20.08030353
v -4.70330084 127.37477487 -20.08036232
v 21.46812216 -132.45564725 -5.20342228
v -21.46813476 -132.45561366 -5.20339026
v 30.36580915 -133.1777956 -14.18352046
v -30.36580915 -133.1777956 -14.18352046
v 7.06936395 -5.43128461 -17.50333474
v -7.06936395 -5.43128461 -17.50333474
v 10.04884425 114.85750875 8.26874194
v -10.04884425 114.85750875 8.26874194
v 73.17637565 23.58394713 9.54575603
v -73.17637565 23.58394713 9.54575603
v 17.19756704 6.87643954 15.61197332
v -17.19756704 6.87643954 15.61197332
v 79.23738269 -2.80523345 6.52145378
v -79.23737429 -2.80524474 6.52145798
v 10.50955029 119.84287295 -2.70442238
v -10.50955029 119.84287295 -2.70442238
v 8.68023045 118.7816084 -4.78582279
v -8.6802315 118.78161679 -4.78582174
v 16.67378063 31.12656349 13.92148395
v -16.67378063 31.12656349 13.92148395
v 2.67026526 116.24778606 18.6027843
v -2.67026526 116.24778606 18.6027843
v 3.53593729 26.71163224 21.02633173
v -3.53593677 26.71163854 21.02633173
v 29.38333549 70.73985877 -3.87568364
v -29.38333549 70.73985877 -3.87568364
v 2.62408458 114.89046462 18.71033179
v -2.62408458 114.89046462 18.71033179
v 24.25190181 -140.43660225 3.64432621
v -24.25191021 -140.43657705 3.64439654
v 5.30561465 113.31199285 15.38029753
v -5.30561465 113.31199285 15.38029753
v 22.11107229 -135.694065 -18.0200055
v -22.11107859 -135.694065 -18.0200097
v 6.73780276 111.28961633 12.94413655
v -6.73780276 111.28961633 12.94413655
v 21.89334018 -133.86300718 -17.41389345
v -21.89327509 -133.86307437 -17.41386301
v 32.58086495 -138.63262972 16.90202771
v -32.58086495 -138.63262972 16.90202771
v 33.15840727 -137.79460673 24.14437742
v -33.15833378 -137.79447235 24.14408767
v 35.22182115 -141.44719841 29.03164458
v -35.22182535 -141.44719841 29.03164248
v 20.82969254 125.76394354 -10.30935432
v -20.82969254 125.76394354 -10.30935432
v 53.68967034 33.59486463 -0.40862558
v -53.68967034 33.59486463 -0.40862558
v 29.25092623 -119.12092616 -6.26676652
v -29.25092623 -119.12092616 -6.26676652
v 46.19643528 64.49306765 -17.92431045
v -46.19643528 64.49306765 -17.92431045
v -0.00001144 152.49035302 7.92754343
v 55.7376834 49.46613759 1.39751435
v -55.7376834 49.46613759 1.39751435
v 25.66653698 -28.88145561 -14.12929319
v -25.66653698 -28.88145561 -14.12929319
v 35.33565495 -137.54408671 -6.46724436
v -35.33555837 -137.54408671 -6.46750367
v 69.46344886 26.32944414 7.90592349
v -69.46344886 26.32944414 7.90592349
v 18.08065974 -3.47009485 -16.69142596
v -18.08065974 -3.47009485 -16.69142596
v 42.65214695 -139.82859843 7.2367463
v -42.65215535 -139.82859003 7.23677569
v 26.7543934 -5.96570725 14.2783935
v -26.7543934 -5.96570725 14.2783935
v 11.54990773 88.70937226 7.08428815
v -11.54990773 88.70937226 7.08428815
v 81.90547247 -6.2095079 19.69071631
v -81.90549767 -6.20951105 19.69071211
v 39.50413947 -135.52618661 13.17722224
v -39.50408488 -135.52607743 13.1768884
v 13.76812453 124.44848042 -1.39174416
v -13.76812453 124.44848042 -1.39174416
v 44.94921029 44.22292565 -5.05313568
v -44.94921029 44.22292565 -5.05313568
v 42.9099611 -142.5163156 10.83327092
v -42.9099611 -142.5163156 10.83326252
v 30.97399563 -97.00981607 -5.95267062
v -30.97399563 -97.00981607 -5.95267062
v 25.03617835 48.72690661 -0.25544396
v -25.03617835 48.72690661 -0.25544396
v 26.12360015 -126.5124969 1.13558413
v -26.12360015 -126.5124969 1.13558413
v 9.13620864 72.81816117 18.47963233
v -9.13619079 72.81817797 18.47963023
v 15.90642609 63.42976646 18.75538995
v -15.90642504 63.42976646 18.75538995
v 63.39716333 27.4285735 -5.85854032
v -63.39716333 27.4285735 -5.85854032
v 8.99587325 104.65048747 -4.57515804
v -8.99587325 104.65048747 -4.57515751
v 10.40819148 112.36659454 6.06019921
v -10.40819148 112.36659454 6.06019921
v 23.96026465 -139.1155457 -0.63358963
v -23.96026045 -139.1155457 -0.63360551
v 25.0887889 -139.09580073 -16.37904441
v -25.0887889 -139.09580073 -16.37904441
v 14.21818542 134.17851509 6.21678629
v -14.21818542 134.17851509 6.21678629
v 75.36251528 11.03545629 2.08969435
v -75.36264966 11.03503636 2.08980905
v 2.24324103 118.71862775 18.55474466
v -2.24324103 118.71862775 18.55474466
v 34.46725864 -131.6041446 -8.24532997
v -34.46721035 -131.60406902 -8.24539138
v 9.67945657 147.58817634 -4.67341989
v -9.67945762 147.58817634 -4.67341937
v 15.52148956 -79.56865465 -10.8839372
v -15.52148956 -79.56865465 -10.8839372
v 22.29789569 -51.29427691 7.34974706
v -22.29789569 -51.29427691 7.34974706
v 9.942208 130.23321753 25.13870981
v -9.9422122 130.23325113 25.13869302
v 28.877523 -62.71602504 -1.31531076
v -28.877523 -62.71602504 -1.31531076
v 39.85093614 50.71491631 -1.2753492
v -39.85093614 50.71491631 -1.2753492
v 55.29403899 56.24725214 -6.12981679
v -55.29403899 56.24725214 -6.12981679
v 12.02987267 70.62968674 -23.44524526
v -12.02987372 70.62968674 -23.44524526
v 32.55552026 -134.87911279 12.68015998
v -32.55552026 -134.87911279 12.68015998
v 8.44349296 61.25884917 21.24051546
v -8.44345412 61.25881978 21.24052596
v 7.71973104 89.84780259 7.37869683
v -7.71973104 89.84780259 7.37869683
v 79.7545983 15.20313455 7.55035246
v -79.75453951 15.20327523 7.55022753
v 14.76211889 -57.61718819 0.3516143
v -14.76211889 -57.61718819 0.3516143
v 16.82086214 36.64316046 12.97923929
v -16.82086214 36.64316046 12.97923929
v 74.06641919 14.47182654 8.08942999
v -74.06825847 14.47486681 8.09858335
v 77.71102386 3.36683035 15.03393234
v -77.71102386 3.36683035 15.03393234
v 8.52783529 -12.81410407 -11.2081061
v -8.52783529 -12.81410407 -11.2081061
v 81.04340446 -8.77821935 14.36412263
v -81.04337927 -8.7782204 14.36409534
v 12.54532879 57.8303641 -20.20826996
v -12.54532879 57.8303641 -20.20826786
v 28.81496438 -139.88582608 27.07036113
v -28.81498118 -139.88580928 27.07038002
v 1.99567927 -3.30358594 -14.20771665
v -1.99568019 -3.30358647 -14.20771665
v 3.83755979 133.72136583 19.97145426
v -3.83755952 133.72134903 19.97147106
v 11.3046704 128.22934299 -0.20225425
v -11.3046704 128.22934299 -0.20225425
v 42.54404936 -139.49214457 9.53219239
v -42.54403676 -139.49210258 9.53225013
v 12.1911771 118.55310095 0.44642708
v -12.1911771 118.55310095 0.44642708
v 11.96016795 -10.88904351 -13.4838088
v -11.96016795 -10.88904351 -13.4838088
v -0.00001144 133.77221898 17.48428371
v 22.80078129 -140.71260342 -3.36513647
v -22.80110883 -140.71266221 -3.36447824
v 2.3807322 133.98677645 17.25654263
v -2.38073088 133.98668407 17.25658462
v 2.40458037 117.67797322 18.96894799
v -2.40458064 117.67797322 18.96894799
v 23.67042268 -132.81266913 -18.76993202
v -23.67043948 -132.81282871 -18.76997821
v 21.55134958 -53.50849706 -12.87843793
v -21.55134958 -53.50849706 -12.87843793
v -0.00001144 105.35120275 19.5694729
v 28.01790316 -129.71160109 5.32995834
v -28.01790316 -129.71160109 5.32995834
v 43.66369635 46.66602278 -12.59714252
v -43.66369635 46.66602278 -12.59714252
v 17.75539064 130.93622562 0.8479624
v -17.75539064 130.93622562 0.8479624
v 41.94307512 48.0240329 -11.61944973
v -41.94307512 48.0240329 -11.61944973
v 17.09735568 130.14347075 -4.01279136
v -17.09735358 130.14347075 -4.01279267
v 14.36440188 56.22872077 -19.43332839
v -14.36439559 56.22874176 -19.43333889
v 73.66844603 4.99025844 18.23402546
v -73.66846283 4.99027629 18.23404856
v 32.12220396 -137.27792862 -14.99329286
v -32.12218506 -137.27796222 -14.99331386
v 33.03853702 72.74306984 3.7923082
v -33.03853702 72.74306984 3.7923082
v 39.02551935 -141.08621242 23.42826131
v -39.02553195 -141.08621242 23.42821932
v 24.98699231 8.75364785 12.28620027
v -24.98699231 8.75364785 12.28620027
v 7.059429 37.22752238 -13.05007886
v -7.05943425 37.22751398 -13.05007781
v 12.52497178 123.33947857 2.60000676
v -12.52497178 123.33947857 2.60000676
v 64.90239144 24.11627801 -3.2171844
v -64.90239144 24.11627801 -3.2171844
v 13.87795327 135.54744331 5.23092277
v -13.87795327 135.54744331 5.23092277
v 66.44198216 33.26596945 6.16684385
v -66.44198216 33.26596945 6.16684385
v 12.68467734 134.77531525 9.74236162
v -12.68467734 134.77531525 9.74236162
v 76.4842829 17.10144052 11.98304977
v -76.4842829 17.10144052 11.98304977
v 24.10996231 83.18515782 7.74483322
v -24.10996231 83.18515782 7.74483322
v 33.8260785 72.18733013 -17.68229396
v -33.8260785 72.18733013 -17.68229396
v 27.65495611 -129.74696733 3.97744139
v -27.65495611 -129.74696733 3.97744139
v 22.99164858 130.34583354 10.88871597
v -22.99164858 130.34583354 10.88871597
v 26.68692794 -129.83710045 4.14576936
v -26.68692794 -129.83710045 4.14576936
v 36.404369 -133.06475967 6.15196794
v -36.40422203 -133.06471768 6.15200363
v 13.58878528 63.89892143 19.68757526
v -13.58878528 63.89892143 19.68757526
v 25.14121678 -134.21490596 9.90875137
v -25.14116639 -134.21497315 9.90882276
v 24.41066779 -133.67047908 -17.26022959
v -24.41066779 -133.67047908 -17.26022959
v 28.63647024 78.72167882 7.19573309
v -28.63647024 78.72167882 7.19573309
v 32.70927231 -26.14508362 -0.20278918
v -32.70927231 -26.14508362 -0.20278918
v 51.43427635 64.12959569 -12.7492726
v -51.43427635 64.12959569 -12.7492726
v 34.94088373 65.0416728 -14.00492238
v -34.94088373 65.0416728 -14.00492238
v 6.2733557 137.92309597 12.3325833
v -6.27335307 137.92309597 12.33258645
v 34.18406411 67.52560782 -14.11347979
v -34.18406411 67.52560782 -14.11347979
v 29.85437174 -66.90711423 -3.44817256
v -29.85437174 -66.90711423 -3.44817256
v 79.46341256 -2.3896727 8.48913692
v -79.46341256 -2.3896727 8.48913692
v 34.81714806 -85.51114992 -10.02722536
v -34.81714806 -85.51114992 -10.02722536
v -0.00001144 -1.47558677 -11.20992123
v 2.39048238 131.32603539 -11.09646642
v -2.39048421 131.32602699 -11.09646747
v 33.94862578 -139.06292885 -10.49081105
v -33.94854179 -139.06290366 -10.49103466
v 24.36651037 87.86667968 -17.82443712
v -24.36651037 87.86667968 -17.82443712
v 48.41495968 48.47367807 -16.25012789
v -48.41495968 48.47367807 -16.25012789
v 77.38613479 -3.90248968 6.44104932
v -77.38616838 -3.9024944 6.44106664
v 77.09038025 20.76063346 8.30028633
v -77.09038025 20.76063346 8.30028633
v 1.31984755 112.96761077 20.16689456
v -1.31984676 112.96761077 20.16689456
v 57.37967331 33.3616687 -9.1088315
v -57.37967331 33.3616687 -9.1088315
v 40.56863326 87.75298026 -0.70349185
v -40.56863326 87.75298026 -0.70349185
v 48.07783814 47.97129008 2.41501398
v -48.07783814 47.97129008 2.41501398
v 30.12077339 -129.71504449 3.44816469
v -30.12077339 -129.71504449 3.44816469
v 81.66948193 -3.88399321 20.15663994
v -81.66949033 -3.8839751 20.15662735
v 29.08583825 -46.94897375 1.29656693
v -29.08583825 -46.94897375 1.29656693
v 20.30278922 -131.42391196 -12.53966187
v -20.30275142 -131.42397075 -12.53953484
v 2.0696435 77.04543127 -22.55433247
v -2.06965911 77.04543127 -22.55433247
v 36.42027584 72.07807354 3.78552533
v -36.42027584 72.07807354 3.78552533
v 24.83260617 -133.93222794 8.94299815
v -24.83261457 -133.93222794 8.9430139
v 24.21583219 -136.13557618 0.71224818
v -24.21583219 -136.13557618 0.71224818
v 16.86455763 126.49769867 -1.55506083
v -16.86455763 126.49769867 -1.55506083
v 36.27282689 85.06654808 -16.35392228
v -36.27282689 85.06654808 -16.35392228
v 51.79096649 38.88145082 -0.43088945
v -51.79096649 38.88145082 -0.43088945
v -0.00001144 128.37715727 -18.06006233
v 18.36389416 -5.80055576 16.53088789
v -18.36389416 -5.80055576 16.53088789
v 7.48068868 130.58163931 15.73529851
v -7.48068868 130.58163931 15.73529851
v 20.85220062 -10.93950403 16.8799574
v -20.85220062 -10.93950403 16.8799574
v 9.24028543 128.01683476 14.31485366
v -9.24028543 128.01683476 14.31485366
v 21.45378165 -16.42698747 16.62242986
v -21.45378165 -16.42698747 16.62242986
v 77.9372805 -10.11266999 9.02336482
v -77.9372805 -10.11266999 9.02336482
v 35.89193216 -133.08786405 -6.68753383
v -35.89193636 -133.08786405 -6.68749446
v 25.72199463 79.3551302 9.02212919
v -25.72199463 79.3551302 9.02212919
v 26.41478169 78.01623516 8.75350612
v -26.41478169 78.01623516 8.75350612
v 81.49490151 -1.76409416 10.89250791
v -81.49486791 -1.76410794 10.89250476
v 5.6551634 -14.14898462 10.81070299
v -5.6551634 -14.14898462 10.81070299
v 38.41748194 61.34678607 -17.09676463
v -38.41748194 61.34678607 -17.09676463
v 37.056167 -133.48401473 -3.46782593
v -37.0561502 -133.48398113 -3.46787973
v 21.15893835 -104.41508483 -8.59228935
v -21.15893835 -104.41508483 -8.59228935
v 7.50242987 -1.52124884 13.04690212
v -7.50242987 -1.52124884 13.04690212
v 1.77943449 -6.03555999 6.31842593
v -1.77943462 -6.03555999 6.31842698
v 10.57388835 130.222459 10.13687038
v -10.57389045 130.22245061 10.13687668
v 3.95393598 151.57121694 2.18704037
v -3.95389031 151.57116654 2.18698526
v 19.55660214 14.43615375 13.85554072
v -19.55660424 14.43615165 13.85554072
v 2.24650623 151.09330649 3.58274655
v -2.2464267 151.09328969 3.58271558
v 33.03142346 87.70190035 -16.0118015
v -33.03142346 87.70190035 -16.0118015
v 26.55294395 91.12894928 1.9710146
v -26.55294395 91.12894928 1.9710146
v 35.48553107 87.46734596 -15.16340107
v -35.48553107 87.46734596 -15.16340107
v 23.3438413 90.92960996 2.46619127
v -23.3438413 90.92960996 2.46619127
v 82.11569629 3.9737917 16.94482457
v -82.11569629 3.9737917 16.94482457
v 23.11141174 -140.99297184 10.10938511
v -23.11139915 -140.99300544 10.10945335
v 34.2945112 -131.69967798 6.80138442
v -34.2944776 -131.69966958 6.8013818
v 6.07104802 42.98417478 -13.9760692
v -6.07107164 42.98417058 -13.9760692
v 18.77485356 -139.57945578 -10.14408683
v -18.77484516 -139.57945578 -10.14410572
v 8.14219486 111.26897272 -3.79103267
v -8.14219486 111.26897272 -3.79103267
v 28.98700635 58.17417508 -14.53225193
v -28.98700635 58.17417508 -14.53225193
v 22.59705164 -130.07671076 -1.10529257
v -22.59706633 -130.07669397 -1.10527328
v 3.96838382 94.70240153 -16.30524645
v -3.96851978 94.70232595 -16.30531154
v 12.98071323 57.96267468 19.07916621
v -12.98070273 57.96267888 19.07917251
v 73.94979708 8.03008014 4.95677294
v -73.94979708 8.03008014 4.95677294
v 32.03500823 -131.857033 -10.0589183
v -32.03500823 -131.857033 -10.0589183
v -0.00001144 109.98974089 15.77918298
v 62.06769984 27.0883067 2.91674164
v -62.06769984 27.0883067 2.91674164
v 7.75894854 107.67050122 9.600272
v -7.75894854 107.67050122 9.600272
v 31.46118227 -105.62014916 -18.39346962
v -31.46118227 -105.62014916 -18.39346962
v 6.55637333 106.15170947 10.00010333
v -6.55637333 106.15170947 10.00010333
v 4.73770546 105.06633272 9.55738381
v -4.73770966 105.06633272 9.55738381
v 4.93526271 23.66019746 -14.29224584
v -4.93525116 23.66019326 -14.29224584
v 6.04961232 105.17630318 6.90117691
v -6.04961232 105.17630318 6.90117691
v 39.26011573 -135.12461888 19.19442986
v -39.26011573 -135.12463567 19.19442356
v 35.57092741 -130.79564248 -0.76242079
v -35.57070065 -130.79534013 -0.76289268
v 25.10248272 -125.66232122 -0.82838087
v -25.10249322 -125.66232122 -0.82837818
v 35.35784809 -137.64287033 16.90145136
v -35.35784809 -137.64287033 16.90145136
v 24.4059688 -135.24014918 5.10318992
v -24.4059688 -135.24014918 5.10318992
v 36.2830899 -136.79268625 15.78849696
v -36.2830899 -136.79268625 15.78849696
v 48.86153098 43.09315422 -0.94478023
v -48.86153098 43.09315422 -0.94478023
v 35.98212407 -137.29512043 16.44465694
v -35.98212407 -137.29512043 16.44465694
v 36.73250831 59.36371471 -14.88772428
v -36.73250831 59.36371471 -14.88772428
v 13.5424432 -36.78615818 11.52393525
v -13.5424432 -36.78615818 11.52393525
v 21.45513802 19.06505037 -8.3043549
v -21.45513802 19.06505037 -8.3043549
v 29.9264459 -136.54532409 27.51012541
v -29.9264144 -136.54534928 27.51011911
v 13.10328571 -52.32525213 4.68447972
v -13.10328571 -52.32525213 4.68447972
v 77.28211049 8.34410518 17.34646054
v -77.28211889 8.34411725 17.34645949
v 14.17715961 -52.88826917 5.64891542
v -14.17715961 -52.88826917 5.64891542
v 77.25410976 5.76142854 17.40392754
v -77.25411816 5.76141962 17.40393279
v 33.47972696 -128.58772543 -1.34528042
v -33.47972696 -128.58770863 -1.3452841
v 25.42111908 -127.22455021 -17.28690545
v -25.42109388 -127.22455021 -17.286896
v 9.52134463 125.2928779 14.71285516
v -9.52134463 125.2928779 14.71285516
v 17.03973645 81.36367434 -22.55663787
v -17.03973645 81.36367434 -22.55663787
v 33.90845137 -140.76627009 -9.70820372
v -33.90842197 -140.76627009 -9.70830135
v 53.21353618 55.41115241 0.02143679
v -53.21353618 55.41115241 0.02143679
v 24.5272584 -121.94506079 -16.83398695
v -24.5272584 -121.94506079 -16.83398695
v 32.8236982 -129.58446401 4.04927592
v -32.8236982 -129.58446401 4.04927592
v 26.87917889 -128.26169416 2.65892749
v -26.87918519 -128.26167736 2.65892881
v 32.44886092 -129.88646706 3.22049605
v -32.44886092 -129.88646706 3.22049605
v 25.65773321 -129.59481941 3.35535349
v -25.65771641 -129.59481941 3.35534876
v 32.71506311 -129.96231427 3.88438269
v -32.71506311 -129.96231427 3.88438269
v 23.26813687 -12.75572688 -12.61530751
v -23.26813687 -12.75572688 -12.61530751
v 16.3537816 6.08477018 -17.73901559
v -16.3537816 6.08477018 -17.73901559
v 81.22149548 -0.87377721 14.93057153
v -81.22149548 -0.87377721 14.93057153
v 78.17423687 -9.64942129 14.99900807
v -78.17423687 -9.64942129 14.99900807
v 12.61680455 124.50732898 -0.5682652
v -12.61680455 124.50732898 -0.5682652
v 35.7658701 -134.59519179 1.03763998
v -35.7658701 -134.59519179 1.03763998
v 9.25683265 138.73489873 -6.85471777
v -9.25683265 138.73489873 -6.85471777
v 15.9434395 129.52606897 23.02420552
v -15.94344475 129.52606897 23.02419292
v 10.55487195 132.76884556 -8.55395632
v -10.55487195 132.76884556 -8.55395632
v 27.36846096 60.62159745 -0.51575537
v -27.36846096 60.62159745 -0.51575537
v 11.70286821 131.69362264 -7.70487717
v -11.70286821 131.69362264 -7.70487717
v 2.63034149 110.82660489 15.60070353
v -2.63034149 110.82659649 15.60070038
v 82.80347783 -4.34538845 17.7032924
v -82.80344423 -4.34548058 17.7033071
v 24.93077459 -69.78063227 0.55402752
v -24.93077459 -69.78063227 0.55402752
v 29.55241487 -46.21328695 -1.51119894
v -29.55241487 -46.21328695 -1.51119894
v 20.06715771 27.58042538 11.40655517
v -20.06715771 27.58042538 11.40655517
v 10.93504336 147.29201027 0.76230176
v -10.93504336 147.29201027 0.76230176
v 8.48535285 133.69304596 17.87099862
v -8.48527149 133.69305436 17.87098183
v 55.40022592 35.3066464 1.86201154
v -55.40022592 35.3066464 1.86201154
v 32.45999318 -139.25753979 29.42708768
v -32.45998899 -139.25752299 29.42708768
v 29.28782311 -127.76408914 0.98523093
v -29.28782311 -127.76408914 0.985231
v 18.8148831 132.35719958 7.03817072
v -18.8148831 132.35719958 7.03817072
v 16.87059618 28.59772148 -8.91011263
v -16.87059618 28.59772148 -8.91011263
v 70.20469129 5.00707337 20.24907636
v -70.20469969 5.00707179 20.24907426
v 20.76623948 96.3463819 -3.71503036
v -20.76623948 96.3463819 -3.71503036
v 9.49611332 109.30491564 1.52742649
v -9.49611332 109.30491564 1.52742649
v -0.00001144 110.77354292 17.10856668
v 27.35588415 -127.93246304 -17.02765935
v -27.35588625 -127.93243784 -17.02764991
v -0.00001144 127.93823284 30.59352293
v 78.83208601 4.61606837 17.98706853
v -78.83210281 4.61606207 17.98706853
v 25.15752674 12.74395948 -0.7868209
v -25.15752674 12.74395948 -0.7868209
v 9.39740109 110.34954269 3.76435156
v -9.39740109 110.34954269 3.76435156
v 51.37401264 63.26750669 -1.23013082
v -51.37401264 63.26750669 -1.23013082
v 11.07497771 116.65689567 1.21527367
v -11.07497771 116.65689567 1.21527367
v 80.770158 -9.17318425 14.5456203
v -80.770158 -9.17318425 14.5456203
v 10.27719107 114.82856739 4.10625844
v -10.27719107 114.82856739 4.10625844
v 25.41912442 127.84568934 -3.33249949
v -25.41912442 127.84568934 -3.33249949
v 30.47682944 -2.71756347 8.22211955
v -30.47682944 -2.71756347 8.22211955
v 26.4204864 -127.40062557 -0.38453664
v -26.4204864 -127.40062557 -0.38453664
v 33.00250309 -29.84437328 5.46158601
v -33.00250309 -29.84437328 5.46158601
v 56.99290801 52.99838661 -7.84785127
v -56.99290801 52.99838661 -7.84785127
v 20.56198282 -38.27756649 11.661581
v -20.56198282 -38.27756649 11.661581
v 32.32883111 -141.49278568 29.19980013
v -32.32881221 -141.49273529 29.19966785
v 28.70467477 -128.12253037 2.57465472
v -28.70467477 -128.12253037 2.57465472
v 25.73275106 -125.94594827 -0.18407446
v -25.73285604 -125.94597347 -0.18403813
v 12.89019483 120.46776622 1.02709844
v -12.89019483 120.46776622 1.02709844
v 20.02867981 39.62862262 -7.78706737
v -20.02867981 39.62862262 -7.78706737
v 79.08751917 -0.50571318 4.15077279
v -79.08751917 -0.50571318 4.15077279
v 80.43094102 -0.33051343 6.39668299
v -80.43094102 -0.33051343 6.39668299
v 37.51361021 -133.70445957 6.69039983
v -37.51331206 -133.70433359 6.69040718
v 2.85732539 15.4488737 19.49958656
v -2.85729835 15.44895768 19.49960546
v 71.52450066 15.00736147 6.80871845
v -71.52450066 15.00736147 6.80871845
v 51.40899675 65.33557966 -11.00909747
v -51.40899675 65.33557966 -11.00909747
v 1.45031373 -8.94320812 -1.42254632
v -1.45031373 -8.94320812 -1.42254632
v 4.91800214 130.93105212 -12.27072806
v -4.91768247 130.93107731 -12.27074066
v 31.08893174 -33.62991383 8.45634273
v -31.08893174 -33.62991383 8.45634273
v 24.11756718 -127.73798648 -16.47573153
v -24.11760288 -127.73799488 -16.47575043
v 18.80677431 -10.09454595 16.72843832
v -18.80677431 -10.09454595 16.72843832
v 7.43670133 -35.3916732 -2.6686761
v -7.43670133 -35.3916732 -2.6686761
v 23.39285308 -138.97786005 16.01168707
v -23.39284258 -138.97792724 16.01168497
v 8.79110166 -40.40533628 -1.98664363
v -8.79110166 -40.40533628 -1.98664363
v 28.16831049 -139.40778125 1.71613037
v -28.16831049 -139.40778125 1.71613037
v 77.30951492 -8.79462747 8.88621983
v -77.30951492 -8.79462747 8.88621983
v 23.33645269 -48.82604296 -13.0656781
v -23.33645269 -48.82604296 -13.0656781
v 27.94808611 -124.74028765 -2.96588359
v -27.94808611 -124.74028765 -2.96588359
v 71.86958821 22.31384661 9.58288597
v -71.86958821 22.31384661 9.58288597
v 9.144161 128.35701757 -16.70222543
v -9.14407807 128.35709316 -16.7020921
v 14.68601763 129.38653565 -8.74966957
v -14.68601763 129.38653565 -8.74966957
v 40.75912052 -139.13460198 14.10850261
v -40.75912052 -139.13460198 14.10850261
v 22.51901871 -137.69858623 -17.94174371
v -22.51901871 -137.69858623 -17.94174371
v 40.17577902 -136.83821473 21.87361201
v -40.17580421 -136.83824832 21.87354902
v 5.72214333 124.27942623 17.77563112
v -5.72214385 124.27942623 17.77563112
v 2.77057741 142.09319722 2.32815052
v -2.77059368 142.09319722 2.32814816
v 38.25864038 -138.77302809 14.76104807
v -38.25864038 -138.77302809 14.76104807
v 16.94132238 -93.61452201 -15.22854748
v -16.94132238 -93.61452201 -15.22854748
v 8.68058214 127.11850186 -7.51389913
v -8.68058214 127.11850186 -7.51389913
v 23.6858382 -134.03296001 1.18876644
v -23.6858445 -134.03296001 1.18880331
v 17.40231397 -9.53789815 -14.33836956
v -17.40231397 -9.53789815 -14.33836956
v 10.68844021 -48.70676271 -1.38353301
v -10.68844021 -48.70676271 -1.38353301
v 80.06116176 -2.69125242 10.57067276
v -80.06117856 -2.6912435 10.57067381
v 35.40632865 91.12791626 -10.61585269
v -35.40632865 91.12791626 -10.61585269
v -0.00001144 67.88479233 20.39318059
v 24.95188852 -128.11040288 0.42201676
v -24.95182973 -128.11044487 0.42198907
v 73.87016213 4.04004252 20.55189827
v -73.87015374 4.04003727 20.55188777
v 35.51991889 60.85528259 2.67036578
v -35.51991889 60.85528259 2.67036578
v 12.71670622 126.45400108 1.56746101
v -12.71670622 126.45400108 1.56746101
v 31.60323095 -139.85895075 16.0833896
v -31.60323095 -139.85895075 16.0833896
v 2.08463935 104.15137071 17.99503664
v -2.08463699 104.15136231 17.99502614
v 30.28027423 -140.40771967 15.13031397
v -30.28027423 -140.40771967 15.13031397
v 23.20054334 -31.24725679 13.62966622
v -23.20054334 -31.24725679 13.62966622
v 36.34512151 -86.93728899 -17.67480246
v -36.34512151 -86.93728899 -17.67480246
v 13.4717233 135.76050584 6.7220492
v -13.4717233 135.76050584 6.7220492
v 54.24874426 58.58805087 -6.41139723
v -54.24874426 58.58805087 -6.41139723
v 12.08221551 47.6343365 18.40695977
v -12.08221866 47.6343575 18.40695767
v 82.85910135 2.23775574 10.09508135
v -82.85909295 2.23776177 10.09502361
v 78.56738087 0.50719484 11.32077564
v -78.56738087 0.50719484 11.32077564
v 21.62820881 9.89064832 14.48786985
v -21.62820881 9.89064832 14.48786985
v 4.13494023 107.49087327 16.39928699
v -4.13494076 107.49087327 16.39928699
v 23.08052822 10.26394972 13.49815035
v -23.08052822 10.26394972 13.49815035
v 4.45645152 137.5987864 0.95701066
v -4.45644469 137.5987864 0.95699951
v 79.47677464 -3.12947899 8.00802715
v -79.47681663 -3.12944014 8.00801088
v 80.75829927 -1.21239704 7.32795968
v -80.75829927 -1.2124095 7.3279686
v 14.59476435 -20.94983364 -15.37140033
v -14.59476435 -20.94983364 -15.37140033
v 24.69368384 48.05341939 -4.73524311
v -24.69368384 48.05341939 -4.73524311
v 33.98985001 84.70959338 6.01395475
v -33.98985001 84.70959338 6.01395475
v 72.73562873 15.22073474 2.48610997
v -72.73562873 15.22073474 2.48610997
v 39.67959335 -135.55196172 2.87825979
v -39.67965634 -135.55200372 2.87843354
v 77.78556089 0.54395278 7.92264446
v -77.78556089 0.54395278 7.92264446
v 72.89740978 4.55169357 17.53754619
v -72.89743498 4.55169882 17.53754514
v 34.02597632 -138.32651138 -8.63312567
v -34.02597632 -138.32651138 -8.63312567
v 11.35920106 132.54608272 -3.44926463
v -11.35920106 132.54608272 -3.44926463
v 42.1127676 -142.51429995 3.94593138
v -42.1127886 -142.51431674 3.94598623
v 8.39381508 41.01575467 19.90878017
v -8.39381456 41.01576307 19.90878017
v 21.1058197 -57.19952886 -13.4375129
v -21.1058197 -57.19952886 -13.4375129
v 31.8713921 -138.28571128 17.86917614
v -31.8713921 -138.28571128 17.86917614
v 35.80530543 68.41010413 3.54364269
v -35.80530543 68.41010413 3.54364269
v 77.18826522 -13.91592202 16.19128248
v -77.18826522 -13.91592202 16.19128248
v 0.79545598 123.59897662 19.11702893
v -0.79545631 123.59897662 19.11702683
v 31.07000353 71.36162779 -20.47273995
v -31.07000353 71.36162779 -20.47273995
v 66.87441452 30.30724194 -5.99544962
v -66.87441452 30.30724194 -5.99544962
v 20.3988454 -133.49907331 -4.13938096
v -20.3988538 -133.49907331 -4.1393429
v 31.07393824 -104.7549065 -8.37425436
v -31.07393824 -104.7549065 -8.37425436
v 21.27630793 -131.86461688 -2.88907711
v -21.27623655 -131.86473446 -2.88923905
v -0.00001144 -6.86591092 9.51151414
v 23.42387728 25.31855192 4.58045332
v -23.42387728 25.31855192 4.58045332
v 35.28776648 -141.43318965 28.76072032
v -35.28777068 -141.43318965 28.76071402
v 29.37194077 68.10647176 -3.23920143
v -29.37194077 68.10647176 -3.23920143
v 36.72260643 -141.43994207 28.26691984
v -36.72261483 -141.43994207 28.26691564
v 82.68529359 4.55308825 16.2520816
v -82.68527679 4.55313655 16.25206375
v 77.28851018 -13.90690094 15.18998664
v -77.28851018 -13.90690094 15.18998664
v 18.97989129 132.82164717 8.75501471
v -18.97989129 132.82164717 8.75501471
v 78.7494024 -7.26690335 10.95792203
v -78.74941079 -7.266917 10.95792728
v 76.10888502 5.06221712 15.91166363
v -76.10889342 5.06221555 15.91165838
v -0.00001144 142.33737633 1.89585372
v 15.75841864 9.87410425 -17.22069977
v -15.75841864 9.87410425 -17.22069977
v 26.03384917 -133.45859235 9.42728309
v -26.03379668 -133.45857555 9.4272306
v 26.7256851 -125.67208872 -1.547362
v -26.7256431 -125.67214751 -1.54730281
v 28.65447041 -132.89889693 8.99130235
v -28.65480635 -132.89888013 8.99129815
v 31.37026809 -66.88079321 -11.55979176
v -31.37026809 -66.88079321 -11.55979176
v 14.56857981 -58.55921868 -10.1976863
v -14.56857981 -58.55921868 -10.1976863
v -0.00001144 135.40347556 12.90798189
v 30.45364317 -140.04045157 0.6771827
v -30.45364317 -140.04045157 0.6771827
v 1.09487346 149.60958704 1.10110643
v -1.09486546 149.60957024 1.10110131
v 42.19736608 -138.38303355 6.28530472
v -42.19730729 -138.38295796 6.2852685
v 8.9151444 125.40425932 -9.97083127
v -8.91509716 125.40425092 -9.97089006
v 1.91364799 88.49119502 9.57729044
v -1.91366505 88.49120342 9.577281
v 24.30071202 -66.74010509 1.79756116
v -24.30071202 -66.74010509 1.79756116
v 24.12087411 64.66756829 6.06910953
v -24.12087411 64.66756829 6.06910953
v 76.82647297 -5.56349598 6.67685929
v -76.82648976 -5.56348758 6.67685719
v 0.94807678 98.46435059 6.98264536
v -0.94808663 98.46435059 6.98263959
v 26.5607231 68.15641367 -21.30706968
v -26.5607231 68.15641367 -21.30706968
v 23.96408389 -118.3936463 -5.18691862
v -23.96408389 -118.3936463 -5.18691862
v 26.80035231 70.57808612 -21.94399176
v -26.80035231 70.57808612 -21.94399176
v 7.57539795 149.8167454 -4.94103513
v -7.5754326 149.81676219 -4.94097372
v 35.84151993 -140.67450765 -5.80501801
v -35.84159552 -140.67450765 -5.80488258
v 4.55942233 30.94803785 -13.22571645
v -4.55943073 30.94800006 -13.22571855
v 25.52536384 -127.58583855 -17.05983416
v -25.52535124 -127.58583855 -17.05983206
v 21.04965237 46.73711641 -11.92878576
v -21.04965237 46.73711641 -11.92878576
v 17.43782509 96.36378367 -2.52584136
v -17.43782509 96.36378367 -2.52584136
v 14.93059567 -11.44537637 -13.65095127
v -14.93059567 -11.44537637 -13.65095127
v 14.98127665 -13.02266813 -13.56258709
v -14.98127665 -13.02266813 -13.56258709
v 29.52183369 -142.67603901 27.79601587
v -29.52183999 -142.67602221 27.79602427
v 9.99217091 144.73475601 -5.23287228
v -9.99217091 144.73475601 -5.23287228
v 40.23584956 60.45527279 -17.84083527
v -40.23584956 60.45527279 -17.84083527
v 10.36226617 142.16885125 -4.80063361
v -10.36226617 142.16885125 -4.80063361
v 23.37417473 -39.40769485 10.48676715
v -23.37417473 -39.40769485 10.48676715
v 20.12094405 -72.58715096 -20.19637763
v -20.12094405 -72.58715096 -20.19637763
v 25.60900489 11.71151556 9.77113712
v -25.60900489 11.71151556 9.77113712
v 28.01524923 -0.345897 -0.82323703
v -28.01524923 -0.345897 -0.82323703
v 48.90406958 36.68333487 -7.01732345
v -48.90406958 36.68333487 -7.01732345
v 37.13119114 59.21673188 3.09217609
v -37.13119114 59.21673188 3.09217609
v 26.01821529 75.61736894 9.1743716
v -26.01821529 75.61736894 9.1743716
v 31.36864087 90.28781883 3.01900382
v -31.36864087 90.28781883 3.01900382
v 48.92271014 65.08729786 -16.06166153
v -48.92271014 65.08729786 -16.06166153
v 23.96331332 94.16787654 -1.04492965
v -23.96331332 94.16787654 -1.04492965
v 17.3392168 -57.64591959 3.8389752
v -17.3392168 -57.64591959 3.8389752
v 45.79050031 71.78869349 -12.24363228
v -45.79050031 71.78869349 -12.24363228
v 26.83222896 -127.12422966 1.06962897
v -26.83222896 -127.12422966 1.06962897
v 24.94303226 17.29825502 4.7365916
v -24.94303226 17.29825502 4.7365916
v -0.00001144 147.92072488 -10.79944895
v 29.24240171 -140.72096837 10.86744562
v -29.24240171 -140.72096837 10.86744562
v 82.40791505 0.18558843 14.77603841
v -82.40794025 0.18568104 14.77605206
v 60.55069699 46.80705524 -9.3677637
v -60.55069699 46.80705524 -9.3677637
v 78.87266775 -4.94293215 8.42024528
v -78.87266775 -4.94286811 8.4202647
v 40.59877982 -139.46001176 1.68632146
v -40.59875042 -139.45999497 1.68631254
v 24.96956534 -137.09845185 11.14648392
v -24.96956534 -137.09845185 11.14648392
v 31.93864549 -24.84555252 -1.87272414
v -31.93864549 -24.84555252 -1.87272414
v 25.93817512 -140.34915666 -9.67257816
v -25.93817512 -140.34915666 -9.67257816
v 26.2198936 -138.32254727 -18.77468979
v -26.2198936 -138.32254727 -18.77468979
v 26.27523787 -60.49267568 3.7624758
v -26.27523787 -60.49267568 3.7624758
v 9.43124825 -34.47413075 7.33138576
v -9.43124825 -34.47413075 7.33138576
v 77.72798051 -3.74581625 6.09353091
v -77.72798051 -3.74581625 6.09353091
v -0.00001144 37.22093373 -12.98723575
v 26.61145237 -125.00169216 -0.28312307
v -26.61144607 -125.00170056 -0.28312373
v 37.82234049 -139.00935457 19.39356971
v -37.82234049 -139.00935457 19.39356971
v 31.33215342 -7.15376244 3.70344378
v -31.33215342 -7.15376244 3.70344378
v 18.20854009 -80.85749441 -20.48094532
v -18.20854009 -80.85749441 -20.48094532
v 42.19801277 -141.1460772 8.25943111
v -42.19801277 -141.1461108 8.25947206
v 1.95762681 112.06125727 18.54026978
v -1.95762694 112.06125727 18.54026558
v 41.49826332 50.21118456 -14.30477751
v -41.49826332 50.21118456 -14.30477751
v 2.74146702 131.44235515 17.98984005
v -2.74145757 131.44235515 17.98984214
v 1.43354487 109.62258197 13.77919171
v -1.43354565 109.62258197 13.77919171
v 23.48170542 41.0742043 -0.62080095
v -23.48170542 41.0742043 -0.62080095
v 22.45381876 -104.59934877 -19.02454842
v -22.45381876 -104.59934877 -19.02454842
v 27.34118041 -99.7822157 -4.02396273
v -27.34118041 -99.7822157 -4.02396273
v 7.44740317 137.01214847 5.22417874
v -7.44740317 137.01214847 5.22417874
v 26.34941796 -41.62543399 -12.32851736
v -26.34941796 -41.62543399 -12.32851736
v 3.7277964 116.4756804 -7.37562244
v -3.72779718 116.4756804 -7.37562244
v 25.76361989 -140.07328986 -15.25126763
v -25.76361989 -140.07328986 -15.25126763
v 5.6266026 125.03951918 -9.27911922
v -5.62659525 125.03951918 -9.27912237
v 19.83821775 -3.23735559 16.51894622
v -19.83821775 -3.23735559 16.51894622
v 31.84645473 -131.62088289 6.80946697
v -31.84625317 -131.62069812 6.80910898
v 2.15333376 123.41044622 17.48773026
v -2.15333415 123.41044622 17.48773026
v 19.15046351 -36.70516267 12.29633836
v -19.15046351 -36.70516267 12.29633836
v 11.77918469 130.95668446 -8.52161722
v -11.77918364 130.95668446 -8.52161722
v 21.26321251 -111.23663834 -12.09138987
v -21.26321251 -111.23663834 -12.09138987
v 41.74864055 -140.26930335 13.59928976
v -41.74861956 -140.26935375 13.59930445
v 20.31789189 -105.65205521 -12.05319016
v -20.31789189 -105.65205521 -12.05319016
v 37.70878805 -134.78039637 16.91300775
v -37.70862428 -134.78033758 16.91308439
v 36.388311 -134.5307666 17.96586432
v -36.38834039 -134.5307834 17.96586222
v 27.08919695 -128.00704206 2.28423167
v -27.08919695 -128.00704206 2.28423167
v 80.81839921 0.16286052 4.73319702
v -80.81836562 0.16278858 4.7331755
v 28.35170938 -73.95667548 -22.78161792
v -28.35170938 -73.95667548 -22.78161792
v 43.95246751 76.62384982 -13.3088074
v -43.95246751 76.62384982 -13.3088074
v 79.01312491 -9.0016189 8.84686323
v -79.01313331 -9.00162205 8.84687583
v 23.76929028 -134.06017128 4.71427091
v -23.76929028 -134.06017128 4.71426146
v 26.84585769 -32.88273783 -12.25370422
v -26.84585769 -32.88273783 -12.25370422
v 12.52973165 -46.48747404 -9.5059984
v -12.52973165 -46.48747404 -9.5059984
v 56.80239135 40.80321705 -11.87744234
v -56.80239135 40.80321705 -11.87744234
v 70.77318418 21.47463523 -1.47448879
v -70.77318418 21.47463523 -1.47448879
v 26.46349951 -9.73033702 14.96997642
v -26.46349951 -9.73033702 14.96997642
v 8.4671212 106.20120206 3.38396573
v -8.4671212 106.20120206 3.38396573
v 27.91962346 -22.37359382 13.40335185
v -27.91962346 -22.37359382 13.40335185
v 53.04473395 45.71933109 1.66007878
v -53.04473395 45.71933109 1.66007878
v 7.37509333 -1.41207479 -19.43613141
v -7.37509333 -1.41207479 -19.43613141
v 74.67987365 9.43032231 3.04998025
v -74.67987365 9.43032231 3.04998025
v 29.08462466 -61.09091199 -11.16483263
v -29.08462466 -61.09091199 -11.16483263
v 74.16019727 12.57739021 2.97498052
v -74.16019727 12.57739021 2.97498052
v 67.9395298 35.39890434 5.36033218
v -67.9395298 35.39890434 5.36033218
v 23.10917143 -137.07670803 14.22068819
v -23.10914624 -137.07668284 14.22047928
v 81.3408975 -2.3916629 11.85386029
v -81.3409311 -2.39164006 11.85385294
v 80.09300902 -8.56288187 9.09603003
v -80.09300902 -8.56289341 9.09605417
v 37.79224013 90.90732024 -6.99063027
v -37.79224013 90.90732024 -6.99063027
v 18.99523752 -25.05090729 15.32307199
v -18.99523752 -25.05090729 15.32307199
v 10.04653885 139.21112107 -5.86750523
v -10.04653885 139.21112107 -5.86750523
v 29.131562 -41.77684705 6.63680928
v -29.131562 -41.77684705 6.63680928
v 5.44169512 148.76882612 15.87178422
v -5.44169512 148.76882612 15.87178422
v 41.82542 -137.79098696 13.12693179
v -41.8254032 -137.79096176 13.12698428
v 47.42672882 54.25262439 3.50756545
v -47.42672882 54.25262439 3.50756545
v 26.98126103 -121.22646502 -3.6136844
v -26.98126103 -121.22646502 -3.6136844
v 19.65185207 10.9882313 -12.75421619
v -19.65185207 10.9882313 -12.75421619
v 39.21136221 -133.68445425 5.33603993
v -39.21132442 -133.68442066 5.33605883
v 19.97592439 -51.72160296 7.71692803
v -19.97592439 -51.72160296 7.71692803
v 21.70728105 -27.45046429 15.00630115
v -21.70728105 -27.45046429 15.00630115
v 19.55951434 -54.29907251 6.77021325
v -19.55951434 -54.29907251 6.77021325
v 73.54278709 12.42311115 2.4308531
v -73.54376972 12.42182092 2.43075888
v 28.92009309 -62.38613464 -13.06326877
v -28.92009309 -62.38613464 -13.06326877
v 21.87834248 7.62791454 -9.82345266
v -21.87834248 7.62791454 -9.82345266
v 11.45260331 124.38645721 -12.72310695
v -11.45260226 124.38645721 -12.72310695
v 7.87692019 115.46962785 -4.61864725
v -7.87692019 115.46962785 -4.61864725
v 9.54396504 124.99078246 -15.07076204
v -9.54396504 124.99078246 -15.07076204
v 64.3864986 26.34888466 4.53062059
v -64.3864986 26.34888466 4.53062059
v 19.95368716 -142.26385552 -8.04046651
v -19.95365986 -142.26385552 -8.04049801
v 30.71181635 -141.33398611 28.11916644
v -30.71181635 -141.33396931 28.11916435
v 19.43516137 -141.33887406 -17.15432822
v -19.43516767 -141.33887406 -17.15432822
v 30.98194905 -128.55923759 -0.76574785
v -30.98200994 -128.55931317 -0.76561289
v 23.13053942 -128.01770821 -15.59156172
v -23.13055411 -128.01770821 -15.59157432
v 1.62734299 139.29646702 19.61463185
v -1.62734102 139.29646702 19.61463395
v -0.00001144 148.90348829 -0.94095102
v 31.97833909 -130.09564947 3.49258561
v -31.97834119 -130.09569146 3.49262235
v 80.9885788 4.57390351 5.82355726
v -80.98866279 4.57407725 5.82381341
v 36.40748906 -139.96704834 13.62770096
v -36.40748906 -139.96704834 13.62770096
v 22.85673445 -80.93478616 -23.52567807
v -22.85673445 -80.93478616 -23.52567807
v 82.54578546 3.03651687 16.11032371
v -82.54578546 3.03651687 16.11032371
v 21.7811042 -86.44795652 -22.99018304
v -21.7811042 -86.44795652 -22.99018304
v 20.40164841 -87.29825818 -21.96468996
v -20.40164841 -87.29825818 -21.96468996
v 3.09818498 94.12417894 6.78203944
v -3.09818682 94.12417894 6.78203996
v 67.67741561 21.2276699 -1.05660808
v -67.67741561 21.2276699 -1.05660808
v 4.83747905 -26.79538457 -3.45299621
v -4.83747905 -26.79538457 -3.45299621
v 7.58214513 74.3543043 17.92253206
v -7.58212413 74.35432949 17.92252996
v 70.8012353 -1.90941171 22.41662583
v -70.8012353 -1.90941171 22.41662583
v 34.0266818 -128.95010558 0.39391935
v -34.0266818 -128.95010558 0.39391935
v 28.95203273 -20.02557655 12.70141353
v -28.95203273 -20.02557655 12.70141353
v 75.48014521 -11.51311373 9.21064069
v -75.48014521 -11.51311373 9.21064069
v 9.37397652 -0.94553137 13.83535063
v -9.37397652 -0.94553137 13.83535063
v 32.54705454 -137.25157401 -15.51126854
v -32.54710913 -137.25155721 -15.51118351
v 6.11539808 59.33020034 21.55713617
v -6.11540858 59.33016675 21.55713617
v 7.57453238 133.98466842 14.4787081
v -7.57453133 133.98466842 14.47870915
v 29.4384656 -4.15177222 10.99476537
v -29.4384656 -4.15177222 10.99476537
v 22.54722731 -115.32517298 -7.47579968
v -22.54722731 -115.32517298 -7.47579968
v 1.32368424 116.37415887 21.56934345
v -1.32368069 116.37415887 21.56934765
v 9.18982701 98.15716564 1.15526375
v -9.18982701 98.15716564 1.15526309
v 15.00987053 -65.90258181 -7.70121489
v -15.00987053 -65.90258181 -7.70121489
v 75.42359785 21.95854853 9.60549799
v -75.42359785 21.95854853 9.60549799
v 9.59496517 -40.97631933 -6.50052252
v -9.59496517 -40.97631933 -6.50052252
v 25.2830765 -139.08594085 -19.37375756
v -25.28299881 -139.08592405 -19.37373236
v 5.74829847 2.19960839 15.62801033
v -5.74830372 2.1996139 15.62801033
v 1.90441826 -4.22760262 13.71794851
v -1.90441957 -4.22760315 13.71794746
v 26.91161405 -137.31409273 -17.74079398
v -26.91161405 -137.31409273 -17.74079398
v 81.66372893 -1.00731515 8.54677399
v -81.66372893 -1.00731515 8.54677399
v 80.47780487 -1.4591587 10.76266545
v -80.47780487 -1.4591587 10.76266545
v -0.00000381 109.19355942 19.02885267
v 72.53601226 13.51524138 13.72796587
v -72.53817069 13.5050907 13.74172267
v 1.6876794 108.301643 18.62187628
v -1.6876794 108.301643 18.62187628
v 6.25638592 94.59230509 5.27297163
v -6.25638592 94.59230509 5.27297215
v 24.01176239 -136.80864347 16.56836322
v -24.01182538 -136.80858468 16.56839786
v 13.79464607 134.27571138 -2.40048451
v -13.79464607 134.27571138 -2.40048451
v 26.33516354 79.89015912 -21.96476135
v -26.33516354 79.89015912 -21.96476135
v 14.04957531 132.90517064 -2.53019207
v -14.04957531 132.90517064 -2.53019207
v 34.36333092 -139.03970689 20.66523445
v -34.36333092 -139.03970689 20.66523445
v 14.84476156 131.92322189 -2.79837683
v -14.84476156 131.92322189 -2.79837683
v 34.73741654 -142.68117891 5.47568716
v -34.73799604 -142.68112852 5.4749843
v 52.45866292 62.88496585 -10.30644213
v -52.45866292 62.88496585 -10.30644213
v 77.91650251 17.40744443 11.74999557
v -77.91869453 17.40771948 11.75056247
v 12.22837318 129.0884883 25.82597694
v -12.22837318 129.08847151 25.82597484
v 78.81707782 15.9551901 11.72732791
v -78.82342712 15.93820721 11.72815621
v 0.73710372 -6.66145322 3.83707949
v -0.73710359 -6.66145322 3.83707845
v 24.50389577 -130.8541467 2.61099126
v -24.50386847 -130.85417189 2.61095189
v 1.76751919 -8.24353898 6.93571538
v -1.76751919 -8.24353898 6.93571538
v 12.22660529 128.89349943 21.11083992
v -12.22660529 128.89349943 21.11083992
v 49.81761643 65.12935775 -0.33630045
v -49.81761643 65.12935775 -0.33630045
v 33.13838725 -128.74062083 2.51942435
v -33.13838725 -128.74062083 2.51942435
v 21.91909219 -138.54466342 -4.81867262
v -21.919088 -138.54468022 -4.81868994
v 26.94689631 -31.98784203 12.29288761
v -26.94689631 -31.98784203 12.29288761
v 9.3740773 129.67346332 -7.02090228
v -9.3740773 129.67346332 -7.0209028
v 25.0543066 -32.34507388 12.90951882
v -25.0543066 -32.34507388 12.90951882
v 4.77327432 -3.04890367 -17.74551815
v -4.77327432 -3.04890419 -17.74551815
v 42.32918115 -141.24869055 9.22852118
v -42.32918115 -141.24869055 9.22855162
v 44.03212345 83.36676782 -4.85995091
v -44.03212345 83.36676782 -4.85995091
v 72.56917809 5.04474606 21.15226362
v -72.56917809 5.04474606 21.15226362
v 4.6263781 128.17459291 -10.39317489
v -4.62636918 128.17460971 -10.39318014
v 22.67894789 -139.69534722 10.33545278
v -22.67894159 -139.69533042 10.33550737
v 5.26518986 12.48349874 -19.12713447
v -5.26518881 12.48350714 -19.12713237
v 22.46527646 -139.76302264 12.65143172
v -22.46527646 -139.76298905 12.65143592
v 11.14203479 -44.4428078 7.49988092
v -11.14203479 -44.4428078 7.49988092
v 17.52699867 20.70988319 14.32377185
v -17.52699867 20.70987479 14.32377185
v 10.53876041 -40.97951497 7.81702129
v -10.53876041 -40.97951497 7.81702129
v 36.91220345 -137.1343556 22.84033421
v -36.91204387 -137.1343556 22.84034051
v 23.09138753 11.53892139 -6.15863953
v -23.09138753 11.53892139 -6.15863953
v 29.90529418 -126.77586668 -14.33805882
v -29.90529418 -126.77586668 -14.33805882
v 24.94791391 -103.35974125 -21.08174109
v -24.94791391 -103.35974125 -21.08174109
v 15.85671409 -70.45491315 -9.66564832
v -15.85671409 -70.45491315 -9.66564832
v 29.17103303 -137.4223499 -18.72219052
v -29.17105403 -137.42238349 -18.72218003
v 18.48962029 -136.65630238 -12.93860926
v -18.48962029 -136.65630238 -12.93861766
v 70.93335271 14.13696211 6.99585101
v -70.93331072 14.13725816 6.99528096
v 14.24404348 134.14813758 2.73327083
v -14.24404348 134.14813758 2.73327083
v 33.06554882 -79.00890884 -7.47879219
v -33.06554882 -79.00890884 -7.47879219
v 29.72978361 -68.65150753 -3.02694962
v -29.72978361 -68.65150753 -3.02694962
v 30.27170772 -127.62715096 -0.68581037
v -30.2718526 -127.62720135 -0.68581758
v 29.56013103 -71.42348303 -2.74083372
v -29.56013103 -71.42348303 -2.74083372
v 2.94773487 69.6620659 -22.60036906
v -2.9477493 69.6620743 -22.60037116
v 32.10979931 -126.48599111 -3.00426386
v -32.10980771 -126.48600791 -3.00426675
v -0.00001144 72.45842656 -22.71298926
v 18.4424016 97.96767781 -7.33420242
v -18.4424016 97.96767781 -7.33420242
v 29.02614774 95.07925237 -5.90343051
v -29.02614774 95.07925237 -5.90343051
v 21.40084986 -101.8869399 -7.69888272
v -21.40084986 -101.8869399 -7.69888272
v 22.4277266 -100.41679249 -6.6178984
v -22.4277266 -100.41679249 -6.6178984
v 23.72078452 96.22152922 -5.6252793
v -23.72078452 96.22152922 -5.6252793
v 74.21530008 7.18670203 5.27499777
v -74.21524969 7.18678234 5.27480408
v 31.98857901 -138.3959421 17.02033058
v -31.98857901 -138.3959421 17.02033058
v 32.5536138 -141.5466875 -14.75211623
v -32.5536096 -141.54665391 -14.75213617
v -0.00001144 54.22121385 22.251836
v 32.28609934 69.62922761 -13.13485161
v -32.28609934 69.62922761 -13.13485161
v 21.05793543 26.55635796 -5.76347201
v -21.05793543 26.55635796 -5.76347201
v 33.05375728 68.1291982 -12.56468742
v -33.05375728 68.1291982 -12.56468742
v 18.70732511 28.34333184 -7.57061866
v -18.70732511 28.34333184 -7.57061866
v 26.45405326 -134.77168708 -17.90440801
v -26.45405326 -134.77168708 -17.90440801
v 71.11840611 4.75788242 21.10152174
v -71.11838092 4.75788137 21.10150285
v 34.04014675 -94.84047351 -19.6102919
v -34.04014675 -94.84047351 -19.6102919
v 42.85791115 85.85625427 -6.92321678
v -42.85791115 85.85625427 -6.92321678
v 38.53578796 52.22685485 -10.63631363
v -38.53578796 52.22685485 -10.63631363
v 42.76190326 86.0227889 -4.9456895
v -42.76190326 86.0227889 -4.9456895
v 76.16469331 18.55131595 2.32467221
v -76.16469331 18.55131595 2.32467221
v 30.67769099 -139.0057432 23.34668421
v -30.67769099 -139.0057432 23.34668421
v 37.24965253 71.86442311 -17.91275406
v -37.24965253 71.86442311 -17.91275406
v 41.35405621 82.62781399 1.67700171
v -41.35405621 82.62781399 1.67700171
v 16.49264934 -68.42505773 -4.27444285
v -16.49264934 -68.42505773 -4.27444285
v 26.75730559 63.18981181 -19.28295256
v -26.75730559 63.18981181 -19.28295256
v 37.53865885 52.68954295 -3.25291231
v -37.53865885 52.68954295 -3.25291231
v 52.43267784 41.20240799 -13.24194558
v -52.43267784 41.20240799 -13.24194558
v 1.64976079 151.68033075 14.62866401
v -1.64976643 151.68031395 14.62867555
v 7.0757967 121.13988448 15.69934017
v -7.0757967 121.13988448 15.69934017
v 4.64279987 31.83925719 20.46966818
v -4.6427899 31.83925929 20.46966818
v 30.75333033 74.61599437 4.06775245
v -30.75333033 74.61599437 4.06775245
v 31.57620026 -137.25842722 21.47137029
v -31.57620026 -137.25842722 21.47137029
v 16.49050981 -58.82244988 -12.29436575
v -16.49050981 -58.82244988 -12.29436575
v 32.3018466 -135.33205439 27.77584678
v -32.30161354 -135.33209638 27.77584258
v 9.31001955 144.12917098 10.87617905
v -9.31001955 144.12917098 10.87617905
v 32.58366797 -101.52529042 -12.03160697
v -32.58366797 -101.52529042 -12.03160697
v 8.01503783 144.16879528 13.68264
v -8.01503783 144.16879528 13.68264
v 12.44078797 120.7150192 3.883599
v -12.44078797 120.7150192 3.883599
v 37.46795575 -139.45157123 26.78087189
v -37.46798514 -139.45151244 26.7808278
v 1.3681751 149.20850642 -1.4226807
v -1.36826329 149.20854002 -1.42285812
v 25.51076298 -131.65041215 5.16106635
v -25.51076298 -131.65041215 5.16106635
v 11.8285282 129.81683478 -2.57875478
v -11.8285282 129.81683478 -2.57875478
v 77.49096535 3.36163979 9.88221724
v -77.49096535 3.36159622 9.88219519
v 79.62828428 -5.72599196 19.76344975
v -79.6281499 -5.7258707 19.76324819
v 7.42310358 24.95287745 20.33972389
v -7.42312405 24.95288585 20.33971759
v 8.65037732 151.38639869 5.25141363
v -8.65037574 151.38639869 5.2514005
v 40.95045183 -138.36142411 1.48894045
v -40.95033005 -138.36134852 1.48878311
v 18.15281579 58.1573528 14.77025077
v -18.15281579 58.1573528 14.77025077
v -0.00001144 27.65980627 21.04963137
v 26.13861464 -55.72236447 4.91264387
v -26.13861464 -55.72236447 4.91264387
v 79.71087551 12.29154489 6.3200164
v -79.71087551 12.29154489 6.3200164
v 27.95707465 -104.41650418 -4.08748114
v -27.95707465 -104.41650418 -4.08748114
v 14.61940567 126.23383338 -0.14640262
v -14.61940567 126.23383338 -0.14640262
v 26.70009055 -125.31160664 -16.95759665
v -26.70009055 -125.31160664 -16.95759665
v 15.6399394 -84.37055277 -10.43396344
v -15.6399394 -84.37055277 -10.43396344
v 26.01739643 -128.31227856 -17.03209903
v -26.01739643 -128.31227856 -17.03209903
v 18.62126108 -99.22055502 -13.8303556
v -18.62126108 -99.22055502 -13.8303556
v 20.08662553 -103.69689218 -15.07978731
v -20.08662553 -103.69689218 -15.07978731
v 21.15589178 -30.20257935 -17.08100792
v -21.15589178 -30.20257935 -17.08100792
v 10.88440227 100.80608995 -3.93843437
v -10.88440227 100.80608995 -3.93843437
v 79.57821219 13.46174794 11.90135403
v -79.57829618 13.46152118 11.9015052
v 12.10682533 99.96926795 -5.803606
v -12.10682533 99.96926795 -5.803606
v 5.76274659 127.87507582 28.85313364
v -5.76274659 127.87507582 28.85313364
v 17.64861162 -5.75432915 -16.26367998
v -17.64861162 -5.75432915 -16.26367998
v 21.53460289 -128.76938582 -6.59986306
v -21.53464698 -128.76935223 -6.59978747
v 5.24097739 142.94840362 16.92423135
v -5.24097739 142.94840362 16.92423135
v 28.561402 -127.47717825 0.48264026
v -28.55785572 -127.47667434 0.48205519
v 24.89275021 78.11478361 -22.65498056
v -24.89275021 78.11478361 -22.65498056
v 12.54146861 127.06760672 1.64762703
v -12.54146861 127.06760672 1.64762703
v -0.00001144 112.52578045 -7.44948444
v 12.04610809 119.44033938 3.23343898
v -12.04610809 119.44033938 3.23343898
v 1.63330884 143.89194585 -10.30293889
v -1.63330044 143.89192905 -10.30293994
v 12.22694438 118.8051747 2.76643876
v -12.22694438 118.8051747 2.76643876
v 26.1474457 11.99360883 8.37209226
v -26.1474457 11.99360883 8.37209226
v 26.60224337 95.32058438 -7.54817829
v -26.60224337 95.32058438 -7.54817829
v 17.20878434 -11.56317007 16.232808
v -17.20878434 -11.56317007 16.232808
v 79.71719961 -7.78331795 18.8539699
v -79.71719961 -7.78331795 18.8539699
v 24.60287884 -1.06192685 -8.28064267
v -24.60287884 -1.06192685 -8.28064267
v 32.53823607 -137.66892259 20.90956054
v -32.53823607 -137.66892259 20.90956054
v 72.5581844 11.63106281 15.65707347
v -72.5581844 11.63106281 15.65707347
v 30.43051359 -136.2693565 19.64602978
v -30.43051359 -136.2693565 19.64602978
v 73.5099824 13.73946977 13.65369129
v -73.5099824 13.73946977 13.65369129
v 28.50996725 -37.48195191 -6.63290974
v -28.50996725 -37.48195191 -6.63290974
v 26.16517502 -126.38633405 -0.12808462
v -26.16515612 -126.38636764 -0.12807959
v 4.09124867 139.41906889 -10.17308383
v -4.09124815 139.41906889 -10.17308488
v 73.26260344 10.08774943 4.59613549
v -73.26260344 10.08774943 4.59613549
v 71.38370755 15.99471573 8.1158098
v -71.38370755 15.99471573 8.1158098
v 30.53078585 -73.98797684 -21.96949183
v -30.53078585 -73.98797684 -21.96949183
v 29.80986998 -17.30596383 11.85420883
v -29.80986998 -17.30596383 11.85420883
v 24.42042899 -139.96126175 3.23370354
v -24.42044788 -139.96127855 3.23373766
v 36.40750586 -135.12259483 -5.2669462
v -36.40753105 -135.12254444 -5.26687691
v 42.57802145 83.77412214 -11.49647727
v -42.57802145 83.77412214 -11.49647727
v 24.15763871 -44.66822458 7.82358055
v -24.15763871 -44.66822458 7.82358055
v 38.63483612 -141.30212205 25.75538302
v -38.63483193 -141.30215565 25.75536412
v 25.34676471 -43.32962348 7.79454312
v -25.34676471 -43.32962348 7.79454312
v 2.19806582 -19.57636811 2.97839715
v -2.19806582 -19.57636811 2.97839715
v 17.87234449 -75.57666122 -5.40496359
v -17.87234449 -75.57666122 -5.40496359
v 15.53492932 128.02042094 8.11084574
v -15.53492932 128.02042094 8.11084574
v 26.52354277 -55.01437605 -10.8178701
v -26.52354277 -55.01437605 -10.8178701
v 0.8600164 118.88941204 21.26664751
v -0.86001679 118.88941204 21.26664541
v 25.07575647 -55.69585868 -11.96483124
v -25.07575647 -55.69585868 -11.96483124
v 82.70495457 -6.7585629 14.27643769
v -82.70495457 -6.75860437 14.2763642
v 6.93050776 0.36700098 13.8438909
v -6.93050828 0.36700118 13.8438909
v 38.19151506 -133.95879252 3.92150659
v -38.19148566 -133.95877572 3.92147799
v 80.40273033 -3.91956706 18.94758001
v -80.40273033 -3.91956706 18.94758001
v 36.13274346 56.85371902 -11.7644652
v -36.13274346 56.85371902 -11.7644652
v 3.38750047 149.95115561 -5.66943042
v -3.38755453 149.95115561 -5.66943882
v 23.5898492 63.87301194 7.69293235
v -23.5898492 63.87301194 7.69293235
v 6.33370392 150.61894022 -3.81593407
v -6.33363358 150.61894022 -3.81590389
v 33.90583942 -130.29166296 2.43438154
v -33.90583942 -130.29166296 2.43438154
v 4.28906444 6.76439358 17.51376258
v -4.28908413 6.76435737 17.51375208
v 3.81860796 -22.90162044 -2.97298429
v -3.81860796 -22.90162044 -2.97298429
v 23.04674509 -142.62682357 -18.66860155
v -23.0467094 -142.62673958 -18.66866244
v 23.71866389 47.04611125 5.52228382
v -23.71866389 47.04611125 5.52228382
v 22.25190529 -137.7953542 -10.02085507
v -22.25190529 -137.7953542 -10.02085507
v 23.84867537 16.47407387 8.48110529
v -23.84867537 16.47407387 8.48110529
v 11.81825574 133.14590635 5.90241691
v -11.81825574 133.14590635 5.90241691
v 64.69170569 22.90843376 1.91262521
v -64.69170569 22.90843376 1.91262521
v 71.93560073 13.49469226 12.69402386
v -71.93486166 13.48642284 12.69976636
v 29.4833075 -49.05004038 -1.34418743
v -29.4833075 -49.05004038 -1.34418743
v 35.67113038 -130.96472186 1.26643166
v -35.67113038 -130.96472186 1.26643416
v 16.11991169 -30.79133791 -16.60296835
v -16.11991169 -30.79133791 -16.60296835
v 78.01405994 -0.09863761 4.96975078
v -78.01405154 -0.09869619 4.96982795
v 11.13442257 125.5135915 -17.70986636
v -11.13443622 125.5135915 -17.70986006
v 14.83844271 57.5809149 17.66281564
v -14.83844376 57.5809149 17.66281354
v 45.80879653 69.61476953 0.12878597
v -45.80879653 69.61476953 0.12878597
v 44.97760155 71.91187486 -0.2978316
v -44.97760155 71.91187486 -0.2978316
v 39.88553392 87.02235778 -11.94170376
v -39.88553392 87.02235778 -11.94170376
v 74.0249388 28.35043911 0.69827386
v -74.0249388 28.35043911 0.69827386
v 27.17046961 -130.37239812 4.83945743
v -27.17046961 -130.37239812 4.83945743
v 26.13293513 -135.77427944 -19.68741988
v -26.13292883 -135.77426265 -19.68741988
v 81.1132803 -8.77467674 20.14690604
v -81.1132803 -8.77467674 20.14690604
v 36.30522005 -135.76725826 0.01019498
v -36.30522005 -135.76725826 0.01019498
v 42.11062177 73.25816901 -15.83395195
v -42.11062177 73.25816901 -15.83395195
v 2.07409052 136.39909713 19.97507403
v -2.07409171 136.39909713 19.97507193
v 37.15596263 -136.21395974 27.221686
v -37.15591644 -136.21395974 27.22173219
v 27.62133046 -136.12750519 -19.44092697
v -27.62134096 -136.12750519 -19.44092697
v 80.00181769 12.03189987 6.63911416
v -80.00178409 12.03196181 6.63905169
v 27.6929742 -129.35309266 5.09611572
v -27.6929742 -129.35309266 5.09611572
v 49.13114927 44.18486768 0.13158437
v -49.13114927 44.18486768 0.13158437
v 26.22270291 12.30016809 3.31669029
v -26.22270291 12.30016809 3.31669029
v 22.95037816 -139.20975211 16.45644219
v -22.95039916 -139.20975211 16.45648103
v 24.12098119 -139.41156059 19.16398726
v -24.12098539 -139.41155219 19.16399355
v 26.88934532 -127.79150197 2.90270584
v -26.88934532 -127.79150197 2.90270584
v 24.52122615 -140.76589215 18.65569719
v -24.52121775 -140.76587536 18.65569299
v 24.20570355 -139.62008791 18.75894883
v -24.20570355 -139.62008791 18.75894883
v 21.33850331 2.33019557 15.72815241
v -21.33850331 2.33019557 15.72815241
v 18.06232153 44.39023294 -12.46531486
v -18.06232153 44.39023714 -12.46532011
v 34.42647744 -138.95366386 28.45068826
v -34.42647954 -138.95369746 28.45070926
v -0.00001144 112.59803308 12.76131925
v 49.46073733 36.72500002 -8.40639819
v -49.46073733 36.72500002 -8.40639819
v 26.15564688 -50.6528973 -10.72945343
v -26.15564688 -50.6528973 -10.72945343
v 19.70317134 -68.04092536 -17.47172789
v -19.70317134 -68.04092536 -17.47172789
v 81.43271873 -5.83730566 10.17371687
v -81.43268513 -5.83715291 10.17381765
v 19.24757791 -64.66269714 -15.95077037
v -19.24757791 -64.66269714 -15.95077037
v 68.5855748 39.12961084 -4.20440638
v -68.5855748 39.12961084 -4.20440638
v 15.92350767 -73.29896072 -9.24971279
v -15.92350767 -73.29896072 -9.24971279
v 18.81284855 -94.27290026 -18.36470252
v -18.81284855 -94.27290026 -18.36470252
v 35.41910703 -78.71170975 -18.32599366
v -35.41910703 -78.71170975 -18.32599366
v 75.93134831 4.81352064 14.21397566
v -75.93133991 4.81352432 14.21396726
v 31.17425879 -5.69436306 8.07237833
v -31.17425879 -5.69436306 8.07237833
v 29.02434415 -65.0641053 -16.21778721
v -29.02434415 -65.0641053 -16.21778721
v 78.27883227 2.77545328 16.92748158
v -78.27884907 2.77539344 16.92747529
v 39.64872032 58.35320673 -17.05708154
v -39.64872032 58.35320673 -17.05708154
v 10.66865431 92.76618562 2.4863803
v -10.66865431 92.76618562 2.4863803
v 50.28208922 67.19055232 -10.49879386
v -50.28208922 67.19055232 -10.49879386
v 29.59295042 -125.45797638 -4.88438541
v -29.59295042 -125.45797638 -4.88438541
v 17.88623777 -84.98800494 -19.82218704
v -17.88623777 -84.98800494 -19.82218704
v 4.87710913 125.29040033 -15.57524756
v -4.87711385 125.29040033 -15.57524966
v 23.27505517 130.22790966 3.13766152
v -23.27505517 130.22790966 3.13766152
v 36.53519304 -139.20224381 21.21332099
v -36.53519304 -139.20224381 21.21332099
v 71.08846532 6.95418219 19.89911555
v -71.08844852 6.95419006 19.89911345
v 27.30863397 -135.37445861 22.1903524
v -27.30856048 -135.3744838 22.19027891
v 13.05119902 121.63367656 1.14275465
v -13.05119902 121.63367656 1.14275465
v 26.06371437 -133.48741613 11.18087069
v -26.06359049 -133.48741613 11.18074786
v 78.75771695 -0.99607476 9.17794833
v -78.75771695 -0.99607476 9.17794833
v 25.29920379 -133.14114438 9.22584204
v -25.29922269 -133.14113598 9.22584414
v 72.94355135 3.8993956 18.72703228
v -72.94355135 3.8993956 18.72703228
v 71.53716565 3.90766265 18.52738012
v -71.53716565 3.90766265 18.52738012
v 23.34611311 70.97603408 13.28371571
v -23.34611311 70.97603408 13.28371571
v 72.42951039 5.08008291 16.78443032
v -72.42951039 5.08008291 16.78443032
v 18.29661557 -136.6803138 -10.12646879
v -18.29662397 -136.68028861 -10.12644255
v 71.89105488 7.20075856 13.30413991
v -71.89105488 7.20075856 13.30413991
v 38.01438988 -137.4028065 14.55215227
v -38.01438988 -137.4028065 14.55215227
v 70.4201768 16.84760098 3.0887815
v -70.4201768 16.84760098 3.0887815
v 39.75891755 -139.99399086 20.75502953
v -39.75877057 -139.99413363 20.75555864
v 25.76675464 -129.76445309 3.96320271
v -25.76675464 -129.76445309 3.96320271
v 11.50745731 117.96968806 0.41072988
v -11.50745731 117.96968806 0.41072988
v 9.09565524 36.42551652 -12.66095357
v -9.09565524 36.42551232 -12.66095252
v 27.24183619 -129.92579742 3.7187097
v -27.24183619 -129.92579742 3.7187097
v 35.8951614 57.01335425 0.5596319
v -35.8951614 57.01335425 0.5596319
v 18.25291587 95.10664 -13.57609614
v -18.25292217 95.1066316 -13.57609824
v 11.66513148 19.4229583 -15.45901913
v -11.66513148 19.4229583 -15.45901913
v 55.52842121 30.70510172 -0.51558747
v -55.52842121 30.70510172 -0.51558747
v 15.70628996 -48.17852402 -12.12777758
v -15.70628996 -48.17852402 -12.12777758
v 75.89555374 5.50841311 15.40529578
v -75.89555374 5.50841311 15.40529578
v 18.38689146 14.46666984 -13.09542782
v -18.38689146 14.46666984 -13.09542782
v 76.64163792 4.79418983 14.69314064
v -76.64163792 4.79418983 14.69314064
v 20.16543741 -134.73694233 -16.19926319
v -20.16537232 -134.73699272 -16.19921385
v 28.63969948 -135.76792175 -17.15520691
v -28.63969948 -135.76792175 -17.15520691
v 5.56868313 102.47038638 5.80402278
v -5.56868155 102.47039478 5.80402488
v 8.68924838 135.18225805 12.45911254
v -8.68924838 135.18225805 12.45911254
v 26.54243948 128.6304068 0.44136611
v -26.54243948 128.6304068 0.44136611
v 9.96673488 135.6067202 9.79117498
v -9.96673488 135.6067202 9.79117498
v 71.90499645 12.55678334 10.06248348
v -71.90499645 12.55678334 10.06248348
v 19.18781811 69.58808317 -22.74408695
v -19.18782651 69.58809157 -22.74408695
v 37.77964652 -138.40123318 14.96407225
v -37.77964652 -138.40123318 14.96407225
v 37.54472259 -137.49411541 15.48732956
v -37.54472259 -137.49411541 15.48732956
v 73.44322242 6.98062079 11.50721271
v -73.44320562 6.98059034 11.5072799
v 4.95762592 5.17870118 -20.00038303
v -4.95762749 5.17870065 -20.00038303
v 20.79687945 -135.7463543 -4.31062323
v -20.79687945 -135.7463711 -4.31062087
v 80.14051955 -1.31198783 5.6666757
v -80.14051955 -1.31198783 5.6666757
v 20.89960408 -135.11938659 -4.33715552
v -20.89959988 -135.11943698 -4.33718544
v 74.01491095 7.82033399 7.61888716
v -74.01491935 7.82033189 7.61888769
v 30.09991981 -102.52208779 -21.37005662
v -30.09991981 -102.52208779 -21.37005662
v 20.15561532 -9.66350564 -13.45514459
v -20.15561532 -9.66350564 -13.45514459
v 31.19099078 69.08643005 -8.48661054
v -31.19099078 69.08643005 -8.48661054
v 21.87097907 -9.26451416 -12.7690879
v -21.87097907 -9.26451416 -12.7690879
v 23.91109541 -128.29286953 -16.120171
v -23.91109541 -128.29286953 -16.120171
v 71.64004775 3.60966019 18.83122455
v -71.64009814 3.60963604 18.83119936
v 11.74443048 26.12187845 18.41169235
v -11.74443048 26.12188055 18.41169235
v 13.38539262 -61.27428569 -6.00065514
v -13.38539262 -61.27428569 -6.00065514
v 29.28540223 -127.42729933 0.03886861
v -29.28539593 -127.4274841 0.03923511
v 7.57382585 102.19862647 -9.96447043
v -7.5738311 102.19862647 -9.96447253
v 10.30815333 101.78512441 -2.92115454
v -10.30815333 101.78512441 -2.92115454
v 4.53728325 103.48964984 -9.99936531
v -4.53729323 103.48964984 -9.99935901
v 10.71794428 99.67950157 -2.05247531
v -10.71794428 99.67950157 -2.05247531
v 25.56728305 9.86077052 -0.42897747
v -25.56728305 9.86077052 -0.42897747
v 22.46880175 -128.30778534 -4.38704783
v -22.46887944 -128.30770975 -4.3868586
v 70.67661778 -1.7601664 23.35598769
v -70.67661778 -1.7601664 23.35598769
v 58.27755269 43.18816689 -11.36996379
v -58.27755269 43.18816689 -11.36996379
v 21.53072907 -133.08589879 -1.01417341
v -21.53072277 -133.085882 -1.0141969
v 21.42518043 131.82055815 16.92439512
v -21.42518043 131.82055815 16.92439302
v 69.65125698 33.42926224 -4.6712095
v -69.65125698 33.42926224 -4.6712095
v 34.04983657 -133.81469879 19.71173995
v -34.04982397 -133.81469039 19.71177775
v 67.50651794 34.45511435 -6.33602454
v -67.50651794 34.45511435 -6.33602454
v 70.89420712 2.75180457 19.65548234
v -70.89420712 2.75180457 19.65548234
v 69.03390139 31.35882088 6.70116361
v -69.03390139 31.35882088 6.70116361
v 32.72387317 -32.12824251 1.76726605
v -32.72387317 -32.12824251 1.76726605
v 58.91498918 40.4977244 4.45612135
v -58.91498918 40.4977244 4.45612135
v 77.58890071 15.63243531 12.22777584
v -77.58890071 15.63243531 12.22777584
v 23.64712094 19.34928841 -4.49719598
v -23.64712094 19.34928841 -4.49719598
v 16.43544794 -90.37253489 -16.23742195
v -16.43544794 -90.37253489 -16.23742195
v 83.53195868 3.20886224 11.84039534
v -83.53194188 3.20898664 11.84037014
v 22.13639599 29.17359878 -3.36234448
v -22.13639599 29.17359878 -3.36234448
v 27.95982517 -128.17763318 3.46143622
v -27.95982517 -128.17763318 3.46143622
v 23.06613312 28.61992512 -1.28961793
v -23.06613312 28.61992512 -1.28961793
v 15.7736074 125.98556418 -5.54721699
v -15.7736074 125.98556418 -5.54721699
v 25.91663916 -128.76156678 2.68853864
v -25.91660557 -128.76163397 2.68856777
v 23.73970853 127.30826684 2.79333325
v -23.73970853 127.30826684 2.79333325
v 25.03054293 -62.25228713 3.98998854
v -25.03054293 -62.25228713 3.98998854
v 32.0932248 68.63177516 -13.53242374
v -32.0932248 68.63177516 -13.53242374
v 1.86660174 83.45605269 -21.25623962
v -1.86661263 83.45603589 -21.25624592
v 29.57114991 94.77728291 -4.32258144
v -29.57114991 94.77728291 -4.32258144
v 31.97489989 63.73996229 -11.94458446
v -31.97489989 63.73996229 -11.94458446
v 32.12121713 66.14906633 -6.18879711
v -32.12121713 66.14906633 -6.18879711
v 24.5174636 -135.39880597 14.77703469
v -24.51738592 -135.39873038 14.77644259
v 32.846685 63.70684685 -3.07734952
v -32.846685 63.70684685 -3.07734952
v 16.13341339 -51.62328547 7.69163215
v -16.13341339 -51.62328547 7.69163215
v 14.94098467 98.61619617 -6.35177548
v -14.94098467 98.61619617 -6.35177548
v 18.08503118 -142.2277922 -14.80267963
v -18.08502908 -142.2277922 -14.80266913
v 29.05464398 -139.68264863 -15.20302957
v -29.05464398 -139.68264863 -15.20302957
v 10.88781733 7.21917866 -19.85196195
v -10.88781733 7.21917866 -19.85196195
v 18.92101123 -74.07365873 -3.84808998
v -18.92101123 -74.07365873 -3.84808998
v 25.32474585 132.26085154 12.29985105
v -25.32474585 132.26085154 12.29985105
v 20.49926043 -72.31403888 -1.86510522
v -20.49926043 -72.31403888 -1.86510522
v 4.14245036 104.92435542 13.28304068
v -4.14246191 104.92436382 13.28306168
v 33.34255363 -140.53566301 -2.35961486
v -33.34255363 -140.53566301 -2.35961486
v 2.67196859 104.65576175 11.02417705
v -2.67197016 104.65576175 11.02417495
v 29.09210776 -140.35208775 -6.04594951
v -29.09210776 -140.35208775 -6.04594951
v 23.62336357 -127.28598552 -2.50068669
v -23.62336357 -127.28598552 -2.50068669
v 3.58487085 151.8059225 13.36331181
v -3.58492518 151.8059057 13.36331496
v 27.94734914 -127.17822387 -0.8977778
v -27.94734914 -127.17822387 -0.8977778
v 14.65067973 -37.8648287 11.83657505
v -14.65067973 -37.8648287 11.83657505
v 21.62210097 -121.23635849 -9.20696843
v -21.62210097 -121.23635849 -9.20696843
v 1.48364622 109.80325974 12.56967405
v -1.48364569 109.80325974 12.569673
v 82.90257219 -0.35043316 14.05718229
v -82.90261418 -0.35030465 14.05713085
v 20.92251949 -126.5791561 -8.18787031
v -20.92251949 -126.5791561 -8.18787031
v 28.27713876 -31.78242427 11.56328345
v -28.27713876 -31.78242427 11.56328345
v 38.17580559 87.29076668 2.77233323
v -38.17580559 87.29076668 2.77233323
v -0.00001144 12.56287018 -17.47123763
v 31.00801391 65.55342516 -7.21947995
v -31.00801391 65.55342516 -7.21947995
v 20.19905256 -61.26758366 4.25328457
v -20.19905256 -61.26758366 4.25328457
v 25.99808399 -128.85507611 1.17621207
v -25.99808399 -128.85507611 1.17621207
v 22.69029221 -133.82626358 5.48459853
v -22.69029221 -133.82626358 5.48460116
v 27.09906943 -130.52557906 5.15782714
v -27.09906943 -130.52557906 5.15782714
v 25.07602102 -101.00141477 -4.98643448
v -25.07602102 -101.00141477 -4.98643448
v 82.54051118 -0.06471522 16.49823647
v -82.54051118 -0.06480442 16.49825327
v 10.8074874 135.77055889 6.8732334
v -10.8074874 135.77055889 6.8732334
v 3.44036717 136.09837905 -2.33365078
v -3.44036717 136.09837905 -2.33365104
v 23.02588732 -18.6596697 -14.79433568
v -23.02588732 -18.6596697 -14.79433568
v 24.45731327 -48.36191031 -12.55967664
v -24.45731327 -48.36191031 -12.55967664
v 71.65681123 10.10702408 17.43436909
v -71.65681123 10.10702408 17.43436909
v 26.86924132 -125.89947076 -0.5994911
v -26.86926022 -125.89943717 -0.59950285
v 22.62614418 38.98036881 -3.57302366
v -22.62614418 38.98036881 -3.57302366
v 30.50559023 -125.9331573 -1.62045723
v -30.50559023 -125.9331573 -1.62045723
v 81.34316511 -3.88291557 12.64028161
v -81.34316511 -3.88291557 12.64028161
v 31.66909649 -125.67617881 -2.02921136
v -31.66909649 -125.67617881 -2.02921136
v 40.88778613 -142.06459179 18.71216267
v -40.88767695 -142.06467578 18.71259309
v 17.65010656 -41.69801836 11.56670481
v -17.65010656 -41.69801836 11.56670481
v 41.1874376 -142.79069586 16.5515252
v -41.18750059 -142.79062867 16.55137927
v 55.27814056 53.05828079 -0.56268208
v -55.27814056 53.05828079 -0.56268208
v 31.77583982 -127.14497405 -2.57430198
v -31.77583982 -127.14497405 -2.57430356
v 12.7774623 132.15327466 -5.69829935
v -12.7774623 132.15327466 -5.69829935
v 32.13022036 -127.40191895 -11.64303388
v -32.13022036 -127.40191895 -11.64303388
v 63.03336383 48.654507 -4.24921285
v -63.03336383 48.654507 -4.24921285
v 32.42955478 -128.5373006 -10.69416802
v -32.42955478 -128.5373006 -10.69416802
v 15.41768257 35.65187253 -9.83132419
v -15.41768257 35.65187253 -9.83132419
v 23.65846106 -139.29902857 -1.71735537
v -23.65895238 -139.29923014 -1.71611515
v 24.27789739 68.01661159 11.18759162
v -24.27789739 68.01661159 11.18759162
v 27.07981998 -41.32119692 -10.88431408
v -27.07981998 -41.32119692 -10.88431408
v 25.44358727 69.71450218 7.53672636
v -25.44358727 69.71450218 7.53672636
v 6.38965603 131.70055143 13.50869997
v -6.38963976 131.70055143 13.50871886
v 6.84587148 104.89074447 -7.79919224
v -6.84587201 104.89074447 -7.79919224
v 4.6453693 132.87866485 12.86331426
v -4.64536352 132.87866485 12.86331006
v 12.51474656 128.73483424 24.71335952
v -12.51474971 128.73483424 24.71334062
v 59.00006218 27.19716226 -4.47849768
v -59.00006218 27.19716226 -4.47849768
v 75.68859694 -7.86089105 5.70976598
v -75.68859694 -7.86089105 5.70976598
v 5.32581418 121.76718814 16.71622474
v -5.32581418 121.76718814 16.71622474
v 28.94505355 -128.59611557 3.84666013
v -28.94505355 -128.59611557 3.84666013
v 77.28417653 -3.710803 5.50704625
v -77.28417653 -3.710803 5.50704625
v 78.82800432 4.28389619 17.0328318
v -78.82800432 4.28389619 17.0328318
v 23.58038405 47.37838683 -8.94244385
v -23.58038405 47.37838683 -8.94244385
v 29.1775188 -137.76839489 27.14920031
v -29.17749571 -137.76843688 27.14918351
v 28.82853852 -49.48640326 0.89257478
v -28.82853852 -49.48640326 0.89257478
v 81.38586328 -1.18294927 7.73111211
v -81.38587168 -1.18288037 7.73109689
v 20.57389825 34.73397104 9.20535591
v -20.57389825 34.73397104 9.20535591
v 27.74862711 59.06281606 -1.39547797
v -27.74862711 59.06281606 -1.39547797
v 16.28389001 -71.67108035 -13.16887514
v -16.28389001 -71.67108035 -13.16887514
v 75.47411506 7.01144552 17.19141406
v -75.47411506 7.01144552 17.19141406
v 16.1370909 -68.28508348 -11.72666442
v -16.1370909 -68.28508348 -11.72666442
v 53.34486413 36.12149362 -9.92003271
v -53.34486413 36.12149362 -9.92003271
v 73.22168576 14.78628778 13.44606157
v -73.22249202 14.79991021 13.44032536
v 17.08974555 26.39594797 -9.52253512
v -17.08974555 26.39594797 -9.52253512
v 68.59155456 37.54826258 3.77404452
v -68.59155456 37.54826258 3.77404452
v 31.49265369 -138.88075615 -16.51311973
v -31.4925949 -138.88073935 -16.51318272
v 30.08412006 -65.7871103 -15.44810628
v -30.08412006 -65.7871103 -15.44810628
v 29.85758628 -42.32237413 5.25918543
v -29.85758628 -42.32237413 5.25918543
v 30.75410299 -139.18167579 -17.94426328
v -30.7540841 -139.18169259 -17.94428427
v 11.20929554 120.81781732 2.57227452
v -11.20929554 120.81781732 2.57227452
v 43.44333969 75.44251136 0.94502319
v -43.44333969 75.44251136 0.94502319
v 25.31267085 -130.84200241 5.35052321
v -25.31269394 -130.84198561 5.35052793
v 47.51548878 69.9816387 -4.04754215
v -47.51548878 69.9816387 -4.04754215
v 46.87132926 70.50726124 -2.58586467
v -46.87132926 70.50726124 -2.58586467
v 22.71742159 -135.29431975 0.84361609
v -22.71742579 -135.29431975 0.84361497
v 46.84825847 71.69303413 -4.1384957
v -46.84825847 71.69303413 -4.1384957
v -0.00001144 19.86958839 20.61788559
v 46.32037672 77.10475015 -5.77056877
v -46.32037672 77.10475015 -5.77056877
v 33.97578875 -139.03381952 -8.00585403
v -33.97634935 -139.03401268 -8.00354338
v 26.85789699 -125.53263099 -0.26502502
v -26.85789069 -125.53263099 -0.26502524
v 30.88244316 -66.03572385 -7.64396415
v -30.88244316 -66.03572385 -7.64396415
v 8.67986301 147.00409157 12.78186628
v -8.67986301 147.00409157 12.78186628
v 18.49423109 97.79562534 -8.53985517
v -18.49423109 97.79562534 -8.53985517
v 32.85210626 -142.59297746 29.35442772
v -32.85204327 -142.59299426 29.35441932
v 22.7305821 43.29955251 -5.77689445
v -22.7305821 43.29955251 -5.77689445
v 31.01666021 65.65648783 -17.81604068
v -31.01666021 65.65648783 -17.81604068
v 33.78233051 -91.11322721 -21.72638352
v -33.78233051 -91.11322721 -21.72638352
v 30.42336854 67.98341637 -19.54369779
v -30.42336854 67.98341637 -19.54369779
v 40.16446618 -139.27855293 15.57737029
v -40.16446618 -139.27855293 15.57737029
v 18.25004147 78.35420076 13.14722476
v -18.25004147 78.35420076 13.14722476
v 79.50219702 -0.93220709 7.18059419
v -79.50219702 -0.93220709 7.18059419
v 22.34762553 80.63473997 9.89312904
v -22.34762553 80.63473997 9.89312904
v 30.22268755 -62.6760144 -7.71815369
v -30.22268755 -62.6760144 -7.71815369
v 3.24528932 -19.53478274 6.30840542
v -3.24528932 -19.53478274 6.30840542
v 18.07950704 -90.2540819 -7.65290544
v -18.07950704 -90.2540819 -7.65290544
v 55.01655967 43.63331044 -13.99167893
v -55.01655967 43.63331044 -13.99167893
v 34.57315582 -129.84187922 1.82876488
v -34.57315162 -129.84187922 1.82878023
v 6.39809604 -4.95166768 11.91922087
v -6.39809604 -4.95166768 11.91922087
v 77.90810397 8.18945554 2.94174986
v -77.90810397 8.18945554 2.94174986
v 30.8350796 73.89322452 -21.15536058
v -30.8350796 73.89322452 -21.15536058
v -0.00001144 131.34825793 -11.2905955
v 30.53655354 -95.61854773 -23.17625896
v -30.53655354 -95.61854773 -23.17625896
v 10.90354779 121.66646446 11.69874768
v -10.90354779 121.66646446 11.69874768
v 31.11802007 -91.71226979 -23.47571096
v -31.11802007 -91.71226979 -23.47571096
v 37.16429818 84.1738422 4.80563756
v -37.16429818 84.1738422 4.80563756
v 26.21709899 -128.42602836 2.06688432
v -26.21709899 -128.42602836 2.06688432
v 27.07186446 -13.00325386 14.70047781
v -27.07186446 -13.00325386 14.70047781
v 9.70118569 129.31099079 0.09927824
v -9.70118569 129.31099079 0.09927824
v 22.05136498 -132.30679995 -8.06247908
v -22.05136498 -132.30679995 -8.06247908
v 70.7983294 6.60031186 17.58692435
v -70.7983378 6.60025517 17.5869065
v 25.97535545 93.75460124 -10.64628165
v -25.97535545 93.75460124 -10.64628165
v 71.28733432 5.93806818 16.82640307
v -71.28734272 5.93806241 16.82638942
v 29.93943214 92.58310587 -11.65841475
v -29.93943214 92.58310587 -11.65841475
v 26.00196622 83.96663345 7.08611588
v -26.00196622 83.96663345 7.08611588
v 73.84442061 -8.01543047 6.30045935
v -73.84442061 -8.01543047 6.30045935
v 37.1348697 82.12803375 -17.25521671
v -37.1348697 82.12803375 -17.25521671
v 24.82290376 -138.2011296 -4.25033353
v -24.82290376 -138.2011296 -4.25033353
v 70.45683642 18.57528118 7.93939797
v -70.45683642 18.57528118 7.93939797
v 14.49810557 -29.88992905 12.99781056
v -14.49810557 -29.88992905 12.99781056
v 77.38747016 -3.58271033 4.81338207
v -77.38747016 -3.58271033 4.81338207
v 18.38166967 65.17632657 17.15355765
v -18.38166967 65.17632657 17.15355765
v 17.2207764 57.75662493 -19.54852485
v -17.2207743 57.75663332 -19.54852695
v 76.17114339 24.44266202 5.87571008
v -76.17114339 24.44266202 5.87571008
v 44.26028655 47.40208751 0.33862042
v -44.26028655 47.40208751 0.33862042
v 41.70787825 -139.20555284 16.1423022
v -41.70787825 -139.20554444 16.1423043
v 66.4664723 24.57640245 5.68247178
v -66.4664723 24.57640245 5.68247178
v 1.3936686 97.69910934 6.50439005
v -1.3936669 97.69910934 6.50439057
v 1.7318044 96.31070491 6.30528169
v -1.73180322 96.3107133 6.30528169
v 2.70217472 -12.30074444 8.26853565
v -2.70217472 -12.30074444 8.26853565
v 29.53715053 -130.01732469 -17.51768155
v -29.53712743 -130.0172911 -17.51768784
v 3.03287322 -15.09005033 8.17921562
v -3.03287322 -15.09005033 8.17921562
v 25.25050906 -125.95720232 -1.06031315
v -25.25051746 -125.95720232 -1.06031013
v 2.89831865 -5.6612471 8.73974354
v -2.89831865 -5.6612471 8.73974354
v 32.4765719 82.98554135 -19.17216533
v -32.4765719 82.98554135 -19.17216533
v 27.45742248 -63.43345342 -15.84530677
v -27.45742248 -63.43345342 -15.84530677
v 28.96263379 -135.89668815 20.82405292
v -28.9625645 -135.89673014 20.8241516
v 30.87571383 -3.38395261 6.95646659
v -30.87571383 -3.38395261 6.95646659
v 79.93331921 -0.68534733 17.90579167
v -79.93331921 -0.68534733 17.90579167
v -0.00000381 120.5138658 20.775881
v 45.56695221 78.85996076 -4.48979319
v -45.56695221 78.85996076 -4.48979319
v 24.61603725 -73.65945959 -22.82957568
v -24.61603725 -73.65945959 -22.82957568
v 6.70467263 88.8798206 -20.22147666
v -6.70469835 88.8798374 -20.22146826
v 25.33672216 -57.65889533 -12.68869814
v -25.33672216 -57.65889533 -12.68869814
v 42.76661904 -138.40694419 9.86021832
v -42.76664003 -138.40694419 9.86007449
v 0.86857772 -8.85070136 2.16161038
v -0.86857772 -8.85070136 2.16161038
v 28.13423972 -81.12691113 -2.07876785
v -28.13423972 -81.12691113 -2.07876785
v 0.79303536 -7.48518767 0.50068718
v -0.79303556 -7.4851882 0.5006863
v 4.76291735 123.12140212 16.79106937
v -4.7629184 123.12140212 16.79106937
v 28.62446873 -72.54790459 -1.80664614
v -28.62446873 -72.54790459 -1.80664614
v 35.83255449 -137.02929828 28.5228758
v -35.8325377 -137.02931508 28.5228905
v 4.14883955 49.74437698 21.76359535
v -4.14880753 49.74441477 21.76360375
v 46.20337248 66.27980218 2.05859351
v -46.20337248 66.27980218 2.05859351
v 28.07541636 -22.43055271 -10.108013
v -28.07541636 -22.43055271 -10.108013
v 43.41682131 65.82100261 3.33898841
v -43.41682131 65.82100261 3.33898841
v 24.85860385 -141.09388868 17.90091632
v -24.85859125 -141.09388868 17.90089322
v 24.03942928 -56.65859157 6.06563149
v -24.03942928 -56.65859157 6.06563149
v 29.45142874 -125.73185272 -2.87489802
v -29.45158202 -125.73190311 -2.8749841
v 25.54823306 -126.24175321 -0.47599308
v -25.54820157 -126.24173641 -0.47600102
v 28.33483882 -125.64528898 -2.40695348
v -28.33475273 -125.64527219 -2.4069107
v 74.41050732 7.15751763 5.95777693
v -74.41050732 7.15751763 5.95777693
v 27.95875226 -125.47037262 -1.99439062
v -27.95872076 -125.47038102 -1.99436188
v 74.06925789 7.99316542 8.51417874
v -74.06925789 7.99316542 8.51417874
v 30.53273851 -116.11370338 -10.75130853
v -30.53273851 -116.11370338 -10.75130853
v 33.05941159 72.98421708 -18.77721985
v -33.05941159 72.98421708 -18.77721985
v 1.27719163 135.74907543 -3.03545131
v -1.2771915 135.74907543 -3.03545105
v 29.67993619 -44.89445601 0.54405606
v -29.67993619 -44.89445601 0.54405606
v 20.42771118 66.52096622 -21.89998132
v -20.42777837 66.5210502 -21.89999602
v 5.9485926 105.81194659 9.02939077
v -5.94858788 105.81194659 9.02939392
v 36.36314898 -85.13429909 -16.29935697
v -36.36314898 -85.13429909 -16.29935697
v 7.58488515 140.01472685 3.1210815
v -7.58488515 140.01472685 3.1210815
v 80.24090729 -6.29793979 19.77118271
v -80.24034459 -6.29798074 19.77055282
v 37.16832948 74.87492971 -18.30539834
v -37.16832948 74.87492971 -18.30539834
v 72.01189305 12.00860862 4.76644053
v -72.01133035 12.01026943 4.7656453
v 28.20317073 -134.82866277 19.14645951
v -28.20312874 -134.82867957 19.1464616
v 15.53202973 -87.90895793 -13.49074074
v -15.53202973 -87.90895793 -13.49074074
v 41.31036281 -141.11671591 3.3913861
v -41.30973712 -141.11671591 3.39163019
v 9.47514112 92.66299277 -18.15386981
v -9.47511907 92.66303476 -18.15383831
v 35.1721543 -134.15504957 6.33564136
v -35.1721543 -134.15504957 6.33564136
v 71.07484289 7.76726362 13.83168362
v -71.07482609 7.76720431 13.83178126
v 33.42941761 -72.54750986 -17.28612333
v -33.42941761 -72.54750986 -17.28612333
v 24.71282621 -83.46349379 -24.02775531
v -24.71282621 -83.46349379 -24.02775531
v 39.31047757 53.43264146 -14.3048006
v -39.31047757 53.43264146 -14.3048006
v -0.00001144 140.68095773 -4.98805487
v 25.25822522 49.18833072 -3.42986243
v -25.25822522 49.18833072 -3.42986243
v 41.39436499 -138.599951 11.65458187
v -41.39436499 -138.599951 11.65458187
v 22.36060338 -98.48044219 -20.48383651
v -22.36060338 -98.48044219 -20.48383651
v 23.60175623 -1.99393631 -10.65985369
v -23.60175623 -1.99393631 -10.65985369
v 8.52864207 -37.09223452 3.49681375
v -8.52864207 -37.09223452 3.49681375
v 30.76452558 59.84460244 -12.67006913
v -30.76452558 59.84460244 -12.67006913
v 28.94663457 -127.16779288 -1.68548069
v -28.94663457 -127.16779288 -1.68548069
v 77.35195274 4.04859748 3.53513366
v -77.35191074 4.04867097 3.53511975
v 39.69776359 -138.3212287 12.77287564
v -39.69776359 -138.3212287 12.77287564
v 41.56279769 -141.66473736 15.75878188
v -41.56283128 -141.66473736 15.7586643
v 39.19180622 -138.9908022 12.83207484
v -39.19180622 -138.9908022 12.83207484
v 42.96775984 -141.75883459 10.46547476
v -42.96777244 -141.75883459 10.46542437
v 39.32950866 -139.69188702 11.30337387
v -39.32950866 -139.69188702 11.30337387
v 10.87766874 129.83531996 4.83044685
v -10.87767084 129.83531996 4.83045262
v 40.53742009 -139.50213883 11.45049842
v -40.53742009 -139.50213883 11.45049842
v 18.09167653 51.87200399 14.11324883
v -18.09167653 51.87200399 14.11324883
v 28.83953851 -128.74173783 1.84709075
v -28.83953851 -128.74173783 1.84709062
v 25.83167954 -135.66472051 12.33262529
v -25.83167954 -135.66472051 12.33262529
v 13.9605697 134.76512783 5.94502375
v -13.9605697 134.76512783 5.94502375
v 6.80018868 133.38660008 -8.83684692
v -6.80018291 133.38660008 -8.83685007
v 8.37763897 147.80929307 -6.42155054
v -8.37764002 147.80929307 -6.42154949
v 42.28068378 62.08739862 4.12123985
v -42.28068378 62.08739862 4.12123985
v 26.4291012 -132.65197989 7.68625814
v -26.42904031 -132.65197989 7.68622927
v 29.55050421 -128.54636263 -16.2721835
v -29.55033624 -128.54621145 -16.27225384
v 30.58036242 -129.15120019 -14.68453004
v -30.58021545 -129.15108261 -14.68468016
v 80.39541521 -2.87183727 13.18612469
v -80.39541521 -2.87183727 13.18612469
v 24.03208895 -130.59329648 0.48681798
v -24.03208895 -130.59329648 0.48681798
v 80.09590652 -1.66826893 13.28331993
v -80.09590652 -1.66826893 13.28331993
v 36.66143568 -134.33783537 23.97690426
v -36.66148187 -134.33785217 23.97684967
v 76.55128645 9.58023203 17.24365087
v -76.55126965 9.58027822 17.24364353
v 26.24386093 -135.25136123 19.52889537
v -26.24384203 -135.25139482 19.52889956
v 4.90707564 135.47879365 -2.1779567
v -4.90707406 135.47879365 -2.17795788
v 27.71533951 -134.4462773 19.42439235
v -27.71518623 -134.44633609 19.42439025
v 18.39927301 126.21198878 -1.59153096
v -18.39927301 126.21198878 -1.59153096
v 17.32920154 126.51148068 3.41918238
v -17.32920154 126.51148068 3.41918238
v 31.54013483 -133.8025881 19.98097401
v -31.53993537 -133.8025881 19.98094671
v 16.48389491 -23.45703681 -16.15135267
v -16.48389491 -23.45703681 -16.15135267
v 17.38836715 33.77749295 -8.14005953
v -17.38836715 33.77749295 -8.14005953
v 15.79712331 -26.81599248 -16.29637549
v -15.79712331 -26.81599248 -16.29637549
v 29.80564761 -132.41103421 9.63735889
v -29.80537676 -132.41092503 9.63698516
v 17.46285903 -30.44815892 13.70420955
v -17.46285903 -30.44815892 13.70420955
v 51.51754366 33.38817029 -4.34317124
v -51.51754366 33.38817029 -4.34317124
v 7.25159859 62.87896929 21.29908057
v -7.25164006 62.87896089 21.29907427
v 33.36616612 77.58570927 -20.05767366
v -33.36616612 77.58570927 -20.05767366
v 51.28790662 61.56941874 -14.79980943
v -51.28790662 61.56941874 -14.79980943
v 7.04025881 7.82061009 -20.18198043
v -7.04025881 7.82061009 -20.18198043
v 19.83976728 -51.36912889 -13.05535315
v -19.83976728 -51.36912889 -13.05535315
v 59.36740587 32.98953365 -8.94013005
v -59.36740587 32.98953365 -8.94013005
v 7.71865445 103.1789795 -8.39384868
v -7.71865445 103.1789795 -8.39384868
v 61.78465649 31.14865794 -7.89027124
v -61.78465649 31.14865794 -7.89027124
v 24.05157566 -141.08814408 0.91807182
v -24.05155887 -141.08814408 0.91800372
v 47.2785534 43.06293208 -11.56746487
v -47.2785534 43.06293208 -11.56746487
v -0.00001144 27.54896445 -13.41088429
v 30.89565196 -137.30330061 -14.96271588
v -30.89565196 -137.30330061 -14.96271588
v 42.4283175 71.4024111 -16.52208202
v -42.4283175 71.4024111 -16.52208202
v 54.3859176 54.88226704 -11.43597315
v -54.3859176 54.88226704 -11.43597315
v 20.53687119 -139.08833443 -6.92673734
v -20.53689218 -139.08832603 -6.92670322
v 43.94306955 82.83666045 -9.79200539
v -43.94306955 82.83666045 -9.79200539
v 5.26266557 131.96780973 -3.38992502
v -5.26266609 131.96783493 -3.38991531
v 63.22854167 40.68777913 4.86237127
v -63.22854167 40.68777913 4.86237127
v 40.25819808 -140.88724264 1.68424715
v -40.25820228 -140.88720904 1.68420936
v 15.26128919 -34.70624326 -15.82540958
v -15.26128919 -34.70624326 -15.82540958
v 40.70496674 -140.24292354 1.36564098
v -40.70500454 -140.24284796 1.36563061
v 80.02804632 13.14160194 10.72825244
v -80.02802953 13.14167963 10.72825244
v 35.08263217 -133.00374429 -10.04524337
v -35.08261118 -133.0036687 -10.04525597
v 38.79772578 -138.53349337 26.22927687
v -38.79772158 -138.53351016 26.22928317
v 66.162462 43.51096053 0.66841909
v -66.162462 43.51096053 0.66841909
v 72.47387987 8.55991561 19.48066466
v -72.47387987 8.55991561 19.48066466
v 22.32738086 -122.34062356 -12.88841749
v -22.32738086 -122.34062356 -12.88841749
v 79.92786016 -7.96572686 13.22509391
v -79.92785176 -7.96576938 13.22509811
v 26.76687573 92.79349766 0.12249017
v -26.76687573 92.79349766 0.12249017
v 22.10510093 71.67565756 14.34689513
v -22.10510093 71.67565756 14.34689513
v 37.73766642 90.64262349 -1.35401149
v -37.73766642 90.64262349 -1.35401149
v 13.72685936 37.74630012 -11.37135689
v -13.72685936 37.74630012 -11.37135689
v 47.68627727 59.37729935 -17.80382291
v -47.68627727 59.37729935 -17.80382291
v 27.99648269 -68.04683793 -20.0361797
v -27.99648269 -68.04683793 -20.0361797
v 20.08930046 -77.63303503 -21.89330448
v -20.08930046 -77.63303503 -21.89330448
v 23.77615398 -138.61981355 -15.47003172
v -23.77615398 -138.61981355 -15.47003172
v 19.03140582 36.99617204 -7.55576007
v -19.03140582 36.99617204 -7.55576007
v 21.28095023 -62.62449777 4.085866
v -21.28095023 -62.62449777 4.085866
v 46.04566052 61.84051517 -18.23849768
v -46.04566052 61.84051517 -18.23849768
v 34.30549019 -128.75357138 -0.20126071
v -34.30548599 -128.75356298 -0.2012604
v 20.09382097 -136.82812808 -5.48062077
v -20.09383777 -136.82811129 -5.48060135
v 34.82620379 -137.50080904 -10.76009655
v -34.82621849 -137.50076705 -10.76011229
v 23.57848598 -30.69611318 -16.12871966
v -23.57848598 -30.69611318 -16.12871966
v 36.36975023 70.40494605 -17.41151247
v -36.36975023 70.40494605 -17.41151247
v 27.18885611 -129.97985042 5.27043264
v -27.1888918 -129.97985042 5.27042844
v 75.79649297 7.1190581 2.92285814
v -75.79648457 7.1190644 2.92285682
v 29.96633266 -33.96074697 -3.9680778
v -29.96633266 -33.96074697 -3.9680778
v 26.33284555 -130.30972822 4.75694179
v -26.33283295 -130.30974502 4.75695123
v 10.02461131 82.62810794 -22.90696192
v -10.02460082 82.62811634 -22.90696192
v 10.31644794 42.83767067 -13.97043063
v -10.31644164 42.83767487 -13.97043483
v 32.51033403 -131.62514095 -7.8370413
v -32.51033403 -131.62514095 -7.8370413
v 25.65438849 -126.67331212 -1.01997306
v -25.65441579 -126.67330372 -1.01998842
v 38.53690076 -138.43003177 2.9576042
v -38.53690076 -138.43003177 2.9576042
v 72.57560297 10.05371645 18.7108105
v -72.57557778 10.05367551 18.7108441
v 49.73118287 43.46596536 -14.12327039
v -49.73118287 43.46596536 -14.12327039
v 34.00111874 -133.7376422 -4.91543481
v -34.00111874 -133.7376422 -4.91543481
v 21.26120316 -142.0484666 -18.20055098
v -21.26123676 -142.0484498 -18.20057408
v 13.44726571 127.02217902 -17.16634023
v -13.44727306 127.02218742 -17.16630243
v 6.72150907 152.14984266 1.03264298
v -6.72150435 152.14984266 1.03257658
v 1.18966994 117.42720125 22.02290863
v -1.18966994 117.42720125 22.02290863
v 7.49989771 139.58572949 6.78470388
v -7.49988039 139.58574629 6.784717
v 27.73061645 58.21855715 -15.78690018
v -27.73061645 58.21855715 -15.78690018
v 9.2984957 150.41391509 -0.21719157
v -9.29849465 150.41391509 -0.21718752
v 27.5176715 131.26318913 7.15543637
v -27.5176715 131.26318913 7.15543637
v 26.69957194 -11.1031926 -8.8955926
v -26.69957194 -11.1031926 -8.8955926
v 27.49219663 131.25405152 6.28941633
v -27.49219663 131.25405152 6.28941633
v 3.51866123 -3.75132622 12.91852625
v -3.51866123 -3.75132622 12.91852625
v 80.14453406 -5.78466362 14.45210573
v -80.14453406 -5.78466362 14.45210573
v 33.43396962 -139.62656318 22.59668
v -33.43396962 -139.62656318 22.59668
v 27.25433322 -129.19225225 3.45535856
v -27.25433322 -129.19225225 3.45535856
v 37.39805891 -139.99751824 1.2404601
v -37.39805891 -139.99751824 1.2404601
v 22.89479453 73.53860462 -23.08536578
v -22.89479453 73.53860462 -23.08536578
v 20.89219446 125.98003794 -10.90025871
v -20.89219446 125.98003794 -10.90025871
v 20.21461086 -104.27305714 -10.87738844
v -20.21461086 -104.27305714 -10.87738844
v 79.27982051 -2.85785161 9.85940366
v -79.27981211 -2.85788205 9.85940681
v 19.07114981 -100.37967935 -12.17762186
v -19.07114981 -100.37967935 -12.17762186
v 25.80620678 64.97687808 1.97960998
v -25.80620678 64.97687808 1.97960998
v 36.53106096 74.43825609 4.14498489
v -36.53106096 74.43825609 4.14498489
v 8.69872403 149.60506863 11.15469769
v -8.69872403 149.60506863 11.15469769
v 8.99558665 105.99098663 -2.63619291
v -8.99558665 105.99098663 -2.63619291
v 21.2012229 60.33806698 11.5808259
v -21.2012229 60.33806698 11.5808259
v 27.75530815 -54.75665849 -9.49849955
v -27.75530815 -54.75665849 -9.49849955
v 27.01406362 -142.53855493 -19.37792743
v -27.01410981 -142.53852133 -19.37794213
v 3.37723404 -4.94589998 11.06197047
v -3.37723404 -4.94589998 11.06197047
v 54.93468232 51.91635247 -12.20021498
v -54.93468232 51.91635247 -12.20021498
v 18.61409293 125.23546549 -11.78203914
v -18.61409293 125.23546549 -11.78203914
v 27.88013143 -135.87289508 16.03280835
v -27.88013143 -135.87289508 16.03280835
v 29.63809467 -39.46225176 7.64842535
v -29.63809467 -39.46225176 7.64842535
v 18.76520154 -136.90260633 -15.66704149
v -18.76520784 -136.90262312 -15.66704674
v 26.75458027 -124.77528436 -1.12360795
v -26.75457607 -124.77528436 -1.12361884
v -0.00001144 55.98987052 -17.79687312
v 39.56279067 -137.47536147 12.39349685
v -39.56279067 -137.47536147 12.39349685
v 26.85576376 94.81142297 -2.88845116
v -26.85576376 94.81142297 -2.88845116
v 35.76388804 -81.65118991 -14.00358176
v -35.76388804 -81.65118991 -14.00358176
v 24.46317125 94.85438149 -2.14238311
v -24.46317125 94.85438149 -2.14238311
v 17.0118743 -55.60223177 5.19314509
v -17.0118743 -55.60223177 5.19314509
v 79.68237927 -5.3392214 14.23835137
v -79.68237927 -5.3391962 14.23832197
v 43.42613529 47.79382475 -14.03136728
v -43.42613529 47.79382475 -14.03136728
v 11.25736668 135.78791027 1.59777147
v -11.25736668 135.78791027 1.59777147
v 13.81201529 92.81344419 -17.41125736
v -13.81201949 92.8134358 -17.41126156
v 23.85154137 21.85220623 -3.05922757
v -23.85154137 21.85220623 -3.05922757
v 5.98343919 26.15412464 -13.58199822
v -5.98344076 26.15412254 -13.58199926
v 17.43168366 -78.51639334 -6.56622639
v -17.43168366 -78.51639334 -6.56622639
v 29.49605648 -114.13669576 -5.85166349
v -29.49605648 -114.13669576 -5.85166349
v 15.62821609 -78.23631887 -14.04828929
v -15.62821609 -78.23631887 -14.04828929
v 32.19660241 -126.95140453 -3.25413955
v -32.19657302 -126.95137934 -3.25412616
v 9.61532533 79.59815032 -23.41517009
v -9.61532533 79.59815032 -23.41517009
v 33.46181288 -128.11714691 -3.0304421
v -33.46185067 -128.1171805 -3.03056073
v 7.09967322 78.5821119 -23.25620255
v -7.0996664 78.5821035 -23.25620255
v 33.1260267 -127.42530048 -1.68214332
v -33.1260624 -127.42532568 -1.68218033
v 22.93398841 -127.8183101 -15.77773003
v -22.93397792 -127.8183269 -15.77770064
v 36.61116202 -131.48628791 -1.87423929
v -36.61123761 -131.48638029 -1.87418837
v 35.413543 58.95840543 -11.90187159
v -35.413543 58.95840543 -11.90187159
v 37.0233707 -132.61306946 -2.6740383
v -37.0233707 -132.61314505 -2.67412439
v 35.98096087 -82.03311346 -18.72027146
v -35.98096087 -82.03311346 -18.72027146
v 9.25986242 97.35422334 -14.16973111
v -9.25984878 97.35422334 -14.16972691
v 50.01229456 40.10846473 -10.98551018
v -50.01229456 40.10846473 -10.98551018
v 47.81580793 46.23238943 -15.28782122
v -47.81580793 46.23238943 -15.28782122
v 35.13560596 -132.30957147 6.64038916
v -35.13557446 -132.30957147 6.64039808
v 28.41624166 -128.41505987 0.77816214
v -28.41624166 -128.41505987 0.77816214
v 6.18668383 -30.22825998 2.39137315
v -6.18668383 -30.22825998 2.39137315
v 25.82375552 14.16328523 5.643533
v -25.82375552 14.16328523 5.643533
v 31.74958179 -137.85065018 29.15546634
v -31.74956919 -137.85057459 29.15544324
v 24.32943712 18.2527626 5.90037029
v -24.32943712 18.2527626 5.90037029
v 6.60058639 125.99738932 -9.72504909
v -6.60058586 125.99738932 -9.72504804
v 80.19343035 1.12490237 4.18732271
v -80.19343035 1.12490237 4.18732271
v 22.01328181 37.58807585 6.77670007
v -22.01328181 37.58807585 6.77670007
v 81.49763103 -6.4539143 17.81030238
v -81.49758904 -6.45391903 17.81029188
v 7.61105342 -26.5537922 7.95350489
v -7.61105342 -26.5537922 7.95350489
v 78.86026311 0.73392448 15.86217839
v -78.86023791 0.7339565 15.86215949
v 31.34329198 -141.30457443 14.49070646
v -31.34133092 -141.30457443 14.4904755
v 74.70931893 17.15864611 12.07788712
v -74.70931893 17.15864611 12.07788712
v 23.72382059 -141.17659749 9.22598272
v -23.72397596 -141.17659749 9.22605201
v 10.2996876 124.7957012 -4.83207931
v -10.2996876 124.7957012 -4.83207931
v 29.41005964 -22.55332884 -6.2427257
v -29.41005964 -22.55332884 -6.2427257
v 25.94482046 -133.09360025 8.9375895
v -25.94486875 -133.09358346 8.93759789
v 29.98979187 -21.49422692 -4.96492792
v -29.98979187 -21.49422692 -4.96492792
v 5.54162093 96.70420164 5.63166849
v -5.54162093 96.70420164 5.63166849
v 28.88946152 -7.85245945 -3.57339425
v -28.88946152 -7.85245945 -3.57339425
v 80.48100471 -5.3926592 15.0971282
v -80.48100471 -5.3926592 15.0971282
v 27.91579793 -13.47014543 -8.00751222
v -27.91579793 -13.47014543 -8.00751222
v 26.92959742 -122.27704663 -17.32893804
v -26.92959742 -122.27704663 -17.32893804
v 11.38974235 -48.83466406 -7.23632952
v -11.38974235 -48.83466406 -7.23632952
v 73.63677514 7.98151192 9.80133721
v -73.63677514 7.98151192 9.80133721
v 0.43303662 0.59479402 -14.9370594
v -0.43303869 0.5947914 -14.9370594
v 23.41886335 -142.89838192 12.18574955
v -23.41874367 -142.89834833 12.18534432
v 30.1707048 -9.15677036 10.75676863
v -30.1707048 -9.15677036 10.75676863
v 82.27137161 0.13219176 10.6850577
v -82.27137161 0.13219176 10.6850577
v 2.33524492 125.0302472 -20.34902527
v -2.33530214 125.03025559 -20.34897488
v 23.3484542 -142.59081064 16.58322233
v -23.3484311 -142.59079384 16.58319189
v 18.96759373 91.59185154 2.0993965
v -18.96759373 91.59185154 2.0993965
v 27.07277361 -75.53919534 -1.20424941
v -27.07277361 -75.53919534 -1.20424941
v 46.6268268 40.65960623 -7.71964601
v -46.6268268 40.65960623 -7.71964601
v 81.7983743 -6.15532998 19.59116213
v -81.7983743 -6.15532998 19.59116213
v 0.85522195 -3.09396681 -10.14433143
v -0.85522247 -3.09396839 -10.14432933
v 82.19850589 0.16181038 14.87655947
v -82.19850589 0.16181038 14.87655947
v 0.23510282 -4.1901853 -2.92445491
v -0.2351099 -4.19020052 -2.92445858
v 38.16341775 -140.66490812 6.4262259
v -38.16341775 -140.66490812 6.4262259
v 29.32949246 -57.57132377 -7.7366499
v -29.32949246 -57.57132377 -7.7366499
v 37.49054782 -139.93346259 -1.96704866
v -37.49024547 -139.9333702 -1.96737462
v 7.71169521 107.07931968 8.50560121
v -7.71169521 107.07931968 8.50560121
v 39.06022631 -134.07716992 9.05959717
v -39.0602641 -134.07727071 9.06092834
v 9.44797079 108.79315069 5.90313813
v -9.44797079 108.79315069 5.90313813
v 9.89840962 128.11134352 25.82011056
v -9.89840962 128.11134352 25.82011056
v 7.61678595 -3.50533433 -18.75156651
v -7.61678595 -3.50533433 -18.75156651
v 82.94532075 1.02383246 13.85090788
v -82.94532075 1.02383246 13.85090788
v 31.49165637 -138.08611161 27.14230301
v -31.49170676 -138.08611161 27.14231141
v 17.34308852 -58.3694621 -12.84903674
v -17.34308852 -58.3694621 -12.84903674
v 1.72796299 132.29232927 15.20606879
v -1.72796391 132.29232927 15.20606669
v 50.14986263 35.78443507 -3.68090578
v -50.14986263 35.78443507 -3.68090578
v 18.08173476 -139.24793186 -14.67491371
v -18.08172636 -139.24794866 -14.67488956
v 9.99720583 102.54913948 -4.16073005
v -9.99720583 102.54913948 -4.16073005
v 37.6165427 -141.55219694 -1.8408303
v -37.61689124 -141.55226413 -1.84045066
v 78.7534253 15.47891737 4.25055714
v -78.7533749 15.47891947 4.25045163
v 10.73059668 116.15254663 6.92187878
v -10.73059668 116.15254663 6.92187878
v 24.01295288 -133.54251895 9.37276503
v -24.01295498 -133.54251895 9.37276818
v 23.53919971 27.48447627 0.35801251
v -23.53919971 27.48447627 0.35801251
v 29.5786771 -140.13745469 17.86637523
v -29.5786771 -140.13745469 17.86637523
v 10.3646587 148.89122643 0.69906746
v -10.3646587 148.89122643 0.69906746
v 22.02831309 -5.27019906 -13.1455545
v -22.02831309 -5.27019906 -13.1455545
v 19.05705076 -134.69354708 -11.48628145
v -19.05700247 -134.69368146 -11.48633814
v 53.06602844 40.68472626 0.87210124
v -53.06602844 40.68472626 0.87210124
v 6.06073566 126.43314751 -20.72407882
v -6.06073094 126.43314751 -20.72408091
v 30.93658434 -127.86711401 -4.78616713
v -30.93658434 -127.86711401 -4.78616713
v 22.06959821 -131.99474384 -0.32502951
v -22.06960451 -131.99469345 -0.32503289
v -0.00001144 87.35813976 -19.8482519
v 11.59509817 144.99045792 3.14826783
v -11.59509817 144.99045792 3.14826783
v 21.98325703 -140.6535365 -4.90081033
v -21.9834502 -140.6535533 -4.90056152
v -0.00001144 112.36507441 20.22008461
v 5.62924026 137.74342603 5.36643319
v -5.62924079 137.74342603 5.36643214
v 28.48567658 -67.23884812 -1.26426917
v -28.48567658 -67.23884812 -1.26426917
v 24.18945867 -47.85904361 6.86138726
v -24.18945867 -47.85904361 6.86138726
v 32.91185557 -71.09284936 -13.72627776
v -32.91185557 -71.09284936 -13.72627776
v 2.81305118 -9.10689564 -5.5714242
v -2.81305118 -9.10689564 -5.5714242
v 12.41557661 20.0442192 17.45228107
v -12.41555981 20.04419821 17.45228632
v 3.42559256 -8.02576592 -8.83032861
v -3.4255923 -8.02576592 -8.83032756
v 38.78261261 -142.43854513 25.6468676
v -38.78263781 -142.43857872 25.64682351
v 56.47157291 54.48484398 -6.08863718
v -56.47157291 54.48484398 -6.08863718
v 9.26641748 -0.60607372 -19.86565367
v -9.26641748 -0.60607372 -19.86565367
v 38.34199588 57.86563796 -16.00341871
v -38.34199588 57.86563796 -16.00341871
v 57.93541302 53.17580154 -4.79579867
v -57.93541302 53.17580154 -4.79579867
v 76.54264435 10.0451153 2.47432131
v -76.54261915 10.0450943 2.47431948
v 32.05251498 -142.84014645 28.47841604
v -32.05259897 -142.84019684 28.47813049
v 27.0670773 74.29827765 6.04380631
v -27.0670773 74.29827765 6.04380631
v 79.56470734 -7.54670644 10.94962007
v -79.56472414 -7.5467054 10.94962007
v 32.76657974 -27.20489312 6.56128542
v -32.76657974 -27.20489312 6.56128542
v 9.15403349 50.69795546 20.47865462
v -9.15403034 50.69795966 20.47865462
v 81.52207078 4.62135158 17.44573651
v -81.52198679 4.62138255 17.44576486
v 70.61750046 37.35126645 0.56855568
v -70.61750046 37.35126645 0.56855568
v 72.10926571 -0.55818269 21.02432238
v -72.10926571 -0.55818269 21.02432238
v 36.75565468 -134.64163571 13.91298883
v -36.75664991 -134.64182048 13.9128618
v 28.20076035 -45.51798033 4.13492501
v -28.20076035 -45.51798033 4.13492501
v 33.62161817 -133.22140922 8.77742516
v -33.62209059 -133.2215184 8.77767187
v 80.09458795 -2.41360828 4.37511876
v -80.09462154 -2.41344188 4.37511692
v 11.53743485 139.34822721 -3.5284311
v -11.53743485 139.34822721 -3.5284311
v 79.76533163 -9.51888386 18.51895009
v -79.76533163 -9.51888386 18.51895009
v -0.00001144 104.37237826 10.66259791
v 17.73256761 126.12667643 -14.27757464
v -17.73255501 126.12667643 -14.27758829
v 1.52442847 148.0470557 -10.59241342
v -1.5244286 148.0470557 -10.59241237
v 56.12383981 49.63126546 -11.82253059
v -56.12383981 49.63126546 -11.82253059
v 50.45900444 58.64758811 2.0101161
v -50.45900444 58.64758811 2.0101161
v 44.7284421 52.35422289 3.23789152
v -44.7284421 52.35422289 3.23789152
v 8.64361859 74.15845037 -23.64802168
v -8.64361964 74.15845037 -23.64802168
v 40.07320346 86.20280318 1.53777598
v -40.07320346 86.20280318 1.53777598
v 34.45262209 -139.63125797 20.20990138
v -34.45262209 -139.63125797 20.20990138
v 1.15362472 112.45381337 12.82220446
v -1.15362538 112.45381337 12.82220236
v 71.8150733 11.41109458 8.59345727
v -71.81544283 11.41083213 8.591987
v 31.67699532 -138.70273232 23.76654396
v -31.67699532 -138.70273232 23.76654396
v 16.63580768 -93.14469096 -14.04065186
v -16.63580768 -93.14469096 -14.04065186
v 26.77937066 -129.19992851 3.25549355
v -26.77933496 -129.19986133 3.2553925
v 3.24928886 140.2178707 11.11063371
v -3.24929569 140.2178959 11.11054867
v 21.36662792 -82.14275639 -22.92424821
v -21.36662792 -82.14275639 -22.92424821
v 18.19065331 -57.11111744 4.99180167
v -18.19065331 -57.11111744 4.99180167
v 28.15002058 -47.6165358 -7.82942645
v -28.15002058 -47.6165358 -7.82942645
v 18.73689636 -55.81861592 5.97362917
v -18.73689636 -55.81861592 5.97362917
v 4.16156727 148.46164117 16.86702575
v -4.16156832 148.46164117 16.86702365
v 74.28206847 7.56446253 18.99902946
v -74.28206847 7.56446253 18.99902946
v 7.22961069 128.07192078 -18.41165665
v -7.22962434 128.07192078 -18.41164406
v 76.00540662 5.05570143 7.60776382
v -76.00540662 5.05570143 7.60776382
v 23.89971539 66.09623952 10.6718363
v -23.89971539 66.09623952 10.6718363
v 77.29063501 4.31752788 11.54297788
v -77.29063501 4.31752788 11.54297788
v 27.53973446 -116.97652726 -18.36052005
v -27.53973446 -116.97652726 -18.36052005
v 29.36749165 -94.87055708 -23.66229919
v -29.36749165 -94.87055708 -23.66229919
v 30.35257515 79.32765858 6.74223037
v -30.35257515 79.32765858 6.74223037
v -0.00001144 47.04939508 -14.62172996
v 60.79623666 49.30689289 -7.47504329
v -60.79623666 49.30689289 -7.47504329
v 33.81368646 80.21305773 6.34471021
v -33.81368646 80.21305773 6.34471021
v 13.14032326 -58.4498949 -7.95155643
v -13.14032326 -58.4498949 -7.95155643
v 10.55946071 123.75376169 11.96886043
v -10.55946071 123.75376169 11.96886043
v 18.58304353 -70.27387425 -2.59998445
v -18.58304353 -70.27387425 -2.59998445
v 76.53525363 4.97057594 12.8961326
v -76.53525363 4.97057594 12.8961326
v 14.6548622 132.29079233 19.47433636
v -14.65488529 132.29079233 19.47433006
v 1.3104568 110.86816925 17.00695276
v -1.31045995 110.86816086 17.00694856
v 11.63175254 133.24074265 18.09361869
v -11.63176619 133.24074265 18.09363129
v 21.92027639 -76.48971676 -2.42161812
v -21.92027639 -76.48971676 -2.42161812
v 77.54743713 4.31483326 3.49216962
v -77.54743713 4.31483326 3.49216962
v 77.84863392 -8.16923921 10.40091099
v -77.84863392 -8.16923921 10.40091099
v 80.61346647 -1.72748887 14.90662939
v -80.61345807 -1.72746879 14.90662939
v 10.27026437 134.94264774 13.38092985
v -10.27026542 134.94264774 13.3809288
v 5.72904797 129.24108975 17.80853449
v -5.72904797 129.24108975 17.80853449
v 9.35519844 134.41489196 15.0927956
v -9.35522153 134.41487517 15.0927956
v 80.5954684 -2.8292496 12.39373306
v -80.59553559 -2.82929159 12.39369527
v 3.34980205 -23.32405225 1.7855124
v -3.34980205 -23.32405225 1.7855124
v 81.97871613 -6.31375162 18.85829724
v -81.97871613 -6.31375162 18.85829724
v 18.34615645 62.18420437 17.12322633
v -18.34615645 62.18420437 17.12322633
v 58.90528887 38.48878554 -10.41223117
v -58.90528887 38.48878554 -10.41223117
v 3.91516018 -0.55664957 -18.34146587
v -3.91516018 -0.55664957 -18.34146587
v 63.60968415 37.09212954 -8.53401976
v -63.60968415 37.09212954 -8.53401976
v 36.57637108 -139.26084042 16.65571222
v -36.57637108 -139.26084042 16.65571222
v 36.93802055 -131.40431817 0.36436968
v -36.93789038 -131.40419219 0.3640692
v 36.15743097 -138.52616144 17.10564504
v -36.15743097 -138.52616144 17.10564504
v 35.95129303 -138.94110805 16.24668134
v -35.95129303 -138.94110805 16.24668134
v 24.30409033 -134.76289381 8.19562636
v -24.30409663 -134.76288542 8.19561797
v 34.42365763 -135.56799453 28.12265604
v -34.42365763 -135.56799453 28.12265814
v 41.99629246 -141.09746646 6.09838369
v -41.99630086 -141.09746646 6.09840049
v 39.79416201 -136.05606721 3.86531381
v -39.79429639 -136.056168 3.86561537
v 42.02203819 -141.28584569 5.59144159
v -42.02202559 -141.28586248 5.59137598
v 76.30620869 5.23758858 9.02548965
v -76.3061583 5.23752717 9.0252041
v 23.50170864 126.82050491 -7.01336144
v -23.50170864 126.82050491 -7.01336144
v 22.34699144 -12.38063344 16.72268322
v -22.34699144 -12.38063344 16.72268322
v 23.24635107 -65.59195346 -18.02663824
v -23.24635107 -65.59195346 -18.02663824
v 13.57914376 121.10351041 -1.24609683
v -13.57914376 121.10351041 -1.24609683
v 80.85650338 -1.58661073 16.20105838
v -80.85651178 -1.58662556 16.20107307
v 10.2359322 115.15904149 3.14606662
v -10.2359322 115.15904149 3.14606662
v 75.3934051 12.24824412 2.62347123
v -75.3934051 12.24824412 2.62347123
v 22.87384438 -138.00290728 -7.78816391
v -22.87384438 -138.00290728 -7.78816391
v 26.54715526 -96.86661258 -3.97933762
v -26.54715526 -96.86661258 -3.97933762
v 28.76980964 -34.60328767 -6.3629765
v -28.76980964 -34.60328767 -6.3629765
v 5.3771387 -9.31449282 -10.22642295
v -5.3771387 -9.31449282 -10.22642295
v 34.19126166 -138.40338321 26.344614
v -34.19119447 -138.4034 26.34473998
v 75.07472255 -11.49347375 10.90754759
v -75.07472255 -11.49347375 10.90754759
v 28.82653757 -128.9879494 4.92332891
v -28.82653757 -128.9879494 4.92332891
v 60.3885632 29.90719225 -7.50812093
v -60.3885632 29.90719225 -7.50812093
v 27.62471087 -125.41296021 -16.59384753
v -27.62471087 -125.41296021 -16.59384753
v 77.57552184 8.12263151 2.74592848
v -77.57553864 8.12259215 2.74593767
v 28.64467981 -126.07669672 -15.763526
v -28.64467981 -126.07669672 -15.763526
v 82.26151172 -0.60267618 9.06098293
v -82.26153692 -0.60252534 9.06095458
v 19.31057745 126.29117861 1.8417561
v -19.31057745 126.29117861 1.8417561
v 19.04399103 -136.40773083 -8.12337793
v -19.04398893 -136.40776442 -8.12337793
v 33.08139897 -129.13882914 1.49032188
v -33.08140317 -129.13882914 1.49030442
v 22.84171997 93.97859867 -12.05723616
v -22.84171997 93.97859867 -12.05723616
v 11.34353673 -39.30401489 -10.00106286
v -11.34353673 -39.30401489 -10.00106286
v 22.74118736 -133.8991125 2.91572358
v -22.74119576 -133.8991293 2.91576741
v 5.15031569 141.36831934 1.69687554
v -5.15027895 141.36831934 1.69697238
v 40.17144117 -139.2339063 16.62701231
v -40.17144117 -139.2339063 16.62701231
v 79.99387267 -4.03402339 17.91604628
v -79.99388947 -4.03401709 17.91603159
v 7.10416749 2.39917355 -20.23127146
v -7.10416749 2.39917355 -20.23127146
v 28.31782548 -76.8372147 -23.37812624
v -28.31782548 -76.8372147 -23.37812624
v -0.00001144 103.93154736 18.21718429
v 18.25713404 50.40274683 -15.89192076
v -18.25712564 50.40273843 -15.89191971
v 10.6994612 61.47918904 20.71128154
v -10.6994696 61.47918484 20.71127944
v 15.67821364 13.4533137 15.52961935
v -15.67821259 13.4533137 15.52961935
v 72.24916857 3.75596693 18.43850258
v -72.24916857 3.75596693 18.43850258
v 17.25026787 14.65072487 14.86723815
v -17.25026787 14.65072487 14.86723815
v 7.48035956 135.6475119 0.69207476
v -7.48035956 135.6475119 0.69207476
v 32.72401175 -127.20550232 -5.24540867
v -32.72377869 -127.20531756 -5.24529687
v 9.41060045 120.54981155 14.15029374
v -9.41060045 120.54981155 14.15029374
v 25.34004378 -125.2204741 -1.45207322
v -25.33998919 -125.22050769 -1.45207021
v 23.9553725 -7.68864962 -11.09481191
v -23.9553725 -7.68864962 -11.09481191
v 40.02878779 -135.22420035 14.52562023
v -40.02898516 -135.22435152 14.52564963
v 28.45002058 -128.15080825 0.63332094
v -28.45000378 -128.15080825 0.63332462
v 40.96147071 -136.25092171 14.85216172
v -40.96146231 -136.25092171 14.85203679
v 29.1401831 -127.75929357 -0.32186874
v -29.14024399 -127.75923478 -0.32198787
v 38.82767497 -133.53464112 1.46893329
v -38.82773796 -133.53469991 1.46903394
v 15.57682858 127.16758292 5.4452582
v -15.57682858 127.16758292 5.4452582
v 22.72329007 -33.35730566 -16.71690397
v -22.72329007 -33.35730566 -16.71690397
v 13.44684473 122.53142996 0.9876982
v -13.44684473 122.53142996 0.9876982
v 2.06894471 149.68100821 -4.25743213
v -2.06885036 149.68097462 -4.25722899
v 13.39294816 124.30062414 1.04464463
v -13.39294816 124.30062414 1.04464463
v 13.61983993 123.88081479 0.02880116
v -13.61983993 123.88081479 0.02880116
v 73.1984974 15.03026218 11.97172539
v -73.1984974 15.03026218 11.97172539
v 32.17477461 -127.15379252 -2.0237737
v -32.17479771 -127.15380092 -2.02379023
v 22.47572635 -141.56783502 13.52398636
v -22.47571165 -141.56785182 13.52399896
v 25.08847185 -138.00603154 18.74316377
v -25.08854114 -138.00592236 18.74324566
v 31.42109394 -126.38745106 -2.31090071
v -31.42108764 -126.38745106 -2.31089152
v 30.00420167 -16.90718337 -4.38855721
v -30.00420167 -16.90718337 -4.38855721
v 32.55056933 -128.17969082 1.08016841
v -32.55056933 -128.17969082 1.08016841
v 29.17047033 -14.09485603 -5.37795074
v -29.17047033 -14.09485603 -5.37795074
v 15.20826816 -63.95782038 -2.94800493
v -15.20826816 -63.95782038 -2.94800493
v 27.72473537 -140.3075335 -14.79145183
v -27.72473537 -140.3075335 -14.79145183
v 11.95778066 26.12073835 -12.26329956
v -11.95778171 26.12073835 -12.26329956
v 38.05326251 -133.97532924 12.76950153
v -38.05309034 -133.97527045 12.76954142
v 13.19953086 6.02050719 -19.31187922
v -13.19953086 6.02050719 -19.31187922
v 76.45869256 13.53445619 14.73568029
v -76.46115333 13.53563093 14.73406882
v 17.53926369 41.37666507 -10.95937078
v -17.53926369 41.37666507 -10.95937078
v 54.08523311 57.2854627 -2.47040497
v -54.08523311 57.2854627 -2.47040497
v 8.57581247 -22.23207634 -11.39444343
v -8.57581247 -22.23207634 -11.39444343
v 55.62074215 55.38112344 -3.52376833
v -55.62074215 55.38112344 -3.52376833
v 22.94724971 85.36512453 6.56322601
v -22.94724971 85.36512453 6.56322601
v 22.32735776 -130.64582094 -4.76206227
v -22.32735776 -130.64582094 -4.76206227
v 14.57031621 129.18192205 14.81691935
v -14.57031621 129.18192205 14.81691935
v 22.1368915 -127.63823703 -5.20610561
v -22.1368915 -127.63823703 -5.20610561
v 16.78452376 129.16479743 12.92816882
v -16.78452376 129.16479743 12.92816882
v 21.97912915 -23.07753414 15.87459563
v -21.97912915 -23.07753414 15.87459563
v 30.05762267 -127.91465814 0.85442363
v -30.05762267 -127.91465814 0.85442363
v 12.15851519 87.46647251 -21.09652461
v -12.15853093 87.46645572 -21.09652881
v 18.72413898 125.89156773 -4.14540219
v -18.72413898 125.89156773 -4.14540219
v 32.46972289 -30.99321569 0.22320827
v -32.46972289 -30.99321569 0.22320827
v 45.778503 62.82752404 3.3633628
v -45.778503 62.82752404 3.3633628
v 35.83052625 64.00418871 3.59237022
v -35.83052625 64.00418871 3.59237022
v 12.20409196 116.42093033 2.56031448
v -12.20409196 116.42093033 2.56031448
v 9.5442317 57.80630648 20.65224821
v -9.54420965 57.80628969 20.65225451
v 82.30449545 -6.22480007 13.45365909
v -82.30449545 -6.22480007 13.45365909
v 33.76234619 60.5810577 -1.425258
v -33.76234619 60.5810577 -1.425258
v 11.20887351 124.39115199 -11.21201247
v -11.20887351 124.39115199 -11.21201562
v 10.30985718 85.67095731 -21.9696388
v -10.30986033 85.67094892 -21.9696409
v 10.24011257 124.37087792 -12.25624898
v -10.24011152 124.37087792 -12.25624793
v 71.10605186 14.12501099 5.61543412
v -71.11039391 14.11991937 5.59578206
v 23.13933688 -117.53299764 -6.30058586
v -23.13933688 -117.53299764 -6.30058586
v 74.45815223 13.76969506 1.72984453
v -74.45863934 13.76925938 1.72982602
v 1.74459761 114.38265537 19.46448907
v -1.74459761 114.38265537 19.46448907
v 19.84854585 41.89338097 -9.39630403
v -19.84854585 41.89338097 -9.39630403
v 34.21045442 -75.47601313 -18.94099345
v -34.21045442 -75.47601313 -18.94099345
v 56.57135175 39.18881214 -11.40669585
v -56.57135175 39.18881214 -11.40669585
v 32.83670964 -32.49331019 4.3606654
v -32.83670964 -32.49331019 4.3606654
v 33.61242387 -130.88360877 -11.37841692
v -33.61243857 -130.88353318 -11.37829934
v 81.76744249 -1.16321664 11.56254123
v -81.76744249 -1.16321664 11.56254123
v 1.3917065 113.29474226 19.64174233
v -1.39171201 113.29474226 19.64174023
v 75.80962829 8.87147095 2.68781086
v -75.80962829 8.87147095 2.68781086
v 45.25394707 54.45375679 3.65488474
v -45.25394707 54.45375679 3.65488474
v 2.2775467 -18.99485748 4.40732899
v -2.2775467 -18.99485748 4.40732899
v 22.53329413 34.81742312 -2.82638386
v -22.53329413 34.81742312 -2.82638386
v 8.5814967 135.42941865 4.78235261
v -8.5814967 135.42941865 4.78235261
v 35.93921594 -137.17628951 -6.72305493
v -35.93924113 -137.17636509 -6.72296779
v 1.84685126 133.22835481 -10.85013728
v -1.84685087 133.22835481 -10.85014043
v 17.02650456 -19.68268941 15.50102862
v -17.02650456 -19.68268941 15.50102862
v 24.13886378 -134.39441633 6.2720408
v -24.13885958 -134.39441633 6.27203607
v 35.58057314 -89.58451679 -14.21999111
v -35.58057314 -89.58451679 -14.21999111
v 37.50555181 -137.35427134 17.19928559
v -37.50555181 -137.35427134 17.19928559
v 30.52910824 -102.94567649 -6.03759349
v -30.52910824 -102.94567649 -6.03759349
v 34.5904778 -140.28047341 -8.88823443
v -34.5904715 -140.28049021 -8.88825123
v 30.22135638 -119.835667 -9.91514266
v -30.22135638 -119.835667 -9.91514266
v 30.04996111 -122.69033032 -8.29162429
v -30.04996111 -122.69033032 -8.29162429
v 33.84846271 -140.65405721 -10.82123056
v -33.8484669 -140.65405721 -10.82122741
v 22.7156537 132.91704617 11.59566087
v -22.7156537 132.91704617 11.59566087
v 39.44525732 89.47405921 -1.61075522
v -39.44525732 89.47405921 -1.61075522
v 78.03288106 -0.42389754 5.48102915
v -78.03288106 -0.42389754 5.48102915
v 24.90593381 -139.71895551 -8.21660434
v -24.90593381 -139.71895551 -8.21660434
v 29.75653716 -92.32055915 -3.63387291
v -29.75653716 -92.32055915 -3.63387291
v 22.3415219 128.67659037 -3.46508092
v -22.3415219 128.67659037 -3.46507751
v 25.45216218 56.29606865 3.30469035
v -25.45216218 56.29606865 3.30469035
v 2.43059327 127.24552976 -10.90582379
v -2.43059852 127.24552976 -10.90582274
v 79.58729101 -1.04370392 12.93231455
v -79.58730781 -1.04375326 12.93225051
v 19.63543293 -82.67225066 -5.19516914
v -19.63543293 -82.67225066 -5.19516914
v 79.88772354 -2.04094202 13.62046562
v -79.88772354 -2.04097522 13.62048242
v 20.82031347 -67.7872265 -18.21264908
v -20.82031347 -67.7872265 -18.21264908
v 13.39413235 32.97828801 -10.54568185
v -13.39413235 32.97829221 -10.54568185
v 19.19347452 34.23561644 10.77737759
v -19.19347452 34.23561644 10.77737759
v 11.64882677 30.75143856 -11.35216518
v -11.64882677 30.75143856 -11.35216518
v 79.29196479 1.80097726 17.5645202
v -79.29196479 1.80097726 17.5645202
v 29.88984716 -128.39438267 0.22751018
v -29.88984716 -128.39438267 0.22751011
v 78.31219127 6.33042901 16.92979643
v -78.31219127 6.33042901 16.92979643
v 80.61455828 -0.70054219 6.61624861
v -80.61458347 -0.7005103 6.61624179
v 11.23086824 -31.89085781 10.46183924
v -11.23086824 -31.89085781 10.46183924
v 80.01961419 -2.28251286 6.19735732
v -80.01960579 -2.28246982 6.19737254
v 31.82699952 -134.40642624 18.79625094
v -31.82678536 -134.40642624 18.79627823
v 27.32968701 -139.50090425 -19.55872697
v -27.32969121 -139.50092104 -19.55872697
v 4.33271322 64.63046355 21.22945458
v -4.33273186 64.63045515 21.22945668
v 4.59095569 97.72282681 5.85854189
v -4.59095622 97.72282681 5.85854189
v 34.95786768 -140.47659609 12.70689147
v -34.95786768 -140.47659609 12.70689147
v 32.51426454 -128.11865864 0.91309792
v -32.51426034 -128.11865864 0.91308972
v 33.13691121 64.71650238 -9.00587067
v -33.13691121 64.71650238 -9.00587067
v 75.47776843 -7.75891022 4.84882547
v -75.47776843 -7.75891022 4.84882547
v 22.0029621 43.36304126 -7.58549247
v -22.0029621 43.36304126 -7.58549247
v 31.49725609 -133.67264591 21.37618336
v -31.49739887 -133.67262911 21.37604688
v 9.9496806 -22.10376556 -12.94232771
v -9.9496806 -22.10376556 -12.94232771
v 80.32086978 -0.99168777 16.52836623
v -80.32086978 -0.99168777 16.52836623
v 19.22473809 -132.88660147 -13.31099627
v -19.2246646 -132.88682823 -13.31115374
v 28.59367129 -136.20995364 25.33315278
v -28.59363769 -136.20999563 25.33314858
v 34.49758576 -133.69263443 21.34141131
v -34.49766975 -133.69264283 21.34133572
v 22.29101518 -138.67478198 -17.87291139
v -22.29101518 -138.67478198 -17.87291139
v 32.26834903 92.57129753 -10.79045831
v -32.26834903 92.57129753 -10.79045831
v 32.5133407 -134.47521027 -15.58950723
v -32.51326932 -134.47523546 -15.58961221
v 9.34530286 -21.63705037 10.83032828
v -9.34530286 -21.63705037 10.83032828
v 33.35943259 -135.59653277 -14.28732954
v -33.35944519 -135.5963816 -14.28730645
v 80.73463219 10.47065246 13.12828081
v -80.73460699 10.47089812 13.12797006
v 41.23336081 -141.18684371 13.6145352
v -41.2334028 -141.18682691 13.61440713
v 3.83316368 90.87114773 8.14081383
v -3.83315397 90.87114773 8.14081593
v 80.54649652 10.12053522 12.8314502
v -80.54649652 10.12053522 12.8314502
v 7.86318596 131.48640549 -10.89640378
v -7.86318543 131.48640549 -10.89640378
v 80.19266608 12.2960759 10.75909292
v -80.19266608 12.2960759 10.75909292
v 23.28976101 -134.20382829 3.28309088
v -23.28975891 -134.20382829 3.28309036
v 31.98068858 -130.37866343 3.54401564
v -31.98061089 -130.37845346 3.54382483
v 8.20677962 151.0564705 -0.89110208
v -8.20679222 151.0564537 -0.89111048
v 31.11590364 -130.73670153 5.16537532
v -31.11538503 -130.7368947 5.16628341
v 27.24250807 -118.46622647 -4.06392298
v -27.24250807 -118.46622647 -4.06392298
v 22.36972629 -69.48489033 0.45736923
v -22.36972629 -69.48489033 0.45736923
v 23.96279891 -90.90675754 -23.65922323
v -23.96279891 -90.90675754 -23.65922323
v 2.28699322 115.82043481 19.16836709
v -2.28699322 115.82043481 19.16836709
v 34.59765435 -89.2235476 -10.05063524
v -34.59765435 -89.2235476 -10.05063524
v 19.08399747 -87.39268295 -20.74817212
v -19.08399747 -87.39268295 -20.74817212
v 11.98197895 122.44854479 -1.11362878
v -11.98197895 122.44854479 -1.11362878
v 9.78486453 33.58608396 19.08512708
v -9.78486453 33.58607976 19.08512708
v 75.20861206 11.92737375 16.60446014
v -75.20862046 11.92740735 16.60443179
v 16.33478831 1.28501461 15.58687114
v -16.33478831 1.28501461 15.58687114
v 22.83258026 35.95883492 5.2178305
v -22.83258026 35.95883492 5.2178305
v 25.76200737 66.21964345 2.47992393
v -25.76200737 66.21964345 2.47992393
v 25.58463653 -120.4667584 -3.75555147
v -25.58463653 -120.4667584 -3.75555147
v 27.01142018 -125.36614675 -0.85072591
v -27.01142018 -125.36614675 -0.85072591
v 18.51661739 -58.61307851 -13.54225738
v -18.51661739 -58.61307851 -13.54225738
v 76.85187855 5.23310849 16.90159099
v -76.85190374 5.23310534 16.90160779
v 31.33176289 -139.76190564 23.49608371
v -31.33176289 -139.76190564 23.49608371
v 76.55320131 6.2085006 17.35056007
v -76.55320131 6.20849431 17.35056217
v 9.4034008 137.08191513 -3.06068367
v -9.4034008 137.08191513 -3.06068472
v 31.04722459 -133.84631929 10.97003272
v -31.04722459 -133.84631929 10.97003272
v 1.05661287 -6.26759115 -3.41024555
v -1.05661287 -6.26759167 -3.41024397
v 7.44867345 125.03064193 -15.04163275
v -7.44867345 125.03064193 -15.04163275
v 31.78780354 -127.71480651 -12.45126935
v -31.78780354 -127.71480651 -12.45126935
v 34.08393883 -129.45007899 1.13397752
v -34.08393883 -129.45007899 1.13397752
v 26.01112272 -129.49611138 -17.85463197
v -26.01111852 -129.49612818 -17.85463617
v 72.42880492 5.3452778 21.63469668
v -72.42878812 5.34526152 21.63469878
v 54.59864418 57.00285607 -8.31199179
v -54.59864418 57.00285607 -8.31199179
v 27.66058313 -94.76716267 -3.5259076
v -27.66058313 -94.76716267 -3.5259076
v 31.07296191 67.26730656 -7.81456524
v -31.07296191 67.26730656 -7.81456524
v 7.86961346 139.17256338 -7.98770742
v -7.86961346 139.17256338 -7.98770689
v 78.64833438 -11.12825174 16.19194491
v -78.64833438 -11.12825174 16.19194491
v 10.12447519 -45.77459768 -4.74022344
v -10.12447519 -45.77459768 -4.74022344
v 29.96220058 -131.20122471 -14.22510372
v -29.96220058 -131.20122471 -14.22510372
v 41.03024635 50.22189269 -0.07808557
v -41.03024635 50.22189269 -0.07808557
v 33.63669775 -97.10975028 -12.8392325
v -33.63669775 -97.10975028 -12.8392325
v 26.53067943 -2.51171896 13.78591998
v -26.53067943 -2.51171896 13.78591998
v 78.74343103 -4.72792903 4.01035946
v -78.74346463 -4.72789754 4.01036025
v 27.68154589 -139.44687645 3.59808228
v -27.68154589 -139.44687645 3.59808228
v 21.51594554 -128.66873774 -14.08792409
v -21.51603582 -128.66868734 -14.08804692
v 26.18103986 -138.41394857 1.81579793
v -26.18103986 -138.41394857 1.81579793
v 50.64783298 66.74567752 -7.71234138
v -50.64783298 66.74567752 -7.71234138
v 67.16785527 28.64311558 6.73489477
v -67.16785527 28.64311558 6.73489477
v 19.92835506 -138.36714351 -16.73365486
v -19.92833407 -138.36712671 -16.73363911
v 30.62985501 -139.27092706 27.9964428
v -30.62987391 -139.27095226 27.99645959
v 42.35035806 80.79502608 -13.55578323
v -42.35035806 80.79502608 -13.55578323
v 8.4937346 130.43333791 14.53272435
v -8.4937346 130.43333791 14.53272435
v 29.61483281 -134.01454202 21.62754532
v -29.61497139 -134.01453362 21.62742144
v 4.29659478 101.16468236 6.15496517
v -4.29659531 101.16469076 6.15496622
v 5.81302654 45.60245283 -14.75279231
v -5.81305698 45.60246123 -14.75279966
v 81.72350973 -7.961062 15.32228567
v -81.72353493 -7.96104888 15.32224368
v 83.11576069 -2.74623844 17.67700288
v -83.11575229 -2.74621666 17.67695248
v 32.65314278 72.04516806 3.34016657
v -32.65314278 72.04516806 3.34016657
v 11.65343966 126.77476647 -18.71009873
v -11.65344281 126.77476647 -18.71009663
v 23.67572846 -60.83403009 5.07393413
v -23.67572846 -60.83403009 5.07393413
v 70.74133692 16.56914743 6.51711173
v -70.74133692 16.56914743 6.51711173
v 82.43730154 -0.6415061 16.99691965
v -82.43730154 -0.6415061 16.99691965
v 15.50759943 130.82149318 -4.3834669
v -15.50759838 130.82149318 -4.3834669
v 68.12722875 36.73515385 4.60569565
v -68.12722875 36.73515385 4.60569565
v 23.3921182 41.62541719 2.81002245
v -23.3921182 41.62541719 2.81002245
v 11.61733855 128.55404729 1.8722529
v -11.61733855 128.55404729 1.8722529
v 4.54447975 141.2409639 -1.10083256
v -4.54448133 141.2409639 -1.10083479
v 78.68947042 -1.71774144 6.89654984
v -78.68945363 -1.71774 6.89654827
v 14.44171673 99.08643876 -9.09409626
v -14.44172093 99.08643036 -9.09408787
v -0.00001144 137.4487633 2.61734659
v 23.6168421 -110.13548913 -18.31626395
v -23.6168421 -110.13548913 -18.31626395
v 33.24406186 -138.84496158 -11.57035397
v -33.24410806 -138.84497837 -11.57023429
v 34.8566107 -139.02582411 17.40523771
v -34.8566107 -139.02582411 17.40523771
v 33.57816413 -138.40371915 -12.26313578
v -33.57813684 -138.40373594 -12.26314628
v 78.77627772 0.62297486 13.3484611
v -78.77627772 0.62300524 13.34854718
v 29.79419201 -62.86336061 -3.94765544
v -29.79419201 -62.86336061 -3.94765544
v 81.76186586 -5.39082517 8.73257487
v -81.76191625 -5.39085667 8.73267775
v 29.38175447 -59.6258793 -2.38411812
v -29.38175447 -59.6258793 -2.38411812
v 81.40906844 -6.52675116 9.26204814
v -81.40911883 -6.52663725 9.26221716
v 29.31958218 -126.34118351 0.70660482
v -29.31958218 -126.34118351 0.70660475
v 25.55699694 13.0395492 0.84464432
v -25.55699694 13.0395492 0.84464432
v 30.91200182 -126.17852061 0.17281624
v -30.91200182 -126.17852061 0.17281628
v 17.25861392 -13.90271111 -13.84123801
v -17.25861392 -13.90271111 -13.84123801
v 17.65077004 129.64952749 16.08915729
v -17.65077004 129.64952749 16.08915729
v 30.53943004 -137.28912388 21.53105451
v -30.53943004 -137.28912388 21.53105451
v 73.87350475 -8.7805027 5.78526464
v -73.87350475 -8.7805027 5.78526464
v 32.34881753 -17.17648776 0.44285314
v -32.34881753 -17.17648776 0.44285314
v 32.35714048 -132.7663008 10.68471651
v -32.35718247 -132.76622521 10.68425564
v 32.76385652 -18.82133947 1.53817045
v -32.76385652 -18.82133947 1.53817045
v -0.00001144 127.08433661 19.75767156
v 15.85756969 -82.10572723 -16.26283488
v -15.85756969 -82.10572723 -16.26283488
v 1.28850486 -8.47798681 5.64201654
v -1.28850486 -8.47798681 5.64201654
v 18.95378653 39.56517585 11.23189076
v -18.95378653 39.56517585 11.23189076
v 1.24046049 -6.71375932 5.23783791
v -1.24046548 -6.71375722 5.23784841
v 20.18314783 39.7896646 9.86391997
v -20.18314783 39.7896646 9.86391997
v 20.98500672 30.80141826 -4.89517753
v -20.98500672 30.80141826 -4.89517753
v 20.39242682 38.07888225 9.26849192
v -20.39242682 38.07888225 9.26849192
v 39.11840299 -139.68327852 4.83538886
v -39.11840299 -139.68327852 4.83538886
v 9.97665251 10.22542667 -19.46135642
v -9.97665251 10.22542667 -19.46135642
v 33.25689903 -131.46998635 6.46307081
v -33.25689903 -131.46998635 6.46306031
v 1.74218237 137.3987584 15.19390246
v -1.74218014 137.3987752 15.19389511
v 23.29244015 -133.62979656 7.12104068
v -23.29239815 -133.62983016 7.12094882
v 30.41574476 60.08722363 -7.50346289
v -30.41574476 60.08722363 -7.50346289
v 8.88775152 102.5783664 -7.61299769
v -8.88775152 102.5783664 -7.61299716
v 19.11898579 -141.66497252 -9.36787813
v -19.11896479 -141.66493893 -9.36791382
v -0.00001144 133.67163808 20.22845795
v 10.24957352 61.09394807 -21.21765464
v -10.24956932 61.09395227 -21.21765674
v 20.61965768 -74.82336269 -21.58920179
v -20.61965768 -74.82336269 -21.58920179
v 22.35926171 -42.84013984 -15.52113892
v -22.35926171 -42.84013984 -15.52113892
v 42.93770147 -140.49650902 8.71360624
v -42.93768047 -140.49654262 8.71365768
v 21.38309325 -38.63876664 -16.6535538
v -21.38309325 -38.63876664 -16.6535538
v 32.57808714 -138.76094259 -11.49944721
v -32.57808714 -138.76094259 -11.49944721
v 54.58225863 30.21063775 -3.57804835
v -54.58225863 30.21063775 -3.57804835
v 27.31044175 -45.58756222 -9.76027151
v -27.31044175 -45.58756222 -9.76027151
v 25.04938925 -113.22236365 -18.61691694
v -25.04938925 -113.22236365 -18.61691694
v 18.3309194 -49.04835648 -13.20530171
v -18.3309194 -49.04835648 -13.20530171
v 75.56975762 9.75230864 2.52190822
v -75.56976602 9.7522677 2.52191767
v 27.15600732 -15.56205241 -10.38012566
v -27.15600732 -15.56205241 -10.38012566
v 54.75880432 46.26406872 2.15076721
v -54.75880432 46.26406872 2.15076721
v 14.21550839 -45.55349355 -11.64991543
v -14.21550839 -45.55349355 -11.64991543
v 8.1421282 2.66869447 14.77624733
v -8.1421282 2.66869421 14.77624733
v 71.51053389 18.94403163 -0.10431784
v -71.51053389 18.94403163 -0.10431784
v 12.82236088 12.91299686 16.40479748
v -12.82237138 12.91299267 16.40479328
v 20.91586155 -125.61486108 -9.32388553
v -20.91586155 -125.61486108 -9.32388553
v 10.51027361 11.3261906 16.88502697
v -10.51025682 11.32617066 16.88502697
v 7.683052 146.93394697 -7.54082537
v -7.68305147 146.93394697 -7.54082484
v 28.44520402 -124.70073053 -0.95297477
v -28.44519772 -124.70073053 -0.95297005
v 30.28780562 59.78310834 -14.16290519
v -30.28780562 59.78310834 -14.16290519
v 76.67179708 2.91899664 5.07834809
v -76.67178868 2.91902604 5.07833077
v 10.38617891 127.72952915 11.52743324
v -10.38617891 127.72952915 11.52743324
v 1.75477782 122.41081015 17.7527241
v -1.75477756 122.41081015 17.7527241
v 48.38447299 68.92282232 -4.92040674
v -48.38447299 68.92282232 -4.92040674
v 78.23120416 -8.67255523 10.58791391
v -78.23120416 -8.67255523 10.58791391
v 35.89524958 -89.59363761 -18.58080952
v -35.89524958 -89.59363761 -18.58080952
v 11.61392454 -48.23176656 6.13413994
v -11.61392454 -48.23176656 6.13413994
v 32.53868119 93.40691014 -2.36936897
v -32.53868119 93.40691014 -2.36936897
v 58.95479826 49.9413941 0.72863615
v -58.95479826 49.9413941 0.72863615
v 32.90957326 92.65377957 -0.51847824
v -32.90957326 92.65377957 -0.51847824
v 2.73701448 108.03161319 17.98694255
v -2.73701448 108.03161319 17.98694255
v 10.95132183 146.36854055 -2.20956105
v -10.95132183 146.36854055 -2.20956105
v 76.92210713 -5.72408129 6.20428769
v -76.92210713 -5.72408129 6.20428769
v 22.07435388 -65.03124602 -17.44180495
v -22.07435388 -65.03124602 -17.44180495
v 38.5027691 51.33978439 -5.23062514
v -38.5027691 51.33978439 -5.23062514
v 36.01576862 -134.91333684 -4.37049746
v -36.01574342 -134.91316887 -4.37049064
v 36.1388618 -133.24724312 -3.44482627
v -36.13889539 -133.24724312 -3.44474648
v 23.79287338 -55.48962416 -12.49804186
v -23.79287338 -55.48962416 -12.49804186
v 24.88545818 -53.93738943 -11.70800392
v -24.88545818 -53.93738943 -11.70800392
v -0.00001144 152.84033692 9.3002384
v 32.47758602 -12.64212509 4.59883719
v -32.47758602 -12.64212509 4.59883719
v 25.45070503 -126.62609553 -1.40667965
v -25.45070503 -126.62609553 -1.40667965
v 4.18612355 129.57806432 18.37601325
v -4.18611962 129.57806432 18.37601535
v 30.74068003 -123.2013646 -11.96392839
v -30.74068003 -123.2013646 -11.96392839
v 59.20471777 43.23458142 4.20528954
v -59.20471777 43.23458142 4.20528954
v 80.16764684 -8.4162859 13.51008153
v -80.16768883 -8.41629797 13.51010042
v 23.59945923 -134.2911227 -16.54893215
v -23.59945923 -134.2911227 -16.54893215
v 30.64497028 -142.84491682 -17.74636011
v -30.6448737 -142.84493362 -17.74648399
v 22.9542079 -134.71385475 -15.64315185
v -22.9542079 -134.71385475 -15.64315185
v 6.52245688 116.35493461 -6.02128668
v -6.52245478 116.35493461 -6.02128878
v 14.56443723 125.09703238 -0.27841739
v -14.56443723 125.09703238 -0.27841739
v 32.65851784 -130.70511463 -4.58726978
v -32.65851784 -130.70511463 -4.58726978
v 14.32316821 123.90910946 -0.42432583
v -14.32316821 123.90910946 -0.42432583
v 25.57776862 -57.95414176 5.07646997
v -25.57776862 -57.95414176 5.07646997
v 73.75058374 5.23304865 18.57027356
v -73.75058374 5.23304865 18.57027356
v 70.77667797 6.94037289 17.22590476
v -70.77667797 6.94037289 17.22590476
v 15.51428572 -67.00911029 -5.38727364
v -15.51428572 -67.00911029 -5.38727364
v 74.72760255 9.59293272 18.3993234
v -74.72756056 9.59292537 18.39936329
v 15.55718335 -68.14618845 -8.3222947
v -15.55718335 -68.14618845 -8.3222947
v 46.42388031 72.68671564 -9.79503516
v -46.42388031 72.68671564 -9.79503516
v 33.98841176 75.47749967 -19.46830621
v -33.98841176 75.47749967 -19.46830621
v 75.26720026 14.70528807 7.77665896
v -75.26248028 14.70397055 7.77945987
v 21.73923119 23.70532071 9.33130879
v -21.73923119 23.70532071 9.33130879
v 22.82866024 21.4575463 7.61842682
v -22.82866024 21.4575463 7.61842682
v 70.94742866 7.9163676 18.65348628
v -70.94742866 7.9163676 18.65348628
v 70.75883947 5.55221359 19.85920359
v -70.75883947 5.55221359 19.85920359
v 82.85140829 1.59526175 16.30162878
v -82.85141669 1.595375 16.30155634
v 24.08173692 -9.93050464 -11.30587874
v -24.08173692 -9.93050464 -11.30587874
v 82.58183199 1.36028061 15.18607607
v -82.58189078 1.36045278 15.18603723
v 25.46688272 76.97982188 9.79596215
v -25.46688272 76.97982188 9.79596215
v 2.76278619 -5.69969403 -12.3305666
v -2.76278645 -5.69969456 -12.33056555
v 23.87402636 74.05638293 12.28294899
v -23.87402636 74.05638293 12.28294899
v 80.7615579 -3.27339398 12.78077027
v -80.7615579 -3.27339398 12.78077027
v 26.3790774 -131.52299792 6.33572587
v -26.3790774 -131.52299792 6.33572587
v 35.14227439 -132.66318354 -7.13811124
v -35.1422429 -132.66312475 -7.13818682
v 28.13028611 -134.13127331 12.33693689
v -28.13028611 -134.13127331 12.33693689
v 9.6152067 131.55895207 7.91528419
v -9.6152067 131.55895207 7.91528419
v 29.46801586 -133.55159777 10.99244107
v -29.46801586 -133.55159777 10.99244107
v 4.57243481 141.46461698 4.57411715
v -4.57243586 141.46461698 4.57411452
v 16.15279407 -57.9791778 2.09667616
v -16.15279407 -57.9791778 2.09667616
v 36.90750026 88.70730622 2.65577909
v -36.90750026 88.70730622 2.65577909
v 45.41261226 47.04655637 -14.86871524
v -45.41261226 47.04655637 -14.86871524
v 80.20849733 12.6262823 8.02737844
v -80.20855612 12.62602719 8.02738579
v 24.71315376 66.48839669 5.37839376
v -24.71315376 66.48839669 5.37839376
v 23.79634827 44.42162668 3.03815616
v -23.79634827 44.42162668 3.03815616
v 34.06277662 -134.97623349 11.72414906
v -34.06277662 -134.97623349 11.72414906
v 24.36296829 -142.62131413 7.64890144
v -24.36292629 -142.62128053 7.64857705
v 27.24889936 -127.78301944 2.14733274
v -27.24888886 -127.78302784 2.14735032
v 27.58008734 -47.48207939 3.581381
v -27.58008734 -47.48207939 3.581381
v 12.4489818 128.42649028 4.07837634
v -12.4489818 128.42649028 4.07837634
v 73.28219723 8.5190184 8.97972391
v -73.28218884 8.51907351 8.97964203
v 15.9701752 92.39198032 -17.05571047
v -15.9701752 92.39198032 -17.05571047
v 27.59196077 -133.19948063 11.59225736
v -27.59207205 -133.19942184 11.59203165
v 28.59616355 -128.07280262 -16.22622775
v -28.59615305 -128.07278582 -16.2262309
v 33.44165219 71.14471033 -16.59470838
v -33.44165219 71.14471033 -16.59470838
v 72.31581937 5.20204702 16.50352755
v -72.31586137 5.20203599 16.50352335
v 62.75438957 44.52386209 -8.45621045
v -62.75438957 44.52386209 -8.45621045
v 62.1817184 46.8785646 -7.88913219
v -62.1817184 46.8785646 -7.88913219
v 37.15823864 -139.14158956 19.21337066
v -37.15823864 -139.14158956 19.21337066
v 36.72824605 -138.20123878 28.42968142
v -36.72824605 -138.20123878 28.42968142
v 74.5071997 7.53807275 4.01127254
v -74.5071997 7.53807275 4.01127254
v 73.91342301 9.87547636 3.61464656
v -73.91342301 9.87547636 3.61464656
v 80.3678512 -4.91821263 15.27213485
v -80.3678596 -4.91812969 15.27212225
v 81.2047152 -4.44732126 15.51702364
v -81.20474039 -4.44733228 15.51702784
v 24.737625 131.21656884 12.01444875
v -24.737625 131.21656884 12.01444875
v 9.63791635 110.08975909 -0.52662292
v -9.63791635 110.08975909 -0.52662292
v 61.42727347 50.30250187 -4.62144186
v -61.42727347 50.30250187 -4.62144186
v 34.91370816 62.9346474 2.79770967
v -34.91370816 62.9346474 2.79770967
v 8.13845646 -37.49557434 -4.01752577
v -8.13845646 -37.49557434 -4.01752577
v 64.96171031 42.92246652 2.9245486
v -64.96171031 42.92246652 2.9245486
v 11.03640637 136.18688285 4.13151652
v -11.03640637 136.18688285 4.13151652
v 11.96881319 120.71374262 -0.65193545
v -11.96881319 120.71374262 -0.65193545
v 80.23774944 -7.49726582 20.16680847
v -80.23774944 -7.49726582 20.16680847
v 30.41827902 -129.04454715 3.85252073
v -30.41827902 -129.04454715 3.85252073
v 14.16101657 56.12548173 17.88726449
v -14.16102077 56.12548173 17.88726029
v 23.16527157 45.23948478 -6.77288871
v -23.16527157 45.23948478 -6.77288871
v 36.42589026 91.69319671 -2.37829793
v -36.42589026 91.69319671 -2.37829793
v 32.37493278 -129.50134367 3.38603282
v -32.37493278 -129.50134367 3.38603282
v 59.5350155 29.17507903 -6.95357172
v -59.5350155 29.17507903 -6.95357172
v 13.00257358 66.22868447 19.5620507
v -13.00257253 66.22867608 19.5620507
v 23.02610569 -93.1829967 -22.67423421
v -23.02610569 -93.1829967 -22.67423421
v 5.68361345 -2.13346294 12.41437247
v -5.68361345 -2.13346294 12.41437247
v 35.05514166 -130.61455318 2.28512927
v -35.05512066 -130.61453639 2.28512166
v 7.05773827 127.89141098 25.84563582
v -7.05773827 127.89141098 25.84563582
v 40.99320459 -139.74606599 15.46197227
v -40.99321299 -139.7460492 15.46195127
v 34.85913866 -130.03650696 1.35638618
v -34.85913236 -130.03649016 1.35638382
v 40.73695678 -140.99334138 15.00736042
v -40.73694838 -140.99334138 15.00741291
v 14.5525596 133.70291424 3.89915992
v -14.5525596 133.70291424 3.89915992
v 74.64478456 6.08324427 17.93642954
v -74.64479296 6.08323115 17.93640854
v 24.87712473 -118.47187029 -4.44381749
v -24.87712473 -118.47187029 -4.44381749
v 28.5062236 -131.74307323 -18.64453763
v -28.50614591 -131.74310683 -18.64456913
v 80.36803597 6.51905232 16.86207481
v -80.36814515 6.51898041 16.86205172
v 30.80260665 -99.02917752 -22.25940098
v -30.80260665 -99.02917752 -22.25940098
v 31.94195452 -127.41038468 1.25605369
v -31.94195452 -127.41038468 1.25605369
v -0.00001144 5.11670841 -17.37158686
v 40.78350148 -136.58285716 18.79227213
v -40.78352247 -136.58285716 18.79224693
v 1.16574329 4.76514663 -17.70292287
v -1.16574289 4.76514663 -17.70292077
v 12.73405445 123.12931354 3.93125467
v -12.73405445 123.12931354 3.93125467
v 12.47408083 56.37376773 19.09858993
v -12.47408188 56.37376773 19.09858993
v 6.84776325 126.6619489 18.15500781
v -6.84776325 126.6619489 18.15500781
v 6.32810944 -3.97629525 -18.08851868
v -6.32810944 -3.97629525 -18.08851868
v 22.37295343 -140.14169596 9.74498722
v -22.37297022 -140.14163717 9.74483184
v 11.12406192 40.07212005 18.28686487
v -11.12406192 40.07212005 18.28686487
v 27.77710446 130.61188245 5.86848471
v -27.77710446 130.61188245 5.86848471
v 42.23456321 -138.4844711 4.24583979
v -42.23450022 -138.4844375 4.24573139
v 25.21658526 -136.51611397 19.60867938
v -25.21660626 -136.51608878 19.60867098
v 27.98815344 -138.80347279 18.5849605
v -27.98815344 -138.80347279 18.5849605
v -0.00001144 39.51822382 -13.08222007
v 45.09314024 50.30637779 -16.43296513
v -45.09314024 50.30637779 -16.43296513
v 33.74691807 -140.39853167 -4.00110873
v -33.74691807 -140.39853167 -4.00110873
v 23.75892858 -134.61038475 6.83102602
v -23.75891808 -134.61036795 6.8309835
v 7.93020157 43.53735294 -14.27215758
v -7.93018057 43.53735294 -14.27215758
v 62.89282688 24.17687976 -0.87416295
v -62.89282688 24.17687976 -0.87416295
v 42.2501131 71.91082504 1.71275389
v -42.2501131 71.91082504 1.71275389
v 58.83553061 37.69423758 4.34861428
v -58.83553061 37.69423758 4.34861428
v 40.57661188 75.93764721 3.19165809
v -40.57661188 75.93764721 3.19165809
v 57.05658573 37.33912636 3.36734791
v -57.05658573 37.33912636 3.36734791
v 42.5932606 73.55371359 1.58980808
v -42.5932606 73.55371359 1.58980808
v 39.81165617 70.06936143 -17.89098504
v -39.81165617 70.06936143 -17.89098504
v 22.93504033 -136.81415292 4.76619173
v -22.93503613 -136.81410252 4.76622847
v 46.94785674 68.82288391 -15.17030047
v -46.94785674 68.82288391 -15.17030047
v 14.6890537 60.85198616 -21.11429382
v -14.68906735 60.85199036 -21.11429382
v 13.80647016 -0.13162138 -19.20084634
v -13.80647016 -0.13162138 -19.20084634
v 73.75873032 16.07833578 10.85409299
v -73.73303079 16.08479005 10.86936469
v 13.17757393 2.6603563 -19.56254621
v -13.17757393 2.6603563 -19.56254621
v 39.31865355 64.97456008 4.17890711
v -39.31865355 64.97456008 4.17890711
v 52.8127831 42.97996292 1.14302721
v -52.8127831 42.97996292 1.14302721
v 6.55961884 134.95212129 -10.33024149
v -6.55961884 134.95212129 -10.33024149
v 20.79345494 -107.88791419 -13.45726102
v -20.79345494 -107.88791419 -13.45726102
v 30.34617547 -125.62943254 -2.01645214
v -30.34617547 -125.62943254 -2.01645214
v 81.68543076 -1.73376336 9.16177484
v -81.68543076 -1.73376336 9.16177484
v 7.87676639 110.30999397 10.51699559
v -7.87676639 110.30999397 10.51699559
v 81.39124674 -1.4736139 10.15218092
v -81.39124674 -1.4736139 10.15218092
v 10.43183336 144.28373768 8.1330625
v -10.43183336 144.28373768 8.1330625
v 26.35738608 -47.5165008 -10.92209701
v -26.35738608 -47.5165008 -10.92209701
v 25.58681595 -8.92312931 -9.55001304
v -25.58681595 -8.92312931 -9.55001304
v 20.00785143 -134.93742385 -16.83879092
v -20.00780944 -134.93744064 -16.83874997
v 4.68659772 85.67765095 11.66524801
v -4.68659195 85.67769294 11.66521967
v 22.47805904 17.51010921 9.94904966
v -22.47805904 17.51010921 9.94904966
v 38.03057806 89.78066467 -10.16561963
v -38.03057806 89.78066467 -10.16561963
v 22.1127772 15.34001184 11.64664735
v -22.1127772 15.34001184 11.64664735
v 23.37004894 65.85161108 12.2903166
v -23.37004894 65.85161108 12.2903166
v 21.12397314 14.11100537 13.07651536
v -21.12397314 14.11100537 13.07651536
v 9.59230493 26.25246103 19.57948816
v -9.59231123 26.25247573 19.57948606
v 10.93553152 28.24449784 -11.97494833
v -10.93553152 28.24449784 -11.97494833
v 17.41268826 132.49913488 6.31082578
v -17.41268826 132.49913488 6.31082578
v 65.83760232 44.69706936 -0.82615474
v -65.83760232 44.69706936 -0.82615474
v 24.72906479 71.22335425 11.26181265
v -24.72906479 71.22335425 11.26181265
v 24.78612446 127.41709511 0.23181522
v -24.78612446 127.41709511 0.23181522
v 13.49513528 -52.65299251 -9.55351943
v -13.49513528 -52.65299251 -9.55351943
v 7.95334164 1.10430102 -20.03087393
v -7.95334164 1.10430102 -20.03087393
v 26.72650815 -130.51063806 5.91465673
v -26.72649136 -130.51065486 5.91465778
v -0.00001144 135.1055206 -10.29912175
v 19.88006976 -138.97780126 -17.07949934
v -19.88026083 -138.97778447 -17.07962111
v 25.28043306 130.62549648 9.32013244
v -25.28043306 130.62549648 9.32013244
v 19.51957929 85.82846351 -20.37229132
v -19.51957929 85.82846351 -20.37229132
v 4.02236097 131.61113219 -11.91719472
v -4.02236622 131.61113219 -11.91719367
v 20.07483188 87.4280492 -19.21549759
v -20.07483188 87.4280492 -19.21549759
v 26.82137385 -130.67314979 5.58510752
v -26.82137805 -130.67313299 5.58510699
v 27.72905222 79.52952586 7.89380335
v -27.72905222 79.52952586 7.89380335
v 10.80514001 115.79716246 3.99663257
v -10.80514001 115.79716246 3.99663257
v 82.72815973 -5.13850735 13.72171526
v -82.72815973 -5.13850735 13.72171526
v 5.64456497 146.89171912 16.44706942
v -5.64456497 146.89171912 16.44706942
v 41.9138818 48.7177312 -13.10363215
v -41.9138818 48.7177312 -13.10363215
v 6.59047244 87.43416333 10.17264711
v -6.59046247 87.43417173 10.17264186
v 27.8078893 -129.22540968 4.04551627
v -27.8078893 -129.22540968 4.04551627
v 80.79159108 -2.60881473 10.13761575
v -80.79159108 -2.60881473 10.13761575
v 5.68649625 131.640947 14.28431027
v -5.68649678 131.640947 14.28431027
v 28.37131787 -128.04285343 2.24289879
v -28.37131787 -128.04285343 2.24289879
v 6.84162287 131.10231512 15.54551778
v -6.84162182 131.10231512 15.54551883
v 38.23650603 -141.80170073 26.83964277
v -38.23653962 -141.80171753 26.83958818
v 21.94127903 -139.16228356 -18.44403092
v -21.94133572 -139.16228356 -18.44404772
v 11.32875111 132.82706423 7.95455523
v -11.32875111 132.82706423 7.95455523
v 26.02900321 52.83852883 0.5729094
v -26.02900321 52.83852883 0.5729094
v 31.64140861 -127.9608585 -7.96873197
v -31.64140861 -127.9608585 -7.96873197
v 8.6026521 102.13727514 -9.10538075
v -8.6026521 102.13727514 -9.10538075
v 30.69246612 -137.63054127 28.59941799
v -30.69244722 -137.63061686 28.59942428
v 24.46049422 12.08555708 -2.91033224
v -24.46049422 12.08555708 -2.91033224
v 9.68515393 70.18958652 19.35789482
v -9.68515603 70.18958652 19.35789272
v 11.49387058 121.76813717 3.0045977
v -11.49387058 121.76813717 3.0045977
v 44.26817278 45.41790334 -3.92390595
v -44.26817278 45.41790334 -3.92390595
v 2.53872183 104.91721666 18.47212403
v -2.53872105 104.91721666 18.47212613
v 74.69522618 25.58169494 7.88010849
v -74.69522618 25.58169494 7.88010849
v -40.65627202 -141.1656626 1.15063012
v 40.66227277 -141.15996839 1.16008687
v 32.68783294 -128.0683178 -0.74779945
v -32.68784134 -128.0683514 -0.74782281
v 34.91653217 -140.79330498 -6.56348479
v -34.91620673 -140.7932042 -6.56431415
v 1.95617924 141.0317059 9.86357773
v -1.95617635 141.0317059 9.86358403
v 19.2022216 -138.59361851 -9.82999618
v -19.20217961 -138.5936353 -9.83012215
v 80.08253604 -1.74315949 7.43737164
v -80.08251925 -1.74316369 7.43737479
v 6.50188518 32.27551088 20.2097775
v -6.50187678 32.27550668 20.2097775
v 19.07136397 60.4155351 15.61257592
v -19.07136397 60.4155351 15.61257592
v 73.98687663 6.45224614 19.52678313
v -73.98693542 6.45225349 19.52669495
v 18.64922612 61.07412332 16.52471601
v -18.64922612 61.07412332 16.52471601
v 29.54902816 75.64494974 4.74613969
v -29.54902816 75.64494974 4.74613969
v 25.81358699 -127.55417606 0.71831133
v -25.81358699 -127.55417606 0.71831127
v 81.59688496 7.66572581 14.44057873
v -81.59708653 7.66564603 14.44012101
v 18.90376483 -46.65912338 9.96989064
v -18.90376483 -46.65912338 9.96989064
v 10.65435685 130.78490074 -5.08407169
v -10.65435685 130.78490074 -5.08407169
v 20.92022039 -50.47609966 7.96340467
v -20.92022039 -50.47609966 7.96340467
v 32.00330164 65.01031686 -15.24647941
v -32.00330164 65.01031686 -15.24647941
v 29.79210497 -128.91393307 1.889859
v -29.79210497 -128.91393307 1.889859
v 71.64218938 8.85121472 11.74161277
v -71.64218938 8.85121472 11.74161277
v 27.36405173 8.67728834 4.28879648
v -27.36405173 8.67728834 4.28879648
v 31.32785337 -110.52426589 -12.49117291
v -31.32785337 -110.52426589 -12.49117291
v 72.4415119 12.28590527 14.94251845
v -72.44141952 12.28602075 14.94206808
v 14.84814512 -64.1922236 -8.90400164
v -14.84814512 -64.1922236 -8.90400164
v 25.29638818 -126.48602471 -0.40951222
v -25.29639238 -126.48600791 -0.40951632
v 77.85057398 -3.64286539 4.44648088
v -77.85057398 -3.64286539 4.44648088
v 15.58027094 -56.83748465 -11.30908068
v -15.58027094 -56.83748465 -11.30908068
v 77.03120414 4.08324539 13.85680785
v -77.03122094 4.08324486 13.8568026
v 30.24215117 -135.47240237 19.78900861
v -30.24282515 -135.47247795 19.78950832
v 35.99369726 -139.35204015 -4.72307468
v -35.99352929 -139.35204015 -4.72330039
v 40.34117144 49.58882764 -2.60391943
v -40.34117144 49.58882764 -2.60391943
v 8.82482127 -34.38142138 6.05398954
v -8.82482127 -34.38142138 6.05398954
v 3.57517369 12.78662615 -18.67591667
v -3.5751771 12.78662405 -18.67591877
v 8.37454463 -35.18783017 4.37021795
v -8.37454463 -35.18783017 4.37021795
v 9.50230619 -9.63415485 -13.7993482
v -9.50230619 -9.63415485 -13.7993482
v 22.23066748 47.04736683 8.72794675
v -22.23066748 47.04736683 8.72794675
v 10.02077213 -10.51345981 -13.05047359
v -10.02077213 -10.51345981 -13.05047359
v 22.1995593 50.37780737 9.04694267
v -22.1995593 50.37780737 9.04694267
v 10.14814857 -12.38018097 -12.25115737
v -10.14814857 -12.38018097 -12.25115737
v 20.67029667 57.30456518 11.25186353
v -20.67029667 57.30456518 11.25186353
v 2.16839535 60.95768597 -20.1810167
v -2.16843302 60.95764398 -20.18099991
v 33.55238902 -139.63882505 15.87890513
v -33.55238902 -139.63882505 15.87890513
v 18.95025074 42.06530326 -10.35147509
v -18.95025074 42.06530326 -10.35147509
v 18.24923941 3.29216288 15.83090538
v -18.24923941 3.29216288 15.83090538
v 10.8178659 129.17021448 -12.69329634
v -10.81787115 129.17019769 -12.69331944
v 19.93377002 -135.25299894 -4.84685497
v -19.93377002 -135.25299894 -4.84685392
v 8.54467226 129.40369386 -14.28912683
v -8.54466963 129.40367706 -14.28914468
v 37.09387644 77.4245749 5.03380644
v -37.09387644 77.4245749 5.03380644
v 33.12812844 -86.1842928 -22.71148803
v -33.12812844 -86.1842928 -22.71148803
v 13.2973203 83.21273022 10.96371387
v -13.2973161 83.21273862 10.96371387
v 31.43714145 -88.37574871 -23.5185813
v -31.43714145 -88.37574871 -23.5185813
v 26.56075459 129.06715601 4.36104071
v -26.56075459 129.06715601 4.36104071
v 31.15314486 68.38406026 -6.25460858
v -31.15314486 68.38406026 -6.25460858
v 30.49511935 -106.38570956 -19.34403093
v -30.49511935 -106.38570956 -19.34403093
v 8.13786699 107.49840676 5.47706977
v -8.13786699 107.49840676 5.47706977
v 34.5537111 -133.60675097 14.72484932
v -34.55324708 -133.60678457 14.72528394
v 20.88748288 -129.33641317 -8.09929775
v -20.88750808 -129.33638797 -8.09919014
v 17.93959579 -71.31277349 -16.74453202
v -17.93959579 -71.31277349 -16.74453202
v 16.01038005 -90.67257268 -12.5846308
v -16.01038005 -90.67257268 -12.5846308
v 76.60769103 -11.34108331 9.19645136
v -76.60769103 -11.34108331 9.19645136
v 27.83198261 74.44777164 4.43029164
v -27.83198261 74.44777164 4.43029164
v 22.28963992 -131.16527056 -12.28263824
v -22.28963992 -131.16527056 -12.28263824
v 68.02946556 21.54349485 6.14913921
v -68.02946556 21.54349485 6.14913921
v 15.35259075 97.99937389 -5.00467296
v -15.35259075 97.99937389 -5.00467296
v 18.57868469 -67.51667178 -16.12600168
v -18.57868469 -67.51667178 -16.12600168
v 76.75427913 18.89865642 3.13806623
v -76.75427913 18.89865642 3.13806623
v 12.37147588 130.9627734 3.04326326
v -12.37147588 130.9627734 3.04326326
v 28.07366316 -130.48120119 5.3148205
v -28.07366316 -130.48120119 5.3148205
v 36.49627001 -138.53172967 -4.83341101
v -36.49638759 -138.53177167 -4.83321889
v 5.40201412 104.39190486 7.14170476
v -5.4020136 104.39190486 7.14170634
v 34.6008269 71.22316109 -17.04844679
v -34.6008269 71.22316109 -17.04844679
v 3.72276882 103.85694314 8.31047376
v -3.72276987 103.85694314 8.31047376
v 35.16315946 68.12597736 -15.68493353
v -35.16315946 68.12597736 -15.68493353
v 23.61782053 43.76962712 -2.5550604
v -23.61782053 43.76962712 -2.5550604
v 11.51765944 -21.89143161 -14.12565347
v -11.51765944 -21.89143161 -14.12565347
v 82.69244914 -5.1623592 14.61014628
v -82.69244914 -5.1623592 14.61014628
v 28.06454655 -51.04048567 -8.2707009
v -28.06454655 -51.04048567 -8.2707009
v 33.8887232 -137.08351925 22.6306059
v -33.88880929 -137.08356124 22.63064159
v 29.97963384 -117.09325015 -16.56060087
v -29.97963384 -117.09325015 -16.56060087
v 77.88833381 -0.5195895 6.114111
v -77.88833381 -0.51961191 6.11417504
v 28.93754106 -140.3029647 15.7549154
v -28.93754106 -140.3029647 15.7549154
v 28.61912306 -123.89866168 -4.17566029
v -28.61912306 -123.89866168 -4.17566029
v 10.62511628 117.33543042 8.47569978
v -10.62511628 117.33543042 8.47569978
v 13.61678601 10.13479489 -18.33457277
v -13.61678601 10.13479489 -18.33457277
v 56.2566669 46.35378611 -12.39334988
v -56.2566669 46.35378611 -12.39334988
v 31.8989708 -8.99679079 4.667469
v -31.8989708 -8.99679079 4.667469
v 79.87429428 -0.37951123 14.79300346
v -79.87429428 -0.37951123 14.79300346
v 24.82810246 131.76464908 7.20340725
v -24.82810246 131.76464908 7.20340725
v 53.74579777 48.68937354 1.63295806
v -53.74579777 48.68937354 1.63295806
v 33.69398628 -79.55492304 -21.3615489
v -33.69398628 -79.55492304 -21.3615489
v 80.73879786 -9.00622445 18.37391152
v -80.73879786 -9.00622445 18.37391152
v 33.04688307 -128.9275555 -8.81267908
v -33.04688727 -128.92749671 -8.81252685
v 76.65676369 3.00419667 6.01575466
v -76.65676369 3.00419667 6.01575466
v 32.69165428 -129.14169305 -9.07742831
v -32.69165218 -129.14169305 -9.07749445
v 28.62470809 -64.9583467 -1.17356928
v -28.62470809 -64.9583467 -1.17356928
v 25.07985495 131.72679686 12.99135418
v -25.07985495 131.72679686 12.99135313
v 38.2291825 -139.50049272 17.63501228
v -38.2291825 -139.50049272 17.63501228
v 7.52717827 139.57959016 -1.35321927
v -7.52718247 139.57959016 -1.35321455
v 2.13881688 111.03960863 12.50133409
v -2.13881688 111.03960863 12.50133409
v 2.74627728 144.12023493 18.07609514
v -2.74628752 144.12021813 18.07609514
v 12.18276072 124.61204196 -1.12660032
v -12.18276072 124.61204196 -1.12660032
v 26.99219593 71.24306562 3.81639914
v -26.99219593 71.24306562 3.81639914
v 13.26246426 131.43817268 21.92466673
v -13.26244326 131.43828186 21.92443577
v 28.18403256 70.00916491 0.09691001
v -28.18403256 70.00916491 0.09691001
v -0.00001144 127.71587312 -6.94746493
v 2.82352993 127.72622852 -6.73270485
v -2.82352626 127.72622852 -6.7327059
v 77.36436578 -6.86127598 5.62651126
v -77.36436578 -6.86127965 5.62649552
v 20.96295425 -126.87140845 -9.601094
v -20.96295425 -126.87140845 -9.601094
v 27.15165688 -63.68381805 1.24474677
v -27.15165688 -63.68381805 1.24474677
v 78.35651035 17.31867817 9.37028641
v -78.35651035 17.31867817 9.37028641
v 28.19190619 -139.4908512 18.21183232
v -28.19190619 -139.4908512 18.21183232
v 22.57546529 7.76356879 14.53606277
v -22.57546529 7.76356879 14.53606277
v 27.33816113 81.89069944 -21.03138135
v -27.33816113 81.89069944 -21.03138135
v 26.25873894 10.51277008 2.01164463
v -26.25873894 10.51277008 2.01164463
v 26.49705378 81.69103258 8.00405727
v -26.49705378 81.69103258 8.00405727
v 8.39211123 88.47053462 8.71962957
v -8.39211123 88.47053462 8.71962957
v 33.16731812 -129.1103413 2.45826383
v -33.16731812 -129.1103413 2.45826383
v 78.26625966 -6.62324249 9.76302623
v -78.26625966 -6.62324249 9.76302623
v 10.73869392 129.14004693 1.72405767
v -10.73869392 129.14004693 1.72405767
v 23.87485361 -138.98269761 1.75855939
v -23.87489141 -138.98278999 1.75852344
v 82.48666815 -6.14910561 15.09897483
v -82.48672694 -6.14912294 15.09889924
v 13.7717233 133.90981224 11.13324572
v -13.7717233 133.90981224 11.13324572
v 40.39968406 82.85574193 -14.48023138
v -40.39968406 82.85574193 -14.48023138
v 15.41300669 133.58319307 10.40077452
v -15.41300669 133.58319307 10.40077557
v 1.47086482 112.78844475 14.1214899
v -1.47087034 112.78843635 14.1214899
v 76.40432881 14.93863517 13.40647925
v -76.40432881 14.93863517 13.40647925
v 3.15587349 151.86358687 5.09102516
v -3.15586509 151.86358687 5.09101519
v 26.24480786 -137.71357762 15.17645555
v -26.24480786 -137.71357762 15.17645555
v 11.10641554 135.31593759 -1.11185131
v -11.10641554 135.31593759 -1.11185131
v 23.39769273 -142.52872864 8.33368417
v -23.39770113 -142.52866145 8.33323432
v 47.78560678 69.92857673 -8.20127806
v -47.78560678 69.92857673 -8.20127806
v 35.27608411 -136.45954141 21.6017891
v -35.27555081 -136.45954141 21.60184999
v 79.90567122 -11.91162649 19.57569622
v -79.90567122 -11.91162649 19.57569622
v 26.00305383 72.0162435 7.77159517
v -26.00305383 72.0162435 7.77159517
v 1.65228507 129.42146517 -6.27887091
v -1.65229609 129.42146517 -6.27887144
v 9.45860754 107.86304612 0.26242623
v -9.45860754 107.86304612 0.26242623
v 39.80839754 -136.60058647 18.16055714
v -39.80844793 -136.60065366 18.16053405
v 15.91357534 -70.48207403 -8.310658
v -15.91357534 -70.48207403 -8.310658
v 36.19653456 -87.23257321 -15.79993157
v -36.19653456 -87.23257321 -15.79993157
v 39.69072141 -136.96378128 11.19861785
v -39.69072141 -136.96378128 11.19861785
v 10.51660296 132.62590243 -4.97281048
v -10.51660296 132.62590243 -4.97281048
v 34.10141409 76.16513843 4.99139539
v -34.10141409 76.16513843 4.99139539
v 4.2487861 118.78697506 -7.82658197
v -4.24879187 118.78697506 -7.8265804
v 31.86164349 75.65940362 4.87945967
v -31.86164349 75.65940362 4.87945967
v 19.35247986 -134.96707909 -14.99429334
v -19.35245256 -134.96708749 -14.99423665
v 29.91283816 -65.23665748 -3.85855535
v -29.91283816 -65.23665748 -3.85855535
v 2.44116992 102.98630862 8.41812255
v -2.44116834 102.98630862 8.4181215
v 35.36616264 -141.37125883 27.84628742
v -35.36722506 -141.37125883 27.84587799
v 50.13945684 39.42161543 -1.70732949
v -50.13945684 39.42161543 -1.70732949
v 3.03345718 126.52940316 -9.23280548
v -3.03345744 126.52940316 -9.23280443
v 3.03254358 125.90951541 -11.79825147
v -3.03251838 125.90951541 -11.79823362
v 70.37110413 36.82578248 -2.7262368
v -70.37110413 36.82578248 -2.7262368
v 33.76260024 -132.84117377 4.667901
v -33.76260024 -132.84117377 4.667901
v 79.5384955 -0.46293227 16.79051402
v -79.5385207 -0.46300369 16.79052241
v 24.42258111 21.40906363 -1.23395044
v -24.42258111 21.40906363 -1.23395044
v 15.02396328 17.40321261 15.82509149
v -15.02396013 17.40321051 15.82509254
v 27.01450454 -129.3040536 4.3755875
v -27.01445205 -129.30409559 4.37561585
v 29.10388251 -97.89980082 -4.08511223
v -29.10388251 -97.89980082 -4.08511223
v 5.90523042 105.78928733 11.12826644
v -5.90523724 105.78928733 11.12825384
v 32.80884329 -138.37517251 23.36671892
v -32.80884329 -138.37517251 23.36671892
v 18.10006667 -0.02397908 -17.01750027
v -18.10006667 -0.02397908 -17.01750027
v 6.74634565 133.48536689 19.41937422
v -6.74627216 133.48535849 19.41944141
v 29.00692558 -51.54118555 -6.329217
v -29.00692558 -51.54118555 -6.329217
v 27.77280231 -140.15921531 24.99585907
v -27.77291149 -140.15916492 24.99608793
v 4.57418906 0.73985686 -19.11491459
v -4.57418906 0.73985686 -19.11491459
v 34.46644398 92.22992212 -9.10380288
v -34.46644398 92.22992212 -9.10380288
v 4.67479883 -0.54430991 -18.75721033
v -4.67479883 -0.54430991 -18.75721033
v 29.79371329 57.97814478 -12.78345045
v -29.79371329 57.97814478 -12.78345045
v 80.36523926 2.86272066 18.19163593
v -80.36521406 2.86273431 18.19163803
v 21.36495661 -129.05678382 -11.9609868
v -21.36493141 -129.05680062 -11.96081149
v 9.99064657 113.1795563 -1.14011436
v -9.99064657 113.1795563 -1.14011436
v 6.98286845 -12.57717289 11.79582009
v -6.98286845 -12.57717289 11.79582009
v 54.18892567 31.34450137 -6.60746059
v -54.18892567 31.34450137 -6.60746059
v 24.65648252 -130.89812145 4.52120478
v -24.65649301 -130.89812145 4.5212221
v 36.084813 -134.00958688 19.61152229
v -36.08479621 -134.00958688 19.61151599
v 25.17752366 -39.9143787 -14.18561379
v -25.17752366 -39.9143787 -14.18561379
v 30.00150154 -41.23295768 -1.46131267
v -30.00150154 -41.23295768 -1.46131267
v 9.46037019 128.73053418 27.85249184
v -9.46036074 128.73053418 27.85249814
v 25.70179614 95.53297502 -4.27249071
v -25.70179614 95.53297502 -4.27249071
v 29.53965959 -137.19347292 -16.44452676
v -29.53965959 -137.19347292 -16.44452676
v 46.40805326 71.40742503 -11.23966151
v -46.40805326 71.40742503 -11.23966151
v 25.78682925 -126.98813974 0.99591079
v -25.78683975 -126.98812295 0.99592195
v 36.12111149 -136.95813746 -4.55680198
v -36.1210275 -136.95819625 -4.55695001
v 33.22642703 -136.1095911 15.84365751
v -33.22642703 -136.1095911 15.84365751
v 1.47393672 114.42311113 -7.43704462
v -1.47393921 114.42311113 -7.43704462
v 24.50918055 -19.05367245 -14.16306267
v -24.50918055 -19.05367245 -14.16306267
v 46.73415173 49.99340205 2.94264221
v -46.73415173 49.99340205 2.94264221
v -0.00001144 105.76716558 -9.25525163
v 2.70163669 127.52726714 19.51034929
v -2.70163669 127.52726714 19.51034719
v 34.75879712 -129.1005738 -5.47567246
v -34.75857665 -129.10031345 -5.47568033
v 31.87789886 -139.28268502 -16.28365905
v -31.87790936 -139.28268502 -16.28363806
v 28.67096934 64.33345342 -2.7007488
v -28.67096934 64.33345342 -2.7007488
v -0.00001144 128.83708644 30.24963217
v 26.28238293 -127.99493137 1.9145406
v -26.28236613 -127.99493137 1.91453076
v 30.19686415 -138.4476855 -17.17429784
v -30.19688304 -138.4476855 -17.17428419
v 6.27268906 -30.09125882 -5.18635697
v -6.27268906 -30.09125882 -5.18635697
v 25.05120334 -133.95162017 11.20575661
v -25.05104167 -133.95164536 11.205491
v 10.49772935 -43.97056216 -7.13680369
v -10.49772935 -43.97056216 -7.13680369
v 3.64390759 98.48348246 -13.90125397
v -3.64394512 98.48349926 -13.90124662
v 79.12631202 -4.54744654 5.83968717
v -79.12631202 -4.54744654 5.83968717
v -0.00001144 94.91089526 -15.80723305
v 7.34805266 -29.73739899 5.82344912
v -7.34805266 -29.73739899 5.82344912
v 1.37671038 151.35508894 4.7768542
v -1.37665907 151.35490417 4.77643794
v 73.36088314 4.92608153 20.28728971
v -73.36088314 4.92608153 20.28728971
v 10.82454588 2.95905584 -20.15490565
v -10.82454588 2.95905584 -20.15490565
v 80.72376448 11.27885119 9.86562173
v -80.72376448 11.27885119 9.86562173
v 12.03079756 -50.59240683 4.71714636
v -12.03079756 -50.59240683 4.71714636
v 32.41223699 -12.97967601 5.67786413
v -32.41223699 -12.97967601 5.67786413
v 13.66779559 -54.96390503 1.55681573
v -13.66779559 -54.96390503 1.55681573
v 25.98789236 -124.28239931 -2.55496592
v -25.98789236 -124.28239931 -2.55496592
v 3.97928618 -21.05437445 -4.08187065
v -3.97928618 -21.05437445 -4.08187065
v 36.33377089 -139.69865624 20.20016327
v -36.33377089 -139.69865624 20.20016327
v 32.81211662 75.54754349 -20.10810059
v -32.81211662 75.54754349 -20.10810059
v 39.55194816 -134.58167014 6.19560517
v -39.55213712 -134.58187171 6.19557578
v 28.35918618 55.14316764 -11.22747418
v -28.35918618 55.14316764 -11.22747418
v 40.75283001 -136.68529414 3.4627729
v -40.75283001 -136.68538652 3.46258734
v 11.62239762 97.0406639 -0.97089023
v -11.62239762 97.0406639 -0.97089023
v 40.30016557 -135.789464 4.92535768
v -40.30016557 -135.7894808 4.92536346
v 8.82455041 -40.47808862 0.72803376
v -8.82455041 -40.47808862 0.72803376
v 16.46754506 57.93936033 16.49083001
v -16.46754506 57.93936033 16.49083001
v 72.360508 14.72334598 3.32913167
v -72.360508 14.72334598 3.32913167
v 72.54962629 14.42320635 11.19395666
v -72.54962629 14.42320635 11.19395666
v 20.44084649 -129.77625304 -12.32194235
v -20.4408213 -129.77632863 -12.32208618
v 25.05527873 -132.2754566 5.938233
v -25.05522624 -132.2754902 5.93820046
v 52.89512238 45.15019572 -15.03645295
v -52.89512238 45.15019572 -15.03645295
v 26.79109292 -125.91929971 -0.45894612
v -26.79109712 -125.91932491 -0.45893647
v 28.38058566 -127.59831878 -16.73237618
v -28.38058986 -127.59832718 -16.73237618
v 47.61442777 44.17418053 -0.77229497
v -47.61442777 44.17418053 -0.77229497
v 38.7838388 -139.17904705 14.43263056
v -38.7838388 -139.17904705 14.43263056
v 46.78364011 44.12142931 -1.7136965
v -46.78364011 44.12142931 -1.7136965
v 32.41684149 -142.18825188 2.68313523
v -32.41722573 -142.18794953 2.68139122
v 80.2919956 -1.89624766 18.7959108
v -80.29196201 -1.89621394 18.7958667
v 28.98107698 74.95180994 -22.00661337
v -28.98107698 74.95180994 -22.00661337
v 33.3507632 -26.10519056 2.9061167
v -33.3507632 -26.10519056 2.9061167
v 35.94869369 56.28367241 -9.78643505
v -35.94869369 56.28367241 -9.78643505
v 33.54862647 -128.4286991 -0.22806505
v -33.54862017 -128.4286991 -0.22805967
v 9.34188255 114.03064742 9.44836133
v -9.34188255 114.03064742 9.44836133
v 33.32691345 -127.85271891 -0.65155312
v -33.32685256 -127.85267692 -0.65153665
v 5.90797727 113.98327126 14.89508455
v -5.90797727 113.98327126 14.89508455
v 37.29016708 -132.17008014 3.28429922
v -37.29010409 -132.17002135 3.28420369
v 23.63646319 -137.87224282 15.63722038
v -23.6364275 -137.87225962 15.63713429
v 13.29169852 99.36683237 -6.50395647
v -13.29169852 99.36683237 -6.50395647
v 30.61768763 -125.42699417 -2.92204269
v -30.61772542 -125.42699417 -2.92207235
v -0.00001144 141.93125659 7.0831281
v 35.06068049 -139.42862642 21.59711951
v -35.06068049 -139.42862642 21.59711951
v 30.32098615 -42.72834689 1.32082637
v -30.32098615 -42.72834689 1.32082637
v 47.22964032 67.49953876 -16.14165341
v -47.22964032 67.49953876 -16.14165341
v 22.47160476 -60.41111327 5.34173729
v -22.47160476 -60.41111327 5.34173729
v 73.87333678 13.95695308 2.61943966
v -73.87333678 13.95695308 2.61943966
v 1.6607151 -6.8569607 8.20038939
v -1.66071865 -6.8569586 8.20038834
v 38.53222278 -136.22850601 -1.13755818
v -38.53217659 -136.22869918 -1.13779242
v 2.23751717 -6.23086381 9.80218966
v -2.23751717 -6.23086381 9.80218966
v 78.26963587 -0.91864207 6.22056353
v -78.26963587 -0.91864207 6.22056353
v 24.30317279 -71.01493611 -21.67978843
v -24.30317279 -71.01493611 -21.67978843
v -0.00000381 22.75386075 -14.32880993
v 80.13436343 5.12666278 4.29393218
v -80.13437182 5.12669953 4.29394793
v 35.43856224 -87.30750497 -20.61655442
v -35.43856224 -87.30750497 -20.61655442
v 13.87985029 -4.67632526 -18.18181384
v -13.87985029 -4.67632526 -18.18181384
v 30.28745079 -77.06469752 -3.4870158
v -30.28745079 -77.06469752 -3.4870158
v 13.83612855 -2.8003001 -18.7769469
v -13.83612855 -2.8003001 -18.7769469
v 30.43657314 -81.48605784 -3.78005578
v -30.43657314 -81.48605784 -3.78005578
v 12.22621896 140.1874428 0.0819941
v -12.22621896 140.1874428 0.0819941
v 29.48401507 -77.70433863 -2.66942147
v -29.48401507 -77.70433863 -2.66942147
v 12.23589827 138.60981929 -2.24762244
v -12.23589827 138.60981929 -2.24762244
v 1.14244522 112.72712701 20.03689358
v -1.14244941 112.72712701 20.03689148
v 21.04423741 -58.42337652 5.86823538
v -21.04423741 -58.42337652 5.86823538
v 34.88390805 -130.67429199 2.0089756
v -34.88391225 -130.6742584 2.008947
v 11.35662796 95.58977434 0.33849513
v -11.35662796 95.58977434 0.33849513
v 6.67512027 127.17525079 -20.14932272
v -6.67514231 127.17525079 -20.14931852
v 28.15608222 -131.43075677 8.57280369
v -28.15610112 -131.43080716 8.57280474
v 2.08729657 -12.84063715 7.10855625
v -2.08729657 -12.84063715 7.10855625
v 4.56388773 126.80237246 -20.78372314
v -4.56387775 126.80236407 -20.78372524
v 9.82180865 118.32246028 12.79979401
v -9.82180865 118.32246028 12.79979401
v 30.47066491 -135.57374753 27.00050208
v -30.47056622 -135.57373074 27.0003887
v 10.39345519 118.57362698 11.53102571
v -10.39345519 118.57362698 11.53102571
v 26.18464073 -46.42984747 5.58066522
v -26.18464073 -46.42984747 5.58066522
v 28.66898098 72.29971098 0.04886954
v -28.66898098 72.29971098 0.04886954
v 69.79220966 18.75157701 0.56490579
v -69.79220966 18.75157701 0.56490579
v 27.02013786 -95.2457198 -23.69793419
v -27.02013786 -95.2457198 -23.69793419
v 33.73841875 -129.938538 1.92712043
v -33.73833897 -129.9385296 1.92714812
v 5.70986361 -10.80874298 -9.39758166
v -5.70986361 -10.80874298 -9.39758166
v 78.20906561 -8.3172687 8.26433009
v -78.20906561 -8.31727132 8.26432851
v 4.98938972 -15.29588382 -6.89105457
v -4.98938972 -15.29588382 -6.89105457
v 29.36333647 -47.20892532 0.12327838
v -29.36333647 -47.20892532 0.12327838
v 18.96999151 -78.64755332 -21.09987353
v -18.96999151 -78.64755332 -21.09987353
v 3.54439199 98.9586214 5.93629084
v -3.54439436 98.9586214 5.93629032
v 10.7798835 140.21863497 -4.60506471
v -10.7798835 140.21863497 -4.60506471
v 46.40875034 76.44803481 -8.54921744
v -46.40875034 76.44803481 -8.54921744
v 11.63848292 12.44589114 -18.38141981
v -11.63848292 12.44589114 -18.38141981
v 23.60748823 -137.28693186 14.02801626
v -23.60760371 -137.28689826 14.02842044
v 31.30700609 -70.64305722 -19.73995064
v -31.30700609 -70.64305722 -19.73995064
v 32.98689861 -136.98555029 17.25422149
v -32.98689861 -136.98555029 17.25422149
v 33.54509909 -138.24564185 18.64043705
v -33.54509909 -138.24564185 18.64043705
v 31.55721536 -69.60261684 -18.27758658
v -31.55721536 -69.60261684 -18.27758658
v 40.29450076 -135.18002404 4.75993586
v -40.29449656 -135.17999884 4.75993534
v 14.18289057 133.59442192 -1.0640507
v -14.18289057 133.59442192 -1.0640507
v 78.51318509 16.58441178 5.84610471
v -78.51318509 16.58441178 5.84610471
v 6.88424966 -9.93787121 -11.34195676
v -6.88424966 -9.93787121 -11.34195676
v 36.3549436 58.06131971 1.98780525
v -36.3549436 58.06131971 1.98780525
v 22.51880875 42.13882407 6.51571075
v -22.51880875 42.13882407 6.51571075
v 27.33481221 -90.02036736 -24.36997687
v -27.33481221 -90.02036736 -24.36997687
v 6.24597226 1.06385366 -19.79344514
v -6.24597226 1.06385366 -19.79344514
v 44.8922556 48.46568266 1.72466801
v -44.8922556 48.46568266 1.72466801
v 34.20227215 -133.87918277 7.66094652
v -34.20227215 -133.87918277 7.66094652
v 15.55205919 88.01645082 6.16089559
v -15.55205919 88.01645082 6.16089559
v 78.92727505 4.68476527 3.6304576
v -78.92727505 4.68476527 3.6304576
v 26.32891503 -136.76953148 14.78700061
v -26.32891503 -136.76953148 14.78700061
v 27.02560951 -140.21765234 12.2383139
v -27.02560951 -140.21765234 12.2383139
v 26.82792471 -140.16609371 9.91575785
v -26.82792471 -140.16609371 9.91575785
v 20.98173968 -136.20764404 -5.60825862
v -20.98174178 -136.20762724 -5.60825232
v 21.05789763 -134.65576205 -5.93435235
v -21.05790183 -134.65577885 -5.9343471
v 25.92135494 -81.07110284 -1.9053194
v -25.92135494 -81.07110284 -1.9053194
v 48.29929081 56.93481111 3.30193484
v -48.29929081 56.93481111 3.30193484
v 34.68097836 86.56969334 5.08698809
v -34.68097836 86.56969334 5.08698809
v 57.11861733 48.31690254 -11.39652627
v -57.11861733 48.31690254 -11.39652627
v 71.77890079 8.50026551 19.76122414
v -71.77891759 8.5003075 19.76120944
v 27.86755462 -129.90354129 -18.34440116
v -27.86754202 -129.90354969 -18.34440955
v 41.70325065 87.63735758 -6.46392116
v -41.70325065 87.63735758 -6.46392116
v 72.13090035 10.02707314 9.4028297
v -72.13095074 10.0272873 9.4025032
v 40.6063721 88.5947658 -7.73683151
v -40.6063721 88.5947658 -7.73683151
v 39.28169158 -138.9178021 23.01120878
v -39.28172937 -138.91770972 23.0110702
v 7.41834528 90.71658103 6.56563849
v -7.41834528 90.71658103 6.56563849
v 41.05774736 -139.36885402 16.03182047
v -41.05774736 -139.36885402 16.03181312
v 18.0906939 -142.16906961 -12.87750464
v -18.090696 -142.16905282 -12.87750569
v 72.12298053 20.93059048 -0.85173531
v -72.12298053 20.93059048 -0.85173531
v 7.75151164 -33.71025635 -6.38012527
v -7.75151164 -33.71025635 -6.38012527
v 32.13940206 -130.99096729 4.01553873
v -32.13942516 -130.99098409 4.01556603
v 73.18547126 20.89169475 -0.32392232
v -73.18547126 20.89169475 -0.32392232
v 77.12252146 7.38322784 16.88767146
v -77.12252146 7.38322784 16.88767146
v 22.64478893 -138.95099313 10.7689675
v -22.64478683 -138.95102672 10.76894966
v 78.04764569 8.66980786 16.61338883
v -78.04764569 8.66980786 16.61338883
v 25.57651934 15.19413552 4.0067263
v -25.57651934 15.19413552 4.0067263
v 5.26627169 25.16214594 20.81476204
v -5.26627537 25.16213754 20.81476204
v 34.04517118 88.00088833 4.47670512
v -34.04517118 88.00088833 4.47670512
v 80.45140826 -8.0594808 15.69145814
v -80.45140826 -8.0594808 15.69145814
v 28.2648412 76.80240275 6.33117176
v -28.2648412 76.80240275 6.33117176
v 12.13617612 -15.76832577 13.37176704
v -12.13617612 -15.76832577 13.37176704
v 57.52468668 52.41890004 -1.4429742
v -57.52468668 52.41890004 -1.4429742
v 40.05247167 71.3518435 2.76745315
v -40.05247167 71.3518435 2.76745315
v 75.37156051 16.5204737 13.41316554
v -75.37638967 16.52494487 13.40970534
v 20.67724226 18.86755453 11.81572358
v -20.67724226 18.86755453 11.81572358
v 78.80712555 -10.97870841 19.81170356
v -78.80712555 -10.97870841 19.81170356
v 19.43822264 18.01410552 13.13989074
v -19.43822264 18.01410552 13.13989074
v 71.90917053 25.78401784 -1.98893643
v -71.90917053 25.78401784 -1.98893643
v 26.29102922 -138.67387494 -17.19175
v -26.29102922 -138.67387494 -17.19175
v 24.37873654 -127.39951697 -0.04713563
v -24.37872814 -127.39955896 -0.04712259
v 8.69947255 135.11293651 5.98040994
v -8.69947255 135.11293651 5.98040994
v 23.28922141 -28.15479095 14.60801515
v -23.28922141 -28.15479095 14.60801515
v 3.21675424 137.55948124 14.70662764
v -3.21678048 137.55946444 14.70663814
v 39.3154831 -138.89147268 16.63546964
v -39.3154831 -138.89147268 16.63546964
v 9.0585274 132.89772113 -9.70995376
v -9.0585274 132.89772113 -9.70995376
v 18.75486924 -11.91377442 -13.54138813
v -18.75486924 -11.91377442 -13.54138813
v 26.73533922 -68.15583837 0.22479253
v -26.73533922 -68.15583837 0.22479253
v 53.76262424 51.04690215 1.068501
v -53.76262424 51.04690215 1.068501
v 81.90672385 -1.60118062 11.35073743
v -81.90675745 -1.60116185 11.35072798
v 6.90176586 128.81005995 23.103051
v -6.90176586 128.81005995 23.103051
v 26.08808693 -112.04862587 -4.51997964
v -26.08808693 -112.04862587 -4.51997964
v 7.14058618 152.01961492 6.20609862
v -7.14058618 152.01961492 6.20609862
v 24.60674007 -108.11580014 -5.47451346
v -24.60674007 -108.11580014 -5.47451346
v 23.52850417 50.79901928 -12.91808743
v -23.52850417 50.79901928 -12.91808743
v 19.34326456 -136.52460489 -15.55879482
v -19.34326246 -136.52460489 -15.55879167
v 52.61707616 52.20970084 1.32864344
v -52.61707616 52.20970084 1.32864344
v 11.49533297 -53.0294906 -4.3015696
v -11.49533297 -53.0294906 -4.3015696
v 78.06941471 -3.25675175 4.03144766
v -78.06939791 -3.25676461 4.03144898
v 34.44928157 59.33578957 0.1294884
v -34.44928157 59.33578957 0.1294884
v 52.0932173 63.85520703 -5.29860239
v -52.0932173 63.85520703 -5.29860239
v 31.89708952 -127.48387189 -1.45188688
v -31.89708952 -127.48387189 -1.45188675
v 58.27352979 28.95663093 -6.4035005
v -58.27352979 28.95663093 -6.4035005
v 71.47669617 14.27120855 10.6514604
v -71.47756122 14.27171561 10.65405765
v 22.39313512 -129.27246669 -1.30225209
v -22.39311202 -129.27248349 -1.30228463
v 71.50674614 11.89767757 10.54144269
v -71.50676294 11.89701828 10.54234238
v 10.59317769 1.37631224 14.49958791
v -10.59317769 1.37631224 14.49958791
v 39.76576235 -134.93356892 17.44083282
v -39.76575396 -134.93356892 17.44083282
v 1.7386975 119.9822467 18.9734685
v -1.7386975 119.9822467 18.9734685
v 34.61710537 -129.96173477 1.61063422
v -34.61710537 -129.96173477 1.61063422
v -0.00001144 137.65431754 8.44223896
v 1.66862941 137.1487339 9.98203072
v -1.66862705 137.1487339 9.98203807
v 10.98721298 101.02749223 -7.0068657
v -10.98721298 101.02749223 -7.0068657
v 7.23383831 106.7820534 10.07106363
v -7.23383831 106.7820534 10.07106363
v 9.24474505 128.29416291 23.56191566
v -9.24474505 128.29416291 23.56191566
v 31.64518375 -106.04931449 -11.02892852
v -31.64518375 -106.04931449 -11.02892852
v 5.13597834 136.00307244 15.15601245
v -5.13599356 136.00307244 15.15600825
v 32.65389655 -102.01922528 -13.29376142
v -32.65389655 -102.01922528 -13.29376142
v 21.95483638 126.34861621 -2.68754263
v -21.95483638 126.34861621 -2.68754263
v 77.67089564 5.19708086 16.44741901
v -77.67089564 5.19708086 16.44741901
v 34.13419359 -138.88780252 -10.36700189
v -34.13418729 -138.88780252 -10.36699244
v 28.72255946 -38.79430338 8.70130291
v -28.72255946 -38.79430338 8.70130291
v 17.8038964 74.59062238 -23.37513006
v -17.8038964 74.59062238 -23.37513006
v 21.56968569 0.40912241 -13.38525195
v -21.56968569 0.40912241 -13.38525195
v 31.38803309 -30.84942431 8.74796886
v -31.38803309 -30.84942431 8.74796886
v 20.17516922 4.55182742 -14.4100091
v -20.17516922 4.55182742 -14.4100091
v 16.89356619 44.89963791 -13.29344857
v -16.89356619 44.89963791 -13.29344857
v 44.84722263 64.4014228 -18.2975604
v -44.84722263 64.4014228 -18.2975604
v 29.2706418 -128.05423345 1.94138364
v -29.2706418 -128.05423345 1.94138364
v 27.16380117 -125.24673633 -0.94882957
v -27.16379697 -125.24673633 -0.94884125
v 78.30786602 -8.61388829 9.64060703
v -78.30789961 -8.61390246 9.64061228
v 24.39029293 -75.96998159 -1.23522833
v -24.39029293 -75.96998159 -1.23522833
v 77.72868599 -7.00995216 10.38923492
v -77.72866919 -7.00997788 10.38923912
v 24.57735568 -139.62469871 1.81630433
v -24.57735568 -139.62469871 1.81634777
v 77.4763015 -8.35969287 10.62439296
v -77.4763015 -8.35969287 10.62439716
v 28.22758948 -16.52188885 -8.75996408
v -28.22758948 -16.52188885 -8.75996408
v 9.18879924 125.15943352 -16.37952522
v -9.18879924 125.15943352 -16.37952522
v 40.53001258 77.58274458 -16.38862294
v -40.53001258 77.58274458 -16.38862294
v 19.18472535 72.70300041 15.72948987
v -19.18472115 72.70300041 15.72949302
v 46.11132449 43.70403454 -3.29400032
v -46.11132449 43.70403454 -3.29400032
v 82.56317044 -1.89355409 12.1966876
v -82.56314524 -1.89359779 12.19667395
v 27.4814528 8.82659336 7.17953125
v -27.4814528 8.82659336 7.17953125
v 70.53773114 9.44991401 14.59203483
v -70.53775634 9.45000849 14.59191095
v 26.17510839 -137.39822929 20.15061399
v -26.17512729 -137.39822929 20.15064759
v 6.31679346 -3.05119568 12.16107674
v -6.31679346 -3.05119568 12.16107674
v 48.02045932 65.28608288 1.42666292
v -48.02045932 65.28608288 1.42666292
v -0.00001144 65.94391942 -21.77531761
v 12.29401196 135.35979476 9.88617505
v -12.29401196 135.35979476 9.88617505
v 3.85726276 67.58301603 -22.29457826
v -3.8573575 67.58303283 -22.29458876
v 11.93154993 136.29585389 10.11518955
v -11.93154993 136.29585389 10.11518955
v 42.33535407 59.74338745 -18.2079102
v -42.33535407 59.74338745 -18.2079102
v 41.14956439 62.65123871 -18.35863878
v -41.14956439 62.65123871 -18.35863878
v 23.37379889 -137.95679091 16.60434256
v -23.37379679 -137.95673212 16.60426382
v 15.54720379 -60.02632582 -0.30714647
v -15.54720379 -60.02632582 -0.30714647
v 22.14297414 -139.32168783 14.30526462
v -22.14298464 -139.32168783 14.30530242
v 7.53654841 137.8384135 15.57880224
v -7.53654841 137.8384135 15.57880224
v 29.86132573 -60.63982228 -7.59774646
v -29.86132573 -60.63982228 -7.59774646
v 74.92626998 5.12143259 14.23742333
v -74.92626158 5.12143207 14.23743593
v 10.63641337 -48.00222189 3.12551986
v -10.63641337 -48.00222189 3.12551986
v 67.56801624 36.39195176 -6.25858004
v -67.56801624 36.39195176 -6.25858004
v 31.75855143 -129.8218739 -0.77915566
v -31.75855143 -129.8218739 -0.77915566
v 34.24357616 -95.49081436 -16.49303462
v -34.24357616 -95.49081436 -16.49303462
v 30.99627696 -129.46271039 0.21235104
v -30.99627696 -129.46271039 0.21235104
v 23.88681313 10.90830976 12.48053301
v -23.88681313 10.90830976 12.48053301
v 44.95327098 79.06192042 -11.09422296
v -44.95327098 79.06192042 -11.09422296
v 66.63737837 38.7516304 -6.63736884
v -66.63737837 38.7516304 -6.63736884
v 21.7431638 -140.75375626 -5.86821071
v -21.74326039 -140.75375626 -5.86812043
v 29.56960038 63.24908869 -17.75856528
v -29.56960038 63.24908869 -17.75856528
v 17.02878266 62.33818738 18.16692743
v -17.02878266 62.33818738 18.16692743
v 15.80223382 69.33464467 18.0004306
v -15.80223067 69.33464467 18.0004306
v 27.18713651 -127.27590727 -17.16324431
v -27.18713441 -127.27589888 -17.16323907
v 32.42336086 -138.79273106 -12.62280845
v -32.42378708 -138.79273106 -12.62173554
v 34.80778579 74.24500571 -18.71504757
v -34.80778579 74.24500571 -18.71504757
v 11.842875 -7.72236083 13.98648339
v -11.842875 -7.72236083 13.98648339
v 7.08667281 149.90182259 13.36677831
v -7.08667229 149.90182259 13.36677411
v 32.62727108 -127.04835727 -2.58938996
v -32.62727108 -127.04835727 -2.58938996
v 22.84948022 -138.86403466 14.36807835
v -22.84949281 -138.86398427 14.36806995
v 30.61579586 -117.70144713 -13.63819284
v -30.61579586 -117.70144713 -13.63819284
v 34.18711488 -84.15564256 -8.920594
v -34.18711488 -84.15564256 -8.920594
v 66.00881493 21.66142083 -0.11448178
v -66.00881493 21.66142083 -0.11448178
v 31.71392789 64.8496948 -9.78347142
v -31.71392789 64.8496948 -9.78347142
v 19.60037113 64.7330559 16.22103955
v -19.60037113 64.7330559 16.22103955
v 3.49395483 114.59439093 17.82327393
v -3.4939551 114.59439093 17.82327393
v 26.90179196 -125.15483952 -2.2141338
v -26.90179196 -125.15483952 -2.2141338
v 73.2122962 9.55058729 5.71887472
v -73.2122962 9.55058729 5.71887472
v 22.30861852 -42.54737518 9.76796877
v -22.30861852 -42.54737518 9.76796877
v 23.41010787 -16.56761995 16.28255884
v -23.41010787 -16.56761995 16.28255884
v 12.33091409 123.16030415 4.73997621
v -12.33091409 123.16030415 4.73997621
v 23.36739291 -118.5275442 -16.02281094
v -23.36739291 -118.5275442 -16.02281094
v 81.55689952 -5.88310185 20.24116284
v -81.55690792 -5.88307927 20.24116494
v 23.47038839 -122.61760737 -15.6583532
v -23.47038839 -122.61760737 -15.6583532
v 3.78050982 3.72576841 -19.34055393
v -3.78050956 3.72576421 -19.34055393
v 4.88201807 150.71459958 -2.44296274
v -4.88201492 150.71459958 -2.44298112
v 3.36355308 150.19652732 -1.81283626
v -3.36348222 150.19649372 -1.81274663
v 34.95675697 -131.47641123 2.30996401
v -34.95675697 -131.47641123 2.30996401
v 42.55085218 -137.85819206 6.57747623
v -42.5507472 -137.85803249 6.57745523
v 17.91605678 -23.04623488 15.38599174
v -17.91605678 -23.04623488 15.38599174
v 36.00932694 85.46956875 5.01034565
v -36.00932694 85.46956875 5.01034565
v 38.35314494 -138.87497795 18.70747418
v -38.35314494 -138.87497795 18.70747418
v 1.34485026 124.08409302 18.74124471
v -1.34485039 124.08409302 18.74124471
v 28.0820617 -56.85877914 -9.79445461
v -28.0820617 -56.85877914 -9.79445461
v 1.38874706 125.37406657 19.41607569
v -1.38875008 125.37405818 19.4160715
v 44.06326523 66.88266189 2.7991453
v -44.06326523 66.88266189 2.7991453
v 0.9920953 116.63049907 22.33813729
v -0.99209497 116.63049907 22.33813729
v 36.30376711 55.16531039 -1.14063218
v -36.30376711 55.16531039 -1.14063218
v 54.14807518 54.01207344 -0.29644591
v -54.14807518 54.01207344 -0.29644591
v 33.23975761 -29.66038019 2.76519315
v -33.23975761 -29.66038019 2.76519315
v 82.29025152 -6.31301202 12.94745397
v -82.29024312 -6.31304089 12.94745817
v 82.17636734 1.72497455 8.19958733
v -82.17636734 1.72497455 8.19958733
v 36.76535919 79.78098651 -18.3073699
v -36.76535919 79.78098651 -18.3073699
v 6.24834747 76.95346727 16.63595781
v -6.24833172 76.95350926 16.63593366
v 70.46168237 19.89241982 8.42816563
v -70.46168237 19.89241982 8.42816563
v 27.32131576 -130.09399496 4.97145516
v -27.32123178 -130.09399496 4.97148981
v 80.73929337 -3.48458154 17.4228463
v -80.73929337 -3.48458154 17.4228463
v 80.30298089 -4.50601025 18.41121153
v -80.30298089 -4.50601025 18.41121153
v 7.21527229 4.17988134 15.76953411
v -7.21526861 4.17988685 15.76953726
v 55.99781134 36.97124517 -10.56026277
v -55.99781134 36.97124517 -10.56026277
v 21.87163205 -116.75773693 -9.21418697
v -21.87163205 -116.75773693 -9.21418697
v 2.45583088 110.52196469 13.21130666
v -2.45583088 110.52196469 13.21130666
v 32.43508312 -129.20609304 3.76113203
v -32.43508312 -129.20609304 3.76113203
v 40.21618439 -139.54323288 22.3823367
v -40.21616339 -139.54327488 22.38236189
v 44.95770541 43.84862798 -8.41119218
v -44.95770541 43.84862798 -8.41119218
v 29.72429727 -130.55143816 5.60858773
v -29.72047383 -130.54898579 5.6049139
v 24.33998358 -137.23468455 -3.0641856
v -24.33998358 -137.23468455 -3.0641856
v 4.39214811 134.54599315 19.08451398
v -4.39214863 134.54599315 19.08451608
v 6.16840231 31.35060501 -13.06693053
v -6.16840178 31.35059451 -13.06693053
v 12.35461687 45.77455569 -14.9169323
v -12.35461582 45.77454729 -14.91692915
v 6.20447665 35.66629282 -13.0349447
v -6.20447718 35.66629282 -13.03494365
v 72.0489642 3.35595319 18.15686808
v -72.04893901 3.35596002 18.15686179
v 5.5135294 108.26410993 -7.19547903
v -5.5135294 108.26410993 -7.19547903
v 42.16280189 59.17414709 4.05743379
v -42.16280189 59.17414709 4.05743379
v 7.20506859 110.71649164 -4.9431967
v -7.20506859 110.71649164 -4.9431967
v 5.67304652 104.70246602 -8.74084323
v -5.67304652 104.70245763 -8.74084585
v 15.82753022 -65.29480056 -11.15855892
v -15.82753022 -65.29480056 -11.15855892
v 5.99475044 103.28315497 -9.66509402
v -5.99475674 103.28316337 -9.66508772
v 21.55561394 -122.51961322 -10.06174755
v -21.55561394 -122.51961322 -10.06174755
v 76.92864119 -12.23557808 14.80284025
v -76.92864119 -12.23557808 14.80284025
v 41.72961366 -137.50258114 7.7350631
v -41.72967245 -137.50264832 7.73515128
v 76.74950876 -12.0555428 15.45828321
v -76.74950876 -12.0555428 15.45828321
v 12.77954618 -6.58090703 -17.45720157
v -12.77954618 -6.58090703 -17.45720157
v 24.37694135 -138.66269649 -18.63989534
v -24.37694135 -138.66269649 -18.63989534
v 20.09708801 -84.01641999 -22.079435
v -20.09708801 -84.01641999 -22.079435
v 29.11735167 56.0768164 -7.84029521
v -29.11735167 56.0768164 -7.84029521
v 22.64621038 -138.77625313 -11.99573156
v -22.64621038 -138.77625313 -11.99573156
v 12.33522884 60.57624534 -21.15023747
v -12.33522884 60.57624534 -21.15023747
v 24.87940703 2.81992223 13.83792899
v -24.87940703 2.81992223 13.83792899
v 18.49878729 -64.4686825 0.74380267
v -18.49878729 -64.4686825 0.74380267
v 22.0426536 -131.19923425 -7.06734042
v -22.0426536 -131.19923425 -7.06734042
v 53.84239776 41.24276717 -13.33226452
v -53.84239776 41.24276717 -13.33226452
v 17.68340676 -45.48104355 10.52455218
v -17.68340676 -45.48104355 10.52455218
v 23.8565196 24.90892369 0.46099454
v -23.8565196 24.90892369 0.46099454
v 3.27304046 141.08557413 8.93053892
v -3.27304439 141.08557413 8.93053577
v 43.78588249 53.26783273 -17.05316992
v -43.78588249 53.26783273 -17.05316992
v 3.47844352 -1.96777014 -17.35068185
v -3.47844352 -1.96777014 -17.35068185
v -0.00000381 -6.25236197 11.22078369
v 8.36932704 134.79961223 -6.8246363
v -8.36932704 134.79961223 -6.8246363
v 18.18188943 29.818932 -7.67150768
v -18.18188943 29.818932 -7.67150768
v 32.57471932 -140.49781919 -1.43179915
v -32.57471932 -140.49781919 -1.43179915
v 15.078706 -53.57659241 -10.90390578
v -15.078706 -53.57659241 -10.90390578
v 41.62547178 83.42598592 -12.96730392
v -41.62547178 83.42598592 -12.96730392
v 45.14304016 43.53209965 -5.97623114
v -45.14304016 43.53209965 -5.97623114
v 42.59822413 -141.10601617 7.53121114
v -42.59821994 -141.10601617 7.53121849
v 78.863169 -1.79316938 8.85744014
v -78.8631774 -1.79317961 8.85742439
v 62.45216395 25.62048569 2.07474929
v -62.45216395 25.62048569 2.07474929
v 30.31089741 -65.11390023 -5.27327922
v -30.31089741 -65.11390023 -5.27327922
v 59.85479827 28.9441801 2.18921717
v -59.85479827 28.9441801 2.18921717
v 31.77648441 -68.33857377 -14.16220916
v -31.77648441 -68.33857377 -14.16220916
v 4.89526099 136.89433376 8.71809788
v -4.89525889 136.89433376 8.71809998
v 29.68838722 -83.81445193 -23.92612249
v -29.68838722 -83.81445193 -23.92612249
v 14.94450995 133.64807178 6.37963763
v -14.94450995 133.64807178 6.37963763
v 32.96147623 64.82193763 0.30469632
v -32.96147623 64.82193763 0.30469632
v 13.94007306 -33.75032998 -15.00065523
v -13.94007306 -33.75032998 -15.00065523
v 4.9462501 106.68305142 15.29591741
v -4.94625167 106.68305142 15.29591531
v 15.18961606 -37.33415023 -15.16381994
v -15.18961606 -37.33415023 -15.16381994
v 82.61422516 1.53599405 8.12567546
v -82.61424195 1.53597817 8.1257185
v 22.54275928 3.67493389 15.15357268
v -22.54275928 3.67493389 15.15357268
v 78.38286497 -6.96595379 8.09854923
v -78.38288177 -6.96593857 8.09854451
v 13.20557781 134.40106797 9.72077318
v -13.20557781 134.40106797 9.72077318
v 79.1913503 -4.39106863 4.72584095
v -79.1913503 -4.39106863 4.72584095
v 35.26498544 -136.62846962 15.47333444
v -35.26498544 -136.62846962 15.47333444
v 78.93144072 -4.05757053 4.38233783
v -78.93144072 -4.05757053 4.38233783
v 24.21600855 46.44671594 -3.27789612
v -24.21600855 46.44671594 -3.27789612
v 74.52418994 14.96801536 8.99405077
v -74.52466866 14.97201622 9.00094072
v 25.9807767 50.62731955 -5.53556139
v -25.9807767 50.62731955 -5.53556139
v 31.91701506 83.48879019 6.70543374
v -31.91701506 83.48879019 6.70543374
v 21.35793123 -91.00249248 -22.00043834
v -21.35793123 -91.00249248 -22.00043834
v 26.19102152 -138.57396593 -19.14696132
v -26.19102572 -138.57396593 -19.14696132
v 2.34036672 139.8397097 -6.00836553
v -2.34037039 139.8397097 -6.0083587
v 26.17512729 -22.19374961 -13.24439795
v -26.17512729 -22.19374961 -13.24439795
v 41.17292072 -136.96777899 16.36742818
v -41.17291232 -136.96774539 16.36743763
v 49.46996312 61.22171924 2.12113743
v -49.46996312 61.22171924 2.12113743
v 80.40223482 -1.76013464 16.55371722
v -80.40224322 -1.7601395 16.55371722
v 29.9931156 -128.23281158 3.59819015
v -29.9931156 -128.23281158 3.59819015
v 57.74044514 53.10083619 -3.04525188
v -57.74044514 53.10083619 -3.04525188
v 22.4461089 61.12148687 9.37163333
v -22.4461089 61.12148687 9.37163333
v 15.40752664 33.50551048 -9.47599567
v -15.40752664 33.50551048 -9.47599567
v 23.16978999 63.37847238 9.18654003
v -23.16978999 63.37847238 9.18654003
v 71.33891814 10.74548834 15.44531272
v -71.33879217 10.74518914 15.4457253
v 27.65567629 -111.11384331 -19.36400056
v -27.65567629 -111.11384331 -19.36400056
v 72.4380853 11.4101424 16.45591833
v -72.4381105 11.4101361 16.45598447
v -0.00001144 112.63439875 18.97041773
v 22.08657795 126.65750607 -9.26928663
v -22.08657166 126.65750607 -9.26929713
v 0 113.50051485 20.01408735
v 77.63518506 13.74812866 13.97533118
v -77.63126294 13.71498068 13.99351402
v 33.94419555 -136.57885945 -11.23426755
v -33.94426904 -136.57884266 -11.23411532
v 10.51601926 147.08234915 -3.29064878
v -10.51601926 147.08234915 -3.29064878
v 16.70426207 125.4578336 -6.99022609
v -16.70426207 125.4578336 -6.99022609
v 39.17516871 -138.90104702 13.76836179
v -39.17516871 -138.90104702 13.76836179
v 14.31455551 125.48949609 -7.85184373
v -14.31455551 125.48949609 -7.85184373
v 76.8280015 4.80851249 9.99981463
v -76.8280015 4.80851249 9.99981463
v 57.83070424 45.93388856 3.22937672
v -57.83070424 45.93388856 3.22937672
v 12.17691009 131.28479017 5.09405231
v -12.17691009 131.28479017 5.09405231
v 48.32528848 41.35155344 -10.65369441
v -48.32528848 41.35155344 -10.65369441
v 46.91003812 52.85909265 -17.29114041
v -46.91003812 52.85909265 -17.29114041
v 56.24601336 29.27895635 -1.58835854
v -56.24601336 29.27895635 -1.58835854
v 40.02666716 -139.65215353 7.67951411
v -40.02666716 -139.65215353 7.67951411
v 16.89741377 -69.29631374 -14.01370725
v -16.89741377 -69.29631374 -14.01370725
v 1.85195088 146.76527072 -10.67321996
v -1.85195679 146.76527072 -10.67321786
v 72.89874515 12.75470016 4.26528135
v -72.89874515 12.75470016 4.26528135
v 33.45756952 -138.29840147 25.54793071
v -33.45751703 -138.29837628 25.54766616
v 36.75337448 87.93068494 -13.89516083
v -36.75337448 87.93068494 -13.89516083
v 40.04169634 57.02600245 3.34677831
v -40.04169634 57.02600245 3.34677831
v 11.62008067 129.79305012 10.69828015
v -11.62008067 129.79305012 10.69828015
v 25.25012693 -128.82178431 -17.02638068
v -25.25012693 -128.82178431 -17.02638068
v 13.52396746 129.23892293 12.52443532
v -13.52396746 129.23892293 12.52443532
v 21.23255575 -138.02615444 -6.18055657
v -21.23257044 -138.02617124 -6.18053924
v 2.0140684 133.94639628 -11.73009523
v -2.01406892 133.94639628 -11.73009418
v 18.24824419 -19.85956473 -15.69845202
v -18.24824419 -19.85956473 -15.69845202
v 17.89403791 128.98167569 10.97379317
v -17.89403791 128.98167569 10.97379317
v 70.32432007 26.87020715 8.14645607
v -70.32432007 26.87020715 8.14645607
v 78.07364757 -1.32664459 4.80863007
v -78.07361398 -1.32671532 4.80869778
v 1.80384983 136.89438416 -11.31298495
v -1.80385311 136.89438416 -11.3129839
v 78.5700264 0.52297231 11.99677403
v -78.5700432 0.52293235 11.99677193
v 1.32031734 138.94844837 -10.87379596
v -1.32031747 138.94844837 -10.87379596
v 8.83354 125.28061603 -17.98744856
v -8.8335421 125.28061603 -17.98744646
v 1.79384756 150.1328496 -7.33436042
v -1.79392682 150.1328328 -7.33434204
v 5.80077149 125.3003274 -18.60895932
v -5.80077359 125.3003274 -18.60895932
v 10.06615994 122.77639854 12.94793269
v -10.06615994 122.77639854 12.94793269
v 2.98194054 -20.26801507 5.21444798
v -2.98194054 -20.26801507 5.21444798
v 13.76830405 -36.65984835 -14.07617033
v -13.76830405 -36.65984835 -14.07617033
v 65.08805373 45.38763081 -4.82923798
v -65.08805373 45.38763081 -4.82923798
v 2.18144183 -9.7557069 -3.37676504
v -2.18144183 -9.7557069 -3.3767653
v 10.31069389 -44.09245855 6.15306657
v -10.31069389 -44.09245855 6.15306657
v -0.00001144 35.39772015 20.4925332
v 13.28942252 126.36513614 1.21750834
v -13.28942252 126.36513614 1.21750834
v 29.52736623 -136.45313333 -18.08368532
v -29.52738093 -136.45313333 -18.08367692
v 35.16248758 -131.63612624 5.39995123
v -35.16263665 -131.63612624 5.39971502
v 9.4447846 91.80692972 4.02341472
v -9.4447846 91.80692972 4.02341472
v 23.64427803 31.13044571 2.55605274
v -23.64427803 31.13044571 2.55605274
v 7.73027541 151.85607857 1.43564778
v -7.73028328 151.85606178 1.43565343
v 23.39544822 37.60170668 0.48332491
v -23.39544822 37.60170668 0.48332491
v 4.97525708 152.25737755 4.62236728
v -4.97525603 152.25737755 4.62237357
v 23.62151379 26.21940858 3.07855051
v -23.62151379 26.21940858 3.07855051
v 36.04489895 -136.22641478 14.02848238
v -36.04489895 -136.22641478 14.02848238
v 75.58222945 -12.31289293 9.87561494
v -75.58222945 -12.31289293 9.87561494
v 37.0463785 -136.926307 15.63628394
v -37.0463785 -136.926307 15.63628394
v 34.28229342 -132.92465525 2.88971855
v -34.28229342 -132.92465525 2.88971855
v 7.21184358 136.49748601 1.07318798
v -7.21184358 136.49748601 1.07318798
v 15.10816703 74.93403863 16.31609001
v -15.10817123 74.93403863 16.31609001
v 6.25621218 117.22495604 16.06970628
v -6.25621218 117.22495604 16.06970628
v 82.43793983 -0.83908711 11.59411449
v -82.43790623 -0.83902819 11.5940431
v 36.13121913 -137.35820186 -2.71357075
v -36.13121913 -137.35820186 -2.71357075
v 67.25177347 27.03282176 -4.82565286
v -67.25177347 27.03282176 -4.82565286
v 70.95849793 5.57754621 17.65593514
v -70.95854833 5.57750894 17.65589735
v 7.17174056 128.87933949 -3.61029297
v -7.17174528 128.87933949 -3.61028772
v 1.46661923 150.7633111 16.13406008
v -1.46663393 150.7633111 16.13405483
v 29.30170589 -110.4879758 -5.30299535
v -29.30170589 -110.4879758 -5.30299535
v 32.05916662 90.28146113 -13.71765456
v -32.05916662 90.28146113 -13.71765456
v 2.98725813 -14.38976652 -3.5617628
v -2.98725813 -14.38976652 -3.5617628
v -0.00000381 129.71293646 -15.10737022
v 15.81995683 16.66736309 -14.5315748
v -15.81995683 16.66736309 -14.5315748
v 21.38429005 21.86914399 -7.49545384
v -21.38429005 21.86914399 -7.49545384
v 42.5760058 -138.86269089 7.93392895
v -42.5759848 -138.8626489 7.93394942
v 24.822087 -139.13030193 18.83472044
v -24.82207651 -139.13031033 18.83470365
v 15.0605977 7.87306736 15.58028458
v -15.06059875 7.87306631 15.58028458
v 5.40046827 145.4343039 -9.03341262
v -5.40046827 145.4343039 -9.03341262
v 34.14188455 -82.51528197 -21.66942253
v -34.14188455 -82.51528197 -21.66942253
v 14.44117923 14.60447306 15.96716222
v -14.44117923 14.60447411 15.96716222
v 31.06970118 -127.06131621 -2.79885135
v -31.06970958 -127.06132461 -2.79884321
v 4.50385917 61.65231232 -20.68942644
v -4.50385392 61.65229552 -20.68942225
v 31.67081819 -128.57432976 -0.9957274
v -31.67086229 -128.57431296 -0.99573928
v 35.90226236 65.64560332 -15.5698326
v -35.90226236 65.64560332 -15.5698326
v 24.99229809 18.86239573 2.11875067
v -24.99229809 18.86239573 2.11875067
v 19.87782525 7.20584178 15.48409822
v -19.87782525 7.20584178 15.48409822
v 1.63933833 131.94487332 16.36930735
v -1.63934214 131.94487332 16.36930735
v 75.43645601 -5.60899139 5.85065829
v -75.43645601 -5.60901763 5.85068978
v 10.94770731 116.23425601 0.6035722
v -10.94770731 116.23425601 0.6035722
v 43.17155038 -142.26429225 8.93230576
v -43.17155038 -142.26429225 8.93231626
v 23.48276573 -141.78095634 16.98569186
v -23.48278463 -141.78093954 16.98572755
v 7.59193573 -31.23329422 -7.22086151
v -7.59193573 -31.23329422 -7.22086151
v 29.51508967 -141.40214865 27.75303425
v -29.51504978 -141.40221584 27.75306784
v 18.18768232 -139.26605591 -12.2075973
v -18.18768232 -139.26607271 -12.2075868
v 71.81352797 0.51810152 22.93937818
v -71.81352797 0.51810152 22.93937818
v 33.53942587 -138.99791576 17.31423219
v -33.53942587 -138.99791576 17.31423219
v 38.52755739 -133.65962817 6.06020603
v -38.52759098 -133.65965337 6.06033621
v 14.61191207 126.22310845 -17.25850369
v -14.61191942 126.22310845 -17.25849949
v 37.39816809 -137.80136755 0.45081276
v -37.39816809 -137.80136755 0.45081276
v 81.93251577 -8.19407368 13.99728706
v -81.93254936 -8.19403589 13.99727761
v 37.68974856 -133.53952067 5.71099007
v -37.68962678 -133.53946188 5.7110772
v 18.88526705 -90.71339798 -19.64614946
v -18.88526705 -90.71339798 -19.64614946
v 3.66717364 139.16940553 -6.45137637
v -3.66715553 139.16940553 -6.45139737
v 6.22672753 98.10099621 5.07072747
v -6.22672753 98.10099621 5.07072747
v 2.39715554 112.38280372 16.53787232
v -2.39716079 112.38280372 16.53789752
v 79.35182118 15.98890394 6.571476
v -79.35189677 15.9888546 6.57155999
v 77.27032734 4.56530025 15.47255653
v -77.27032734 4.56530025 15.47255653
v 20.91113737 -138.51703223 -6.93834884
v -20.91113737 -138.51701543 -6.93834569
v 13.46459609 -58.14952117 -2.4288658
v -13.46459609 -58.14952117 -2.4288658
v 16.62522342 -91.67020991 -10.90993593
v -16.62522342 -91.67020991 -10.90993593
v 27.25756246 -127.59835237 2.39192981
v -27.25756246 -127.59835237 2.39192981
v 1.58395364 -6.06417696 7.09475378
v -1.58395364 -6.06417696 7.09475378
v 26.62587266 -127.47328973 2.29123107
v -26.62587266 -127.47328973 2.29123107
v 27.69328494 -140.63095283 -10.2660819
v -27.69328494 -140.63095283 -10.2660819
v 26.31666996 -140.55093995 -13.64117852
v -26.31666996 -140.55093995 -13.64117852
v 28.00612421 -127.23931484 2.02285655
v -28.00612421 -127.23931484 2.02285681
v 13.79403087 -10.44498337 -14.10789161
v -13.79403087 -10.44498337 -14.10789161
v 28.18703714 -29.45825886 12.15143522
v -28.18703714 -29.45825886 12.15143522
v 22.85403013 -129.32146377 -0.97301401
v -22.85403013 -129.32144697 -0.97303166
v 8.78613707 110.05527469 -2.75073192
v -8.78613707 110.05527469 -2.75073192
v 24.02527144 -126.36125601 -2.20763753
v -24.02524835 -126.36128121 -2.20765144
v 24.1048413 -70.55100923 0.35688261
v -24.1048413 -70.55100923 0.35688261
v 1.32589266 109.17321816 18.90545084
v -1.32589318 109.17321816 18.90545084
v 26.55459007 129.67148127 2.23535664
v -26.55459007 129.67148127 2.23535664
v 30.14604459 -127.08255611 -3.93232207
v -30.14604459 -127.08255611 -3.93232207
v 17.49032226 -52.11828694 -12.37334666
v -17.49032226 -52.11828694 -12.37334666
v 29.24027898 -130.62122162 4.78234212
v -29.24058343 -130.6213392 4.78245025
v 31.13464288 -40.61023542 3.41917267
v -31.13464288 -40.61023542 3.41917267
v 73.9732206 -7.2713866 5.80148222
v -73.9732206 -7.2713866 5.80148222
v 29.19695302 76.98652392 -21.84023412
v -29.19695302 76.98652392 -21.84023412
v 22.54853328 82.96887025 8.20973906
v -22.54853328 82.96887025 8.20973906
v 21.89555529 -130.21791539 -10.09581623
v -21.89555529 -130.21791539 -10.09581623
v 31.36138873 -93.25723978 -5.61945859
v -31.36138873 -93.25723978 -5.61945859
v 79.86188124 0.82830319 18.10613671
v -79.86189803 0.82829755 18.10614091
v 22.99337028 -136.85072855 8.22074062
v -22.99338078 -136.85071175 8.22073117
v 2.00957872 -1.08691801 16.12481539
v -2.00958332 -1.0869165 16.12481539
v 27.36969555 -51.93878917 -9.40333046
v -27.36969555 -51.93878917 -9.40333046
v 34.26603385 -133.27694875 -3.08630892
v -34.26603385 -133.27694875 -3.08630892
v 22.88510052 71.33348429 -22.8156635
v -22.88510052 71.33348429 -22.8156635
v 42.76671982 -142.45105895 5.50152106
v -42.76674081 -142.45107575 5.50160872
v 79.30180788 -2.18672635 3.95161719
v -79.30182468 -2.18669511 3.95161719
v 12.50465886 126.13927424 3.32574601
v -12.50465886 126.13927424 3.32574601
v 79.64105006 0.70796794 3.74979716
v -79.64103326 0.70806649 3.74978928
v 77.30235937 2.32782035 4.65050133
v -77.30235937 2.32782035 4.65050133
v 32.99751436 -98.19389245 -20.21488171
v -32.99751436 -98.19389245 -20.21488171
v 78.60918039 -0.53436148 4.38965085
v -78.60918039 -0.53436148 4.38965085
v 7.50020741 38.95353127 -13.19461562
v -7.50020689 38.95352708 -13.19461457
v 3.83032497 125.19932658 18.67014478
v -3.83032497 125.19932658 18.67014478
v 5.93212936 40.51572247 -13.44963829
v -5.93213094 40.51571827 -13.44963829
v 74.12357964 15.57399828 1.7913385
v -74.12357964 15.57399828 1.7913385
v 15.37199977 -84.19631669 -11.81813291
v -15.37199977 -84.19631669 -11.81813291
v 75.67885464 13.98618629 2.42321962
v -75.67885464 13.98618629 2.42321962
v 79.85271843 13.1553283 7.83496319
v -79.85271843 13.1553283 7.83496319
v 34.50952639 58.1745992 -2.1275488
v -34.50952639 58.1745992 -2.1275488
v 78.86174125 -0.30115598 11.04423486
v -78.86174125 -0.30115598 11.04423486
v 10.97982752 142.62233875 -3.47588538
v -10.97982752 142.62233875 -3.47588538
v 79.61030301 -1.00287312 11.34740111
v -79.61030301 -1.00287312 11.34740111
v 3.74953418 133.47740508 -11.53124827
v -3.74953339 133.47740508 -11.53124932
v 23.09364883 -98.19657158 -5.92490452
v -23.09364883 -98.19657158 -5.92490452
v 21.42620085 38.80240797 7.82371545
v -21.42620085 38.80240797 7.82371545
v 2.90711009 137.75772874 7.4894662
v -2.90711114 137.75772874 7.4894662
v 54.61242199 50.02804602 1.21862705
v -54.61242199 50.02804602 1.21862705
v 79.94148259 -5.7794623 17.94569733
v -79.94150778 -5.77936309 17.94566373
v 73.08816579 2.59250503 21.6425934
v -73.08816579 2.59250503 21.6425934
v 20.25445772 -132.99936025 -6.19597628
v -20.25456271 -132.99925947 -6.19562407
v 32.60566794 -140.47484079 2.58911149
v -32.60566794 -140.47484079 2.58911149
v 28.92368557 -55.33887879 -0.16834647
v -28.92368557 -55.33887879 -0.16834647
v 31.99519915 -27.5768455 -1.65228166
v -31.99519915 -27.5768455 -1.65228166
v 4.3915568 69.21156408 20.09859554
v -4.39157018 69.21156408 20.09859554
v 26.60467475 -44.33749852 6.45990036
v -26.60467475 -44.33749852 6.45990036
v 33.38619663 -72.56247606 -13.01525537
v -33.38619663 -72.56247606 -13.01525537
v 12.04835365 91.81406008 -18.4901242
v -12.04835995 91.81406008 -18.4901242
v 7.57480218 10.83349138 -19.6304442
v -7.57480218 10.83349138 -19.6304442
v 43.89928796 45.44566471 -5.54603542
v -43.89928796 45.44566471 -5.54603542
v 74.1232353 14.98842906 12.95873216
v -74.1232353 14.98842906 12.95873216
v 36.48530152 86.90397198 4.14874717
v -36.48530152 86.90397198 4.14874717
v 21.59323309 -129.12425768 -7.61409474
v -21.59323309 -129.12425768 -7.61409474
v 9.3734789 105.33239842 -0.46041524
v -9.3734789 105.33239842 -0.46041524
v -0.00001144 119.18919788 21.35768347
v 30.18306325 76.96015251 5.62223273
v -30.18306325 76.96015251 5.62223273
v 27.43578365 -37.10118736 -10.34667953
v -27.43578365 -37.10118736 -10.34667953
v 42.33170491 82.68721686 0.15703271
v -42.33170491 82.68721686 0.15703271
v 22.47453165 31.33363996 -2.5858253
v -22.47453165 31.33363996 -2.5858253
v 23.91377664 -134.00856226 2.02970635
v -23.91377664 -134.00856226 2.02970635
v 25.93778668 -137.28775491 -17.70394959
v -25.93778668 -137.28775491 -17.70394959
v -0.00001144 110.21538443 11.74175975
v 10.20742651 -19.45841063 11.79397136
v -10.20742651 -19.45841063 11.79397136
v 39.64358461 -136.32372025 22.87932232
v -39.64359301 -136.32373704 22.87930763
v 20.34838068 -98.22217033 -7.97154705
v -20.34838068 -98.22217033 -7.97154705
v 20.81134803 -133.73504705 -2.55136426
v -20.81134383 -133.73506385 -2.5513682
v 19.67844604 -98.31069093 -17.67756558
v -19.67844604 -98.31069093 -17.67756558
v 1.95832782 0.59856648 16.85164698
v -1.95833123 0.59856772 16.85164698
v 19.46273588 -99.78814507 -16.46830618
v -19.46273588 -99.78814507 -16.46830618
v -0.00001144 2.06578503 17.38550219
v 33.83152495 -128.60709246 -0.93745992
v -33.83143047 -128.60700008 -0.93742737
v 12.33103482 139.10034434 5.74786962
v -12.33103482 139.10034434 5.74786962
v 19.52560524 -138.25825646 -8.08628369
v -19.52557794 -138.25829005 -8.0863871
v 11.26958655 145.61114353 5.00046634
v -11.26958655 145.61114353 5.00046634
v 10.20520509 40.41590164 -13.21432069
v -10.20520404 40.41588484 -13.21431649
v 35.4060389 -137.64694362 17.71240482
v -35.4060389 -137.64694362 17.71240482
v 30.11649013 -129.44273867 3.13541255
v -30.11649013 -129.44273867 3.13541255
v 28.2636738 -126.00860137 -2.32515565
v -28.2636738 -126.00860137 -2.32515565
v 23.68881758 16.7455052 -4.73274192
v -23.68881758 16.7455052 -4.73274192
v 42.04555829 -139.49274087 3.2191284
v -42.04558769 -139.49272407 3.21917433
v 23.20870672 9.35449611 -6.23155302
v -23.20870672 9.35449611 -6.23155302
v 62.82075902 46.63267218 1.48489393
v -62.82075902 46.63267218 1.48489393
v 27.79913803 -57.67509611 -10.59588937
v -27.79913803 -57.67509611 -10.59588937
v 78.08358304 16.29072957 4.50776344
v -78.08358304 16.29072957 4.50776344
v 34.82700795 -76.07432503 -15.41336573
v -34.82700795 -76.07432503 -15.41336573
v 76.43783898 11.09929253 16.31143617
v -76.43783898 11.09929253 16.31143617
v 35.14325912 -76.96811432 -16.83208363
v -35.14325912 -76.96811432 -16.83208363
v 37.72271282 -142.69241616 27.12080275
v -37.72277581 -142.69233217 27.12082795
v 20.67066411 -131.78819858 -8.94152106
v -20.67066831 -131.78816499 -8.94152946
v 76.45159579 8.27659353 17.11113558
v -76.45159579 8.27659353 17.11113558
v 3.39218423 134.7440055 12.03411393
v -3.39218134 134.7440223 12.03411183
v 19.91807105 -42.98335173 -15.74479831
v -19.91807105 -42.98335173 -15.74479831
v 1.31506406 136.02147363 12.03036188
v -1.31513033 136.02145684 12.03034194
v 12.43155273 92.89980637 1.65135152
v -12.43155273 92.89980637 1.65135152
v 13.27756168 134.11193147 -3.92564524
v -13.27756168 134.11193147 -3.92564524
v 4.09323046 128.72907284 29.55480216
v -4.09321078 128.72907284 29.55480426
v -0.00001144 128.56819883 24.35903357
v 31.90446344 -37.48534912 4.6016654
v -31.90446344 -37.48534912 4.6016654
v 5.05876795 128.57013049 24.03982401
v -5.05876795 128.57013049 24.03982611
v 28.60860179 1.18477792 1.61911124
v -28.60860179 1.18477792 1.61911124
v 3.87018732 127.63773312 26.61632142
v -3.87019126 127.63774152 26.61631723
v 6.67604726 -22.85722577 8.50619645
v -6.67604726 -22.85722577 8.50619645
v 2.48199548 92.36893473 7.42830227
v -2.48199364 92.36892634 7.428307
v 18.33271879 -77.72916471 -5.39462026
v -18.33271879 -77.72916471 -5.39462026
v 40.34997731 -137.14692822 10.04984367
v -40.34997731 -137.14692822 10.04984367
v 19.90128867 95.92546393 -2.77727052
v -19.90128867 95.92546393 -2.77727052
v 36.97852251 -135.33130692 7.6649206
v -36.97852251 -135.33130692 7.6649206
v 47.16664288 48.37465509 -16.1448774
v -47.16664288 48.37465509 -16.1448774
v 31.34883292 -130.96189155 -11.96414571
v -31.34883292 -130.96189155 -11.96414571
v 34.31159382 -79.0718139 -10.30126338
v -34.31159382 -79.0718139 -10.30126338
v 82.22119034 4.73421272 9.20333501
v -82.22119034 4.73421272 9.20333501
v 6.62702026 106.31684154 11.16009375
v -6.62702026 106.31684154 11.16009375
v 30.46942192 -97.30782982 -5.14195862
v -30.46942192 -97.30782982 -5.14195862
v 15.96659007 -59.82203137 -11.83137951
v -15.96659007 -59.82203137 -11.83137951
v 17.55544138 -65.09944215 -14.35094953
v -17.55544138 -65.09944215 -14.35094953
v 79.35587767 5.54706791 17.13627661
v -79.35587767 5.54706791 17.13627661
v 25.84592347 -62.33436605 -15.76654213
v -25.84592347 -62.33436605 -15.76654213
v 80.55402161 -1.63102522 14.34970234
v -80.55402161 -1.63102522 14.34970234
v 25.91719976 -64.80390177 -17.712472
v -25.91719976 -64.80390177 -17.712472
v 32.003541 -136.52347109 -12.92277591
v -32.003541 -136.52347109 -12.92277591
v 70.91805897 22.36854839 9.02165677
v -70.91805897 22.36854839 9.02165677
v 32.46101781 -137.53960189 -12.21614386
v -32.46101781 -137.53960189 -12.21614386
v 15.57976387 129.2563331 18.62449662
v -15.57976387 129.2563331 18.62449662
v 52.32637334 62.39903899 -11.84575465
v -52.32637334 62.39903899 -11.84575465
v 36.11768908 -84.13643511 -14.78971858
v -36.11768908 -84.13643511 -14.78971858
v 80.55918671 -4.41840614 12.88482922
v -80.55921191 -4.41842136 12.88481662
v 29.82243839 -133.45729897 10.59788822
v -29.82257697 -133.45745015 10.59842993
v 74.72624198 27.94101874 5.28334015
v -74.72624198 27.94101874 5.28334015
v 28.22214093 -134.71475339 15.87455363
v -28.22104282 -134.71466101 15.87392689
v 17.10090721 133.138734 13.73464901
v -17.10091036 133.138734 13.73464481
v 78.59161065 1.36514546 15.51712232
v -78.59161065 1.36514546 15.51712232
v 18.58567018 132.60469612 15.78304526
v -18.58567018 132.60469612 15.78304526
v 11.8101291 132.24736349 -2.05171354
v -11.8101291 132.24736349 -2.05171354
v -0.00001144 150.1000953 -8.525922
v 10.40302742 137.34430227 2.57696799
v -10.40302742 137.34430227 2.57696799
v -0.00001144 78.70535206 -22.15615145
v 21.75832527 -118.72154205 -9.74875921
v -21.75832527 -118.72154205 -9.74875921
v 6.40851233 -16.82573749 10.54810693
v -6.40851233 -16.82573749 10.54810693
v 24.87298005 90.3517821 -15.09729197
v -24.87298005 90.3517821 -15.09729197
v 10.36342726 125.930285 -18.81064393
v -10.36336532 125.930285 -18.81066703
v 42.54539313 -139.65602526 6.06765448
v -42.54541412 -139.65602526 6.06775422
v 25.21769597 -137.64511274 20.41558999
v -25.21770227 -137.64511274 20.41559629
v 1.648767 152.82967078 9.89310175
v -1.64876936 152.82967078 9.89310175
v 15.38453774 94.7664152 -15.13357786
v -15.38453249 94.7664068 -15.13358415
v 17.89919042 94.0922477 -14.7629199
v -17.89919042 94.0922477 -14.7629199
v 69.25430425 18.52237039 5.57938339
v -69.25430425 18.52237039 5.57938339
v 4.40685185 83.27903668 13.15106814
v -4.40680093 83.2789527 13.15111538
v 36.15348365 -84.37402977 -19.0188962
v -36.15348365 -84.37402977 -19.0188962
v 74.75961778 -11.47441011 9.70447476
v -74.75961778 -11.47441011 9.70447476
v 32.81944854 70.43195575 -15.43527016
v -32.81944854 70.43195575 -15.43527016
v 34.53234312 91.19382799 1.19010797
v -34.53234312 91.19382799 1.19010797
v 30.23361615 81.34302233 -20.51531634
v -30.23361615 81.34302233 -20.51531634
v 33.0674112 90.91686938 2.14091205
v -33.0674112 90.91686938 2.14091205
v 20.47777067 -67.36450285 0.64992308
v -20.47777067 -67.36450285 0.64992308
v 28.10941994 -128.82735254 3.72623584
v -28.10941994 -128.82735254 3.72623584
v 20.39372649 64.00869033 15.3907999
v -20.39372649 64.00869033 15.3907999
v 21.9460704 64.20862174 13.63480613
v -21.9460704 64.20862174 13.63480613
v 35.11436605 -134.82968739 -10.34131811
v -35.11436605 -134.82971259 -10.34134751
v -0.00001144 42.68490545 20.92236831
v 5.00690067 3.83897704 16.57937475
v -5.00689595 3.83895919 16.57937055
v 24.60739936 132.66062199 11.85144781
v -24.60739936 132.66062199 11.85144781
v 20.44121183 -26.67916769 15.16937348
v -20.44121183 -26.67916769 15.16937348
v 56.87210342 42.69823393 -12.19671699
v -56.87210342 42.69823393 -12.19671699
v 6.64974146 127.73910348 -5.154853
v -6.64974146 127.73910348 -5.154853
v 57.46814352 44.70579964 -11.81312633
v -57.46814352 44.70579964 -11.81312633
v 12.38958313 122.15233672 3.51167706
v -12.38958313 122.15233672 3.51167706
v 29.30328482 -111.65961395 -18.55602333
v -29.30328482 -111.65961395 -18.55602333
v 29.9436671 71.03016266 -0.46198055
v -29.9436671 71.03016266 -0.46198055
v 41.48478786 -136.98591983 4.84997817
v -41.48480466 -136.98597022 4.84986532
v 5.00726128 139.35103232 -5.32408671
v -5.00726758 139.35103232 -5.32409038
v 7.43081868 152.08608095 3.22569107
v -7.43081868 152.08608095 3.22569133
v 10.01932233 149.35364997 -1.03229753
v -10.01932233 149.35364997 -1.03229753
v 20.70658256 126.61206997 3.42720377
v -20.70658256 126.61206997 3.42720377
v 82.12875602 -4.4315299 17.20217154
v -82.12884841 -4.43137821 17.2021453
v 37.86545859 -134.35931883 -1.25461584
v -37.86548378 -134.35935243 -1.25455272
v 25.26602956 51.39757894 2.37769534
v -25.26602956 51.39757894 2.37769534
v 29.14175782 -69.89955558 -20.87799254
v -29.14175782 -69.89955558 -20.87799254
v 15.83505216 -2.15228066 15.5916772
v -15.83505216 -2.15228066 15.5916772
v 12.89325925 -2.89701268 14.64520493
v -12.89325925 -2.89701268 14.64520493
v 3.59854052 -12.33904913 9.45420251
v -3.59854052 -12.33904913 9.45420251
v 14.40420151 125.24215073 -1.16814094
v -14.40420151 125.24215073 -1.16814094
v 32.73325434 -127.14198418 -2.78110524
v -32.73325434 -127.14198418 -2.78110314
v -0.00000381 -0.91126507 16.47893558
v 2.04472044 103.98046884 16.95402622
v -2.04470876 103.98046045 16.95403566
v 73.93688013 4.06392114 19.79233653
v -73.93688852 4.06392639 19.79238692
v 8.01168472 -36.75641055 0.97574288
v -8.01168472 -36.75641055 0.97574288
v 2.84531941 104.34117768 14.81110966
v -2.84536876 104.34118608 14.81108657
v 25.83104545 65.37040001 -20.52174122
v -25.83104545 65.37040001 -20.52174122
v 3.49516186 121.40261597 16.70217924
v -3.49516186 121.40261597 16.70217924
v 34.91700459 -142.03937938 29.20501142
v -34.91701929 -142.03934578 29.20501562
v 22.75938489 67.88354095 13.87969387
v -22.75938489 67.88354095 13.87969387
v 31.94959719 -141.82674518 29.39443206
v -31.94958879 -141.82676197 29.39442786
v 36.58627295 -141.8771532 28.43801277
v -36.58629395 -141.8771868 28.43799807
v 81.2874324 -1.09654838 8.06669095
v -81.2874324 -1.09654838 8.06669095
v 5.11663913 92.70000513 6.72771244
v -5.11664018 92.70000513 6.72771244
v 19.6447931 125.95083622 -12.63169306
v -19.6447931 125.95083622 -12.63169306
v 1.42948745 -0.37012455 -15.72865317
v -1.42948745 -0.37012455 -15.72865317
v 19.96869534 -7.02770247 16.77530741
v -19.96869534 -7.02770247 16.77530741
v 2.43549854 -1.09284883 -16.75279093
v -2.43549854 -1.09284883 -16.75279093
v 23.2708496 -134.81450283 -1.96408883
v -23.2708496 -134.81450283 -1.96408883
v 79.2873372 -4.92025977 6.10761683
v -79.28730361 -4.92030124 6.10761473
v 8.61826445 145.32905341 -6.86049596
v -8.61826655 145.32905341 -6.86049386
v 29.48052128 -140.10160973 -13.74031172
v -29.48052128 -140.10160973 -13.74031172
v 10.46550835 135.2934631 -7.2871517
v -10.46550835 135.2934631 -7.2871517
v 32.36541094 72.20699951 -19.28529365
v -32.36541094 72.20699951 -19.28529365
v 23.28217293 43.19565419 4.64620968
v -23.28217293 43.19565419 4.64620968
v 33.72864285 -132.7502176 -10.68935041
v -33.72870374 -132.750184 -10.68920448
v 19.30612622 -135.90196243 -9.14405917
v -19.30611783 -135.90195403 -9.14408122
v 33.37825792 -127.77108512 -1.47014544
v -33.37825792 -127.77108512 -1.47014557
v 25.42815495 -139.13596254 11.30795318
v -25.42815495 -139.13596254 11.30795318
v 73.86149484 16.35643239 12.00407236
v -73.86149484 16.35643239 12.00407236
v 31.69232265 -129.67119572 3.51097106
v -31.69232265 -129.67119572 3.51097106
v 24.15760092 -76.33512486 -23.39888953
v -24.15760092 -76.33512486 -23.39888953
v 25.16458151 -124.09888284 -2.82677597
v -25.16458151 -124.09888284 -2.82677597
v 30.23113228 -129.61874684 3.80956457
v -30.23113228 -129.61874684 3.80956457
v 3.10786036 -5.32939616 9.49731536
v -3.10786036 -5.32939616 9.49731536
v 30.41887532 -135.05307173 -18.03282797
v -30.41886902 -135.05301294 -18.03282377
v 32.671418 -133.70552619 19.01035279
v -32.6714222 -133.70552619 19.01035279
g Group12663
f 11254 5942 8858
f 78 11232 235
f 11232 78 217
f 288 221 62
f 164 11232 3752
f 6603 11423 249
f 141 6597 2185
f 241 2991 4348
f 135 82 11341
f 129 9563 215
f 10180 139 52
f 104 10002 12587
f 12587 122 9563
f 131 215 9563
f 7087 145 9939
f 11182 30 203
f 42 30 11182
f 269 189 143
f 118 8734 5695
f 10837 219 10656
f 219 10837 100
f 3 60 1
f 50 1 10656
f 50 10656 54
f 50 54 60
f 60 2 50
f 10656 1 68
f 60 54 68
f 60 68 1
f 60 3 2
f 219 40 336
f 316 168 9484
f 2 3 54
f 54 3 68
f 68 3 32
f 68 32 12646
f 336 4 34
f 336 5 44
f 336 44 4
f 6 5 4
f 5 6 34
f 5 34 4
f 36 34 6
f 219 100 12381
f 34 8581 7665
f 6 44 5
f 40 6 5
f 162 5940 100
f 7505 261 12381
f 7 5936 90
f 48 7 66
f 90 48 66
f 6357 12381 261
f 66 58 90
f 9 8 28
f 9 7711 8
f 38 9 28
f 7711 9 7755
f 7755 9 11650
f 108 8 38
f 9 38 8
f 8 7711 11650
f 8 11650 9
f 237 292 10160
f 110 6425 88
f 5411 8357 7757
f 153 102 10160
f 10 12 13
f 11 13 106
f 11 106 10
f 106 13 12
f 153 174 8965
f 153 8965 302
f 10160 174 153
f 174 197 6395
f 11253 8857 5941
f 77 234 11231
f 11231 216 77
f 287 61 220
f 163 3751 11231
f 6602 248 11422
f 140 2184 6596
f 240 4347 2990
f 134 11340 81
f 128 214 9562
f 10179 51 138
f 103 12586 10001
f 12586 9562 121
f 130 9562 214
f 7086 9938 144
f 11181 202 29
f 41 11181 29
f 268 142 188
f 117 5694 8733
f 10836 10655 218
f 218 99 10836
f 16 14 59
f 49 53 10655
f 49 10655 14
f 49 59 53
f 59 49 15
f 10655 67 14
f 59 14 67
f 59 67 53
f 59 15 16
f 218 335 39
f 315 9483 167
f 15 53 16
f 53 67 16
f 67 12645 31
f 67 31 16
f 335 33 17
f 335 17 43
f 335 43 18
f 17 18 19
f 18 17 33
f 18 33 19
f 35 19 33
f 218 12380 99
f 33 7664 8580
f 19 18 43
f 39 18 19
f 161 99 5939
f 7504 12380 260
f 20 89 5935
f 47 65 20
f 89 65 47
f 260 12380 6356
f 65 89 57
f 27 21 22
f 21 7710 22
f 37 27 22
f 7710 7754 22
f 7754 11649 22
f 107 37 21
f 21 37 22
f 21 22 11649
f 21 11649 7710
f 236 10159 291
f 109 87 6424
f 5410 7756 8356
f 152 10159 101
f 26 25 23
f 24 23 105
f 24 105 26
f 105 25 26
f 152 301 8964
f 152 8964 173
f 10159 152 173
f 173 6394 196
f 5455 4482 10727
f 5456 10728 4483
f 7240 12404 7589
f 7241 7590 12405
f 171 8302 111
f 172 112 8303
f 4579 136 6855
f 4580 6856 137
f 220 11651 73
f 221 74 11652
f 6430 12213 242
f 6431 243 12214
f 6228 11215 6974
f 6229 6975 11216
f 148 10001 264
f 149 265 10002
f 6622 136 4579
f 6623 4580 137
f 148 7206 5824
f 149 5825 7207
f 5941 8857 7666
f 5942 7667 8858
f 3751 7666 202
f 3752 203 7667
f 188 117 7455
f 189 7456 118
f 2515 11836 3263
f 75 2515 3263
f 2516 3264 11837
f 76 3264 2516
f 303 142 273
f 304 274 143
f 24 7132 10874
f 10874 204 24
f 11 10875 7133
f 10875 11 205
f 81 181 246
f 82 247 182
f 2020 6410 7461
f 2021 7462 6411
f 95 212 238
f 96 239 213
f 138 214 128
f 139 129 215
f 11780 7668 85
f 11781 86 7669
f 11231 234 305
f 11232 306 235
f 123 10159 9294
f 9295 10160 124
f 105 281 12639
f 106 12640 282
f 275 293 289
f 276 290 294
f 181 186 246
f 182 247 187
f 10179 175 51
f 10180 52 176
f 202 220 257
f 257 29 202
f 203 258 221
f 258 203 30
f 63 7660 7668
f 64 7669 7661
f 8018 283 7710
f 8018 210 283
f 8019 7711 284
f 8019 284 211
f 8857 7662 7666
f 8858 7667 7663
f 287 3751 61
f 288 62 3752
f 9564 4129 10305
f 9565 10306 4130
f 8638 49 14
f 8639 1 50
f 101 190 192
f 102 193 191
f 12207 8102 9108
f 12208 9109 8103
f 11336 12368 181
f 11337 182 12369
f 29 257 11816
f 30 11817 258
f 287 77 7662
f 288 7663 78
f 75 220 11181
f 76 11182 221
f 79 9042 113
f 80 114 9043
f 49 31 15
f 50 2 32
f 16 8638 14
f 3 1 8639
f 31 10663 7664
f 32 7665 10664
f 264 125 11336
f 265 11337 126
f 10603 77 11253
f 10604 11254 78
f 212 95 73
f 213 74 96
f 12368 134 7616
f 12369 7617 135
f 41 3751 79
f 79 11181 41
f 42 80 3752
f 80 42 11182
f 6288 10926 1587
f 6289 1588 10927
f 35 33 8580
f 36 8581 34
f 81 9878 121
f 82 122 9879
f 9091 279 10673
f 9092 10674 280
f 4870 6674 3927
f 4871 3928 6675
f 173 196 10159
f 174 10160 197
f 11340 51 81
f 11341 82 52
f 39 335 18
f 40 5 336
f 238 212 8528
f 239 8529 213
f 73 77 287
f 74 288 78
f 10007 103 10001
f 10008 10002 104
f 5824 7206 138
f 5825 139 7207
f 301 4378 8946
f 302 8947 4379
f 297 253 6296
f 298 6297 254
f 3261 4976 12404
f 3262 12405 4977
f 11396 10673 279
f 11397 280 10674
f 33 10655 53
f 34 54 10656
f 11596 11742 331
f 11597 332 11743
f 11181 79 9433
f 11182 9434 80
f 7323 190 10894
f 7324 10895 191
f 12380 7504 167
f 12381 168 7505
f 192 10047 6424
f 193 6425 10048
f 5569 5573 5577
f 5570 5578 5574
f 234 77 73
f 235 74 78
f 6296 253 165
f 6297 166 254
f 67 7664 12645
f 53 12645 7664
f 54 7665 12646
f 68 12646 7665
f 51 11336 181
f 52 182 11337
f 47 65 55
f 48 56 66
f 7451 12651 10836
f 7452 10837 12652
f 7710 10842 7754
f 7711 7755 10843
f 268 7455 8739
f 269 8740 7456
f 273 7411 7668
f 274 7669 7412
f 9211 4378 8356
f 9212 8357 4379
f 85 12651 11780
f 86 11781 12652
f 214 138 51
f 215 52 139
f 204 23 24
f 205 11 10
f 192 6424 87
f 193 88 6425
f 8199 279 138
f 8200 139 280
f 144 9938 186
f 145 187 9939
f 6424 236 8223
f 6425 8224 237
f 83 331 11742
f 84 11743 332
f 3758 9439 113
f 3759 114 9440
f 57 89 4556
f 58 4557 90
f 12213 6430 6424
f 12214 6425 6431
f 73 6102 234
f 74 235 6103
f 10603 226 220
f 10604 221 227
f 3751 287 216
f 3752 217 288
f 6616 281 230
f 6617 231 282
f 210 7323 283
f 211 284 7324
f 8356 101 5410
f 8357 5411 102
f 81 51 181
f 82 182 52
f 186 175 246
f 187 247 176
f 9439 79 113
f 9440 114 80
f 4181 5874 75
f 4182 76 5875
f 27 107 21
f 28 8 108
f 11596 299 196
f 11597 197 300
f 216 11253 77
f 217 78 11254
f 7086 45 248
f 7087 249 46
f 9562 12586 103
f 9563 104 12587
f 9938 175 186
f 9939 187 176
f 11340 214 51
f 11341 52 215
f 12533 10836 99
f 12534 100 10837
f 167 7504 8739
f 168 8740 7505
f 273 69 7411
f 274 7412 70
f 138 7206 8199
f 139 8200 7207
f 8954 146 10466
f 8955 10467 147
f 6622 23 204
f 6623 205 10
f 11231 3751 216
f 11232 217 3752
f 3691 6596 6608
f 3692 6609 6597
f 53 7664 33
f 54 34 7665
f 11651 220 226
f 11652 227 221
f 8950 83 6917
f 8951 6918 84
f 6296 165 9160
f 6297 9161 166
f 11975 8302 171
f 11976 172 8303
f 287 7662 8857
f 288 8858 7663
f 81 121 9562
f 82 9563 122
f 226 10603 305
f 227 306 10604
f 192 136 7128
f 193 7129 137
f 218 17 35
f 35 17 19
f 219 36 4
f 36 6 4
f 218 43 17
f 219 4 44
f 232 156 6937
f 233 6938 157
f 9439 9433 79
f 9440 80 9434
f 140 279 2184
f 141 2185 280
f 11651 9523 73
f 11652 74 9524
f 234 226 305
f 235 306 227
f 8638 16 31
f 8638 31 7411
f 8639 32 3
f 8639 7412 32
f 9523 212 73
f 9524 74 213
f 39 19 43
f 40 44 6
f 55 89 47
f 56 48 90
f 2879 5862 1996
f 2880 1997 5863
f 268 188 7455
f 269 7456 189
f 10159 236 9294
f 10160 9295 237
f 7831 10918 8528
f 7832 8529 10919
f 273 7668 7660
f 274 7661 7669
f 11780 63 7668
f 11781 7669 64
f 273 268 69
f 274 70 269
f 73 287 220
f 74 221 288
f 303 11830 9922
f 304 9923 11831
f 202 61 3751
f 203 3752 62
f 23 6622 105
f 10 106 6623
f 10836 188 7451
f 10837 7452 189
f 9294 9108 123
f 9295 124 9109
f 7660 63 11830
f 7661 11831 64
f 73 95 6102
f 74 6103 96
f 7128 210 192
f 7129 193 211
f 136 192 190
f 137 191 193
f 8954 329 146
f 8955 147 330
f 161 5939 7754
f 162 7755 5940
f 10655 10836 12651
f 10656 12652 10837
f 10663 8580 7664
f 10664 7665 8581
f 136 6622 7128
f 137 7129 6623
f 173 146 329
f 174 330 147
f 4378 301 152
f 4379 153 302
f 43 11101 39
f 44 40 11102
f 6660 200 10765
f 6661 10766 201
f 273 142 268
f 274 269 143
f 10822 11816 257
f 10823 258 11817
f 230 204 10874
f 231 10875 205
f 253 11316 165
f 254 166 11317
f 10159 190 101
f 10160 102 191
f 10374 210 7128
f 10375 7129 211
f 10894 190 10159
f 10895 10160 191
f 11596 196 6394
f 11597 6395 197
f 1290 4273 8448
f 1291 8449 4274
f 6664 8190 3283
f 6665 3284 8191
f 2798 6907 5884
f 2799 5885 6908
f 8112 4552 5862
f 4787 3478 1438
f 8113 5863 4553
f 4788 1439 3479
f 3929 3774 4980
f 3930 4981 3775
f 2034 5905 2780
f 4793 10195 8705
f 2035 2781 5906
f 4794 8706 10196
f 8873 2030 8140
f 8874 8141 2031
f 181 12368 7616
f 182 7617 12369
f 11997 7297 4215
f 11998 4216 7298
f 3758 1847 2264
f 3759 2265 1848
f 12251 5481 3567
f 12252 3568 5482
f 8568 2156 9890
f 8569 9891 2157
f 6713 1818 3149
f 6714 3150 1819
f 3687 4219 10227
f 3688 10228 4220
f 6931 6148 9048
f 5481 5909 7031
f 6932 9049 6149
f 5482 7032 5910
f 9878 3166 121
f 9879 122 3167
f 2706 7780 5658
f 2707 5659 7781
f 7206 175 248
f 7207 249 176
f 6919 3420 6206
f 6920 6207 3421
f 6306 11963 8634
f 6307 8635 11964
f 285 6964 9521
f 4129 10193 11310
f 4130 11311 10194
f 286 9522 6965
f 11246 10089 5676
f 11247 5677 10090
f 3868 1514 2365
f 3869 2366 1515
f 2879 1996 4315
f 2880 4316 1997
f 2333 6290 5489
f 2334 5490 6291
f 3149 6202 6717
f 3150 6718 6203
f 2224 3691 6608
f 2225 6609 3692
f 295 6226 5227
f 296 5228 6227
f 9156 11496 262
f 9157 263 11497
f 7268 6076 5453
f 7269 5454 6077
f 144 81 246
f 145 247 82
f 10089 277 2626
f 9308 11318 9310
f 10090 2627 278
f 9309 9311 11319
f 9878 9985 9566
f 9879 9567 9986
f 238 11554 95
f 238 7618 11554
f 239 96 11555
f 239 11555 7619
f 8723 9936 3092
f 8724 3093 9937
f 5694 117 8998
f 5695 8999 118
f 7086 138 279
f 7086 279 45
f 7087 280 139
f 7087 46 280
f 81 144 91
f 82 92 145
f 2706 5658 1924
f 2707 1925 5659
f 3854 2851 5996
f 3855 5997 2852
f 11702 4746 5780
f 11703 5781 4747
f 10679 186 1319
f 186 181 1319
f 10680 1320 187
f 187 1320 182
f 130 9558 5511
f 130 5511 134
f 131 135 5512
f 131 5512 9559
f 9562 103 128
f 10007 8362 128
f 9563 129 104
f 10008 129 8363
f 83 8950 331
f 84 332 8951
f 7013 242 132
f 133 243 7014
f 8648 177 156
f 8649 157 178
f 9108 8102 123
f 232 8102 156
f 233 157 8103
f 9109 124 8103
f 218 161 43
f 43 161 5935
f 219 44 162
f 44 5936 162
f 9423 291 119
f 5309 8223 9423
f 9424 120 292
f 5310 9424 8224
f 264 214 11340
f 130 214 264
f 131 265 215
f 265 11341 215
f 11231 224 6102
f 11231 305 224
f 11232 6103 225
f 11232 225 306
f 134 5511 7616
f 135 7617 5512
f 2698 4686 7102
f 2699 7103 4687
f 97 9294 236
f 6436 10906 97
f 98 237 9295
f 6437 98 10907
f 8199 2184 279
f 8200 280 2185
f 1778 179 3145
f 1779 3146 180
f 6515 12223 2002
f 6296 9973 297
f 6516 2003 12224
f 6297 298 9974
f 10011 8223 5309
f 10012 5310 8224
f 10679 1319 8602
f 10680 8603 1320
f 7170 11052 9969
f 9969 154 7170
f 7171 9970 11053
f 9970 7171 155
f 9766 1647 9762
f 9767 9763 1648
f 10894 10159 198
f 123 198 10159
f 10895 199 10160
f 124 10160 199
f 10047 236 6424
f 97 236 10047
f 10048 6425 237
f 98 10048 237
f 103 10007 128
f 104 129 10008
f 8851 171 5935
f 8852 5936 172
f 301 11596 331
f 302 332 11597
f 10275 158 65
f 10276 66 159
f 45 279 9091
f 46 9092 280
f 156 177 6937
f 157 6938 178
f 2974 1334 2563
f 2975 2564 1335
f 43 55 11101
f 44 11102 56
f 87 9423 119
f 119 7132 87
f 120 9424 88
f 120 88 7133
f 2630 275 6028
f 2631 6029 276
f 1456 4325 8757
f 1457 8758 4326
f 218 8998 12533
f 8998 117 12533
f 8999 12534 118
f 219 12534 8999
f 10275 11649 158
f 10276 159 11650
f 154 128 8362
f 154 8362 121
f 155 8363 129
f 155 122 8363
f 11975 171 7055
f 11976 7056 172
f 6596 3691 6602
f 6597 6603 3692
f 5824 138 128
f 5825 129 139
f 11396 279 140
f 11397 141 280
f 8648 132 177
f 8649 178 133
f 7197 1693 8650
f 7198 8651 1694
f 11396 140 11422
f 11397 11423 141
f 107 12213 6424
f 108 6425 12214
f 7618 9160 165
f 7619 166 9161
f 232 6937 9483
f 233 9484 6938
f 87 7132 5410
f 88 5411 7133
f 11386 6260 6697
f 11387 6698 6261
f 101 192 87
f 5410 101 87
f 102 88 193
f 5411 88 102
f 7341 8172 10077
f 7342 10078 8173
f 5824 289 148
f 5825 149 290
f 25 105 301
f 24 25 301
f 12 302 106
f 11 302 12
f 8964 8950 10765
f 8965 10766 8951
f 5935 171 65
f 5936 66 172
f 8851 5935 161
f 8852 162 5936
f 146 200 10466
f 147 10467 201
f 65 171 10275
f 66 10276 172
f 65 158 20
f 89 20 158
f 66 7 159
f 90 159 7
f 10679 11396 11422
f 10680 11423 11397
f 232 9483 8851
f 233 8852 9484
f 7754 8851 161
f 7755 162 8852
f 10918 3267 222
f 10919 223 3268
f 165 9523 7618
f 166 7619 9524
f 65 57 55
f 66 56 58
f 2002 11602 270
f 2003 271 11603
f 8964 146 173
f 8965 174 147
f 7754 232 8851
f 7755 8852 233
f 7710 123 10842
f 123 8102 10842
f 7711 10843 124
f 124 10843 8103
f 11316 212 165
f 11317 166 213
f 7311 5784 6460
f 7312 6461 5785
f 10704 5088 10657
f 10705 10658 5089
f 10011 5309 7013
f 10012 7014 5310
f 8648 156 8102
f 8649 8103 157
f 9523 165 212
f 9524 213 166
f 43 5935 55
f 55 5935 89
f 44 56 5936
f 56 90 5936
f 9554 10007 289
f 9555 290 10008
f 5410 228 7756
f 5411 7757 229
f 301 228 24
f 302 11 229
f 9483 12380 167
f 9484 168 12381
f 5277 1224 11582
f 12513 4007 958
f 5278 11583 1225
f 12514 959 4008
f 4653 4471 6453
f 4652 6452 4470
f 7864 10788 11719
f 7863 11718 10787
f 4199 5144 6864
f 11250 9497 7688
f 4200 6865 5145
f 11251 7689 9498
f 1382 5706 10498
f 9401 5368 7569
f 1383 10499 5707
f 9402 7570 5369
f 2668 5617 1288
f 9185 3707 6763
f 2669 1289 5618
f 9186 6764 3708
f 5705 6313 2486
f 5704 2485 6312
f 403 3160 4398
f 1905 3323 6070
f 404 4399 3161
f 1906 6071 3324
f 5563 4840 10820
f 445 2877 3189
f 5564 10821 4841
f 446 3190 2878
f 2967 5762 12579
f 2966 12578 5761
f 1069 1841 8052
f 1055 8043 5191
f 1070 8053 1842
f 1056 5192 8044
f 3516 369 8035
f 2463 6390 736
f 3517 8036 370
f 2464 737 6391
f 3476 8316 1752
f 3760 11225 8373
f 3477 1753 8317
f 3761 8374 11226
f 8550 950 1604
f 6986 6092 6525
f 8551 1605 951
f 6987 6526 6093
f 4999 9786 5922
f 4998 5921 9785
f 8373 8365 3756
f 8374 3757 8366
f 950 5071 1604
f 2254 7431 3812
f 951 1605 5072
f 2255 3813 7432
f 1296 11034 11412
f 5591 4039 5977
f 1297 11413 11035
f 5592 5978 4040
f 513 4820 9702
f 4988 5114 8176
f 514 9703 4821
f 4989 8177 5115
f 6621 580 5385
f 6620 5384 579
f 8336 12384 10860
f 4705 5581 6568
f 8337 10861 12385
f 4706 6569 5582
f 3299 7254 1994
f 3300 1995 7255
f 3313 9738 3599
f 9656 9652 10269
f 3314 3600 9739
f 9657 10270 9653
f 928 9665 10979
f 927 10978 9664
f 11884 9838 2403
f 3749 466 10452
f 11885 2404 9839
f 3750 10453 467
f 5420 4027 8640
f 9364 3448 493
f 9365 494 3449
f 5421 8641 4028
f 7295 6284 3864
f 10984 704 3305
f 7296 3865 6285
f 10985 3306 705
f 6982 9199 3484
f 10799 1230 9758
f 10800 9759 1231
f 6983 3485 9200
f 8932 1282 11580
f 9411 6737 9166
f 8933 11581 1283
f 9412 9167 6738
f 4895 1882 1977
f 4894 1976 1881
f 8675 1220 777
f 6962 7319 10117
f 8676 778 1221
f 6963 10118 7320
f 9071 12271 5073
f 2970 2208 9255
f 2971 9256 2209
f 9072 5074 12272
f 3913 11896 3917
f 1665 7587 2727
f 3914 3918 11897
f 1666 2728 7588
f 5138 5058 4476
f 8352 571 809
f 5139 4477 5059
f 8353 810 572
f 9706 10739 6486
f 1183 8992 4908
f 9707 6487 10740
f 1184 4909 8993
f 7529 646 8235
f 3289 1422 4940
f 7530 8236 647
f 3290 4941 1423
f 2897 5483 3500
f 5778 9477 9511
f 2898 3501 5484
f 5779 9512 9478
f 5491 4398 9371
f 2960 2343 7067
f 5492 9372 4399
f 2961 7068 2344
f 465 12626 4671
f 464 4670 12625
f 2719 12067 11937
f 5183 8074 10775
f 2720 11938 12068
f 5184 10776 8075
f 3349 1748 10251
f 10968 9077 2721
f 3350 10252 1749
f 10969 2722 9078
f 1619 4920 7824
f 10805 5714 7943
f 1620 7825 4921
f 10806 7944 5715
f 4081 6900 1864
f 4080 1863 6899
f 11371 9900 5637
f 8340 7082 1806
f 11372 5638 9901
f 8341 1807 7083
f 12558 4928 1092
f 9203 4554 4583
f 12559 1093 4929
f 9204 4584 4555
f 2887 6978 5537
f 11380 8358 9193
f 2888 5538 6979
f 11381 9194 8359
f 6448 3335 7520
f 1502 3385 11690
f 6449 7521 3336
f 1503 11691 3386
f 3315 429 6600
f 2130 2901 12365
f 3316 6601 430
f 2131 12366 2902
f 2329 577 9830
f 9742 11977 7193
f 2330 9831 578
f 9743 7194 11978
f 5733 8789 10976
f 5014 5973 2770
f 5734 10977 8790
f 5015 2771 5974
f 3104 7331 621
f 8124 2940 7029
f 3105 622 7332
f 8125 7030 2941
f 4017 4319 9296
f 3856 2739 12100
f 4018 9297 4320
f 3857 12101 2740
f 6118 1625 7700
f 6108 706 10249
f 6119 7701 1626
f 6109 10250 707
f 4017 2158 4319
f 1926 8895 3601
f 4018 4320 2159
f 1927 3602 8896
f 3238 8269 5697
f 3237 5696 8268
f 2708 6416 9910
f 11862 9397 845
f 2709 9911 6417
f 11863 846 9398
f 547 4807 5136
f 9348 4684 693
f 548 5137 4808
f 9349 694 4685
f 2467 4191 4605
f 5515 2168 6719
f 2468 4606 4192
f 5516 6720 2169
f 5759 9085 7142
f 1016 2620 4830
f 5760 7143 9086
f 1017 4831 2621
f 4157 8447 7888
f 4156 7887 8446
f 438 2220 762
f 1653 9369 2760
f 439 763 2221
f 1654 2761 9370
f 4335 6014 10585
f 12562 7027 4695
f 4336 10586 6015
f 12563 4696 7028
f 6666 5674 7144
f 7015 7019 4279
f 6667 7145 5675
f 7016 4280 7020
f 4674 3084 10464
f 3836 7565 7561
f 4675 10465 3085
f 3837 7562 7566
f 3952 1356 7175
f 11884 4772 3528
f 3953 7176 1357
f 11885 3529 4773
f 9872 11898 12619
f 5028 4211 6004
f 9873 12620 11899
f 5029 6005 4212
f 4892 8992 1183
f 12447 1822 6280
f 4893 1184 8993
f 12448 6281 1823
f 4906 2088 11048
f 3780 2553 2004
f 4907 11049 2089
f 3781 2005 2554
f 6311 12006 10068
f 6310 10067 12005
f 2796 8538 347
f 1218 10087 12421
f 2797 348 8539
f 1219 12422 10088
f 7415 7419 3522
f 10341 7802 1808
f 7416 3523 7420
f 10342 1809 7803
f 1193 5619 7871
f 1899 5104 10569
f 1194 7872 5620
f 1900 10570 5105
f 9460 2955 1550
f 9459 1549 2954
f 7514 3110 5533
f 6062 4331 1041
f 7515 5534 3111
f 6063 1042 4332
f 4502 6434 6927
f 5710 4031 1315
f 4503 6928 6435
f 5711 1316 4032
f 565 1244 10735
f 9142 1710 7494
f 566 10736 1245
f 9143 7495 1711
f 2339 9095 821
f 3736 2433 4098
f 2340 822 9096
f 3737 4099 2434
f 477 10137 1107
f 760 7704 9846
f 478 1108 10138
f 761 9847 7705
f 1738 7857 1734
f 5253 8841 2477
f 1739 1735 7858
f 5254 2478 8842
f 4135 12487 479
f 12447 2405 1822
f 4136 480 12488
f 12448 1823 2406
f 4407 7354 1769
f 4406 1768 7353
f 8802 4151 3130
f 8801 3129 4150
f 7332 622 4641
f 7331 4640 621
f 5517 2636 6644
f 11580 1282 6159
f 5518 6645 2637
f 11581 6160 1283
f 12396 12323 5724
f 9612 1542 815
f 12397 5725 12324
f 9613 816 1543
f 977 3384 6726
f 976 6725 3383
f 7585 1994 12221
f 3551 1174 3406
f 7586 12222 1995
f 3552 3407 1175
f 3160 403 3714
f 12112 7905 11512
f 3161 3715 404
f 12113 11513 7906
f 12546 9342 1012
f 1115 7638 11282
f 12547 1013 9343
f 1116 11283 7639
f 1496 6950 4217
f 6018 1396 9164
f 1497 4218 6951
f 6019 9165 1397
f 11901 1645 1712
f 11153 4542 7220
f 11902 1713 1646
f 11154 7221 4543
f 4532 4313 10392
f 9752 6948 347
f 4533 10393 4314
f 9753 348 6949
f 8475 4697 9797
f 2694 7349 8471
f 8476 9798 4698
f 2695 8472 7350
f 3542 4854 8847
f 1830 1018 5177
f 3543 8848 4855
f 1831 5178 1019
f 10914 11985 11989
f 8787 6286 9894
f 10915 11990 11986
f 8788 9895 6287
f 1482 7897 5495
f 1659 1059 746
f 1483 5496 7898
f 1660 747 1060
f 4896 1162 864
f 4854 10593 6847
f 4897 865 1163
f 4855 6848 10594
f 11870 4307 7822
f 2316 3944 4828
f 11871 7823 4308
f 2317 4829 3945
f 3891 6036 7591
f 3718 8865 6859
f 3892 7592 6037
f 3719 6860 8866
f 12092 12084 6108
f 2733 9417 1938
f 12093 6109 12085
f 2734 1939 9418
f 1431 8196 2790
f 11578 5870 5531
f 1431 2791 8197
f 11579 5532 5871
f 5983 8225 1913
f 3325 10956 8082
f 5984 1914 8226
f 3326 8083 10957
f 1606 1655 3394
f 9568 6909 3936
f 1607 3395 1656
f 9569 3937 6910
f 7008 8063 10514
f 7007 10513 8062
f 9379 2244 1834
f 3621 5521 3852
f 9380 1835 2245
f 3622 3853 5522
f 7567 2614 12122
f 11199 8146 2165
f 7568 12123 2615
f 11200 2166 8147
f 3100 3593 4179
f 3053 1185 12580
f 3101 4180 3594
f 3054 12581 1186
f 4991 7211 4995
f 4990 4994 7210
f 5205 744 9324
f 7865 10355 412
f 5206 9325 745
f 7866 412 10355
f 6566 9811 8154
f 8432 10773 2006
f 6567 8155 9812
f 8433 2007 10774
f 9097 11290 7903
f 3866 5656 9069
f 9098 7904 11291
f 3867 9070 5657
f 3319 11714 10297
f 1432 5724 1952
f 3320 10298 11715
f 1433 1953 5725
f 6866 6200 12151
f 4744 11675 9170
f 6867 12152 6201
f 4745 9171 11676
f 1655 8875 3394
f 11931 2240 2891
f 1656 3395 8876
f 11932 2892 2241
f 5852 3351 10803
f 2457 5187 1889
f 5853 10804 3352
f 2458 1890 5188
f 11688 866 3000
f 7144 5674 3480
f 11689 3001 867
f 7145 3481 5675
f 952 1810 549
f 2545 4930 12110
f 953 550 1811
f 2546 12111 4931
f 815 9201 9612
f 7670 3826 3404
f 816 9613 9202
f 7671 3405 3827
f 4003 2662 10854
f 2859 2662 3617
f 4004 10855 2663
f 2860 3618 2663
f 9682 11911 6523
f 9576 1434 12013
f 9683 6524 11912
f 9577 12014 1435
f 782 6159 5287
f 805 8693 1197
f 783 5288 6160
f 806 1198 8694
f 10761 2443 8530
f 10958 6368 4866
f 10762 8531 2444
f 10959 4867 6369
f 4558 880 10145
f 7045 2694 827
f 4559 10146 881
f 7046 828 2695
f 7327 6040 4119
f 5718 10567 10571
f 7328 4120 6041
f 5719 10572 10568
f 10908 4571 475
f 9908 10095 8136
f 10909 476 4572
f 9909 8137 10096
f 3231 4795 11085
f 638 1960 7956
f 3232 11086 4796
f 639 7957 1961
f 1240 4458 5338
f 3627 6166 3028
f 1241 5339 4459
f 3628 3029 6167
f 3375 8600 1466
f 3392 12315 10370
f 3376 1467 8601
f 3393 10371 12316
f 1724 3860 2331
f 788 12398 4456
f 1725 2332 3861
f 789 4457 12399
f 10994 9132 11814
f 6767 2511 4764
f 10995 11815 9133
f 6768 4765 2512
f 2517 6584 675
f 7851 2461 784
f 2518 676 6585
f 7852 785 2462
f 4803 1500 5593
f 12277 4737 4271
f 4804 5594 1501
f 12278 4272 4738
f 393 5000 1962
f 4642 5030 8771
f 394 1963 5001
f 4643 8772 5031
f 6529 4920 10291
f 12065 874 9584
f 6530 10292 4921
f 12066 9585 875
f 1403 3415 2023
f 1402 2022 3414
f 6263 3123 5683
f 6262 5682 3122
f 4209 1292 2375
f 8821 4727 4731
f 4210 2376 1293
f 8822 4732 4728
f 669 3155 5822
f 1193 5820 5619
f 670 5823 3156
f 1194 5620 5821
f 2865 6984 1832
f 9077 2337 2721
f 2866 1833 6985
f 9078 2722 2338
f 12058 797 8609
f 12057 8608 796
f 1938 9336 2733
f 8737 12275 685
f 1939 2734 9337
f 8738 686 12276
f 12344 786 3227
f 7569 8008 9401
f 12345 3228 787
f 7570 9402 8009
f 8168 12546 1012
f 11764 7535 3693
f 8169 1013 12547
f 11765 3694 7536
f 12108 7855 5998
f 7922 2749 1641
f 12109 5999 7856
f 7923 1642 2750
f 433 1563 4382
f 6308 6304 8023
f 434 4383 1564
f 6309 8024 6305
f 1014 10133 8037
f 8797 7463 10521
f 1015 8038 10134
f 8798 10522 7464
f 10701 11775 6101
f 10700 6100 11774
f 10419 6568 5581
f 3022 6184 6590
f 10420 5582 6569
f 3023 6591 6185
f 2656 1857 2580
f 11588 4920 6529
f 2657 2581 1858
f 11589 6530 4921
f 8628 11667 2052
f 5792 7216 11438
f 8629 2053 11668
f 5793 11439 7217
f 5150 4692 11169
f 2713 5539 6976
f 5150 11170 4692
f 2714 6977 5540
f 5806 9900 11371
f 3619 382 6810
f 5807 11372 9901
f 3620 6811 383
f 7494 5253 5259
f 5467 3806 11020
f 7495 5260 5254
f 5468 11021 3807
f 12548 8118 9089
f 4005 7498 9022
f 12549 9090 8119
f 4006 9023 7499
f 11850 5026 8986
f 1704 8080 1063
f 11851 8987 5027
f 1705 1064 8081
f 9624 10448 9473
f 5269 8516 1317
f 9625 9474 10449
f 5270 1318 8517
f 1348 1893 3970
f 11856 11850 8986
f 1349 3971 1894
f 11857 8987 11851
f 627 9993 12059
f 627 12060 9994
f 628 11428 669
f 3623 3931 5265
f 629 670 11429
f 3624 5266 3932
f 4067 4071 8835
f 9379 1834 8138
f 4068 8836 4072
f 9380 8139 1835
f 10021 5066 6821
f 4996 3373 6104
f 10022 6822 5067
f 4997 6105 3374
f 12595 5987 8893
f 6324 6326 7962
f 12596 8894 5988
f 6325 7963 6327
f 10175 11434 9152
f 12517 5732 6378
f 10176 9153 11435
f 12518 6379 5732
f 3392 9008 12315
f 5975 3747 4100
f 3393 12316 9009
f 5976 4101 3748
f 1488 9886 9195
f 8156 3321 9183
f 1489 9196 9887
f 8157 9184 3322
f 4820 3120 9702
f 10755 1117 10023
f 4821 9703 3121
f 10756 10024 1118
f 8321 5298 3883
f 8320 3882 5297
f 5532 6127 2412
f 5531 2411 6126
f 4165 3182 6386
f 1571 3014 11002
f 4166 6387 3183
f 1572 11003 3015
f 4589 11911 648
f 3221 10498 5706
f 4590 649 11912
f 3222 5707 10499
f 2117 12107 2949
f 2116 2948 12106
f 5151 1869 10619
f 10245 6624 9451
f 5152 10620 1870
f 10246 9452 6625
f 4848 8893 5668
f 5757 7861 10490
f 4849 5669 8894
f 5758 10491 7862
f 5876 651 4984
f 8685 7098 10259
f 5877 4985 652
f 8686 10260 7099
f 11995 8286 4603
f 10551 4368 6783
f 11996 4604 8287
f 10552 6784 4369
f 659 5710 1986
f 6392 12489 5907
f 660 1987 5711
f 6393 5908 12490
f 1530 839 3911
f 5981 10177 1547
f 1531 3912 840
f 5982 1548 10178
f 4426 7593 8610
f 8982 9819 11983
f 4427 8611 7594
f 8983 11984 9820
f 665 1964 2090
f 9485 5018 3408
f 666 2091 1965
f 9486 3409 5019
f 3651 1094 4805
f 4269 8877 4814
f 3652 4806 1095
f 4270 4815 8878
f 583 12165 4432
f 7784 4361 1774
f 584 4433 12166
f 7785 1775 4362
f 2800 6260 11386
f 7439 4721 3671
f 2801 11387 6261
f 7440 3672 4722
f 1861 3076 5155
f 6935 12499 1022
f 1862 5156 3077
f 6936 1023 12500
f 11977 2972 7193
f 7293 6268 3073
f 11978 7194 2973
f 7294 3074 6269
f 1839 6332 9055
f 7486 5328 3923
f 7487 3924 5329
f 1840 9056 6333
f 7191 11326 3432
f 1329 2922 888
f 7192 3433 11327
f 1330 889 2923
f 7732 4619 10029
f 5521 3621 11586
f 7733 10030 4620
f 5522 11587 3622
f 5603 3124 5050
f 6670 5603 5050
f 5604 5051 3125
f 6671 5051 5604
f 6270 6274 449
f 8656 11645 9957
f 6271 450 6275
f 8657 9958 11646
f 8632 6915 7185
f 10187 10197 8829
f 8633 7186 6916
f 10188 8830 10198
f 6562 7106 10747
f 11129 10309 8691
f 6563 10748 7107
f 11130 8692 10310
f 10137 3355 11992
f 1549 5749 2954
f 10138 11993 3356
f 1550 2955 5750
f 2421 11113 9128
f 11667 1306 2052
f 2422 9129 11114
f 11668 2053 1307
f 6556 695 6388
f 2036 11722 10621
f 6557 6389 696
f 2037 10622 11723
f 534 12413 12409
f 533 12408 12412
f 5509 2507 7158
f 12392 8558 11792
f 5510 7159 2508
f 12393 11793 8559
f 8006 10801 5808
f 6062 6835 9827
f 8007 5809 10802
f 6063 9828 6836
f 1020 3812 10299
f 3948 3325 12153
f 1021 10300 3813
f 3949 12154 3326
f 12453 5102 12455
f 10496 3249 9900
f 12454 12456 5103
f 10497 9901 3250
f 3363 4171 6150
f 1553 11957 2172
f 3364 6151 4172
f 1554 2173 11958
f 708 3203 3526
f 10601 8282 321
f 709 3527 3204
f 10602 322 8283
f 9280 5012 6338
f 7195 4327 10873
f 9281 6339 5013
f 7196 10872 4328
f 974 12574 12633
f 1378 10399 3333
f 975 12634 12575
f 1379 3334 10400
f 6428 6024 4842
f 1348 3970 8807
f 6429 4843 6025
f 1349 8808 3971
f 8422 7262 10884
f 1024 3778 6464
f 8423 10885 7263
f 1025 6465 3779
f 391 4046 718
f 2098 5953 10297
f 392 719 4047
f 2099 10298 5954
f 6929 10912 11746
f 5937 12556 750
f 6930 11747 10913
f 5938 751 12557
f 9197 3778 1024
f 4045 3186 819
f 9198 1025 3779
f 4045 820 3186
f 4682 8936 10649
f 4699 1956 10265
f 4683 10650 8937
f 4700 10266 1957
f 8205 4970 4297
f 6318 8695 3772
f 8206 4298 4971
f 6319 3773 8696
f 7262 728 10884
f 3593 5483 2897
f 7263 10885 729
f 3594 2898 5484
f 5287 6159 5283
f 6802 8092 3842
f 5288 5284 6160
f 6803 3843 8093
f 8146 1853 3874
f 4522 6570 10661
f 8147 3875 1854
f 4523 10662 6571
f 3613 2214 6096
f 11004 8930 3832
f 3614 6097 2215
f 11005 3833 8931
f 1155 6994 9429
f 12410 382 3619
f 1156 9430 6995
f 12411 3620 383
f 6767 12017 2511
f 565 5129 1244
f 6768 2512 12018
f 566 1245 5130
f 3469 6790 7970
f 9469 978 4478
f 3470 7971 6791
f 9470 4479 979
f 11151 9499 6868
f 10741 6070 10737
f 11152 6869 9500
f 10742 10738 6071
f 4080 6899 10103
f 6234 8072 9720
f 4081 10104 6900
f 6235 9721 8073
f 2910 5631 968
f 8158 3430 3724
f 2911 969 5632
f 8159 3725 3431
f 3741 2150 10347
f 2798 7559 6907
f 3742 10348 2151
f 2799 6908 7560
f 3229 1736 4872
f 3311 8338 10273
f 3230 4873 1737
f 3312 10274 8339
f 10934 5028 6004
f 3090 11440 11036
f 10935 6005 5029
f 3091 11037 11441
f 1410 6336 11734
f 2743 9373 7583
f 1411 11735 6337
f 2744 7584 9374
f 9850 821 6804
f 9638 3846 5396
f 9851 6805 822
f 9639 5397 3847
f 5235 704 7996
f 3768 8054 1486
f 5236 7997 705
f 3769 1487 8055
f 11115 5907 12485
f 1776 6837 9856
f 11116 12486 5908
f 1777 9857 6838
f 7549 766 762
f 6044 1246 537
f 7550 763 767
f 6045 538 1247
f 2674 3923 8379
f 10523 3124 5603
f 2675 8380 3924
f 10524 5604 3125
f 11010 2497 4055
f 8386 607 8382
f 11011 4056 2498
f 8387 8383 608
f 5735 3921 7090
f 8379 3923 7110
f 5736 7091 3922
f 8380 7111 3924
f 908 1706 754
f 10876 6638 7400
f 909 755 1707
f 10877 7401 6639
f 9466 6387 2175
f 9465 2174 6386
f 9604 779 773
f 9634 6080 5231
f 9605 774 780
f 9635 5232 6081
f 8685 6798 12249
f 10561 10565 5086
f 8686 12250 6799
f 10562 5087 10566
f 8477 3720 1464
f 910 5388 9823
f 8478 1465 3721
f 911 9824 5389
f 1256 6076 6841
f 4374 12163 9642
f 1257 6842 6077
f 4375 9643 12164
f 5443 3719 8866
f 5442 8865 3718
f 8465 3247 1671
f 10229 3247 734
f 8466 1672 3248
f 10230 735 3248
f 10309 11129 10476
f 4121 8300 1756
f 10310 10477 11130
f 4122 1757 8301
f 8408 1669 786
f 9053 9050 966
f 8409 787 1670
f 9054 967 9051
f 1404 5684 12457
f 5467 9654 3806
f 1405 12458 5685
f 5468 3807 9655
f 1185 790 11738
f 5913 3764 4466
f 1186 11739 791
f 5914 4467 3765
f 792 619 11888
f 3147 1726 11314
f 793 11889 620
f 3148 11315 1727
f 1302 5201 3137
f 3732 8596 12515
f 1303 3138 5202
f 3733 12516 8597
f 11665 8697 12061
f 10071 4488 2473
f 11666 12062 8698
f 10072 2474 4489
f 9604 773 6314
f 5231 2823 9634
f 9605 6315 774
f 5232 9635 2824
f 1098 127 6378
f 2044 4339 6503
f 1098 6379 127
f 2045 6504 4340
f 6053 3887 2025
f 6052 2024 3886
f 772 1595 803
f 3211 2684 5832
f 772 804 1595
f 3212 5833 2685
f 3595 11758 3840
f 3595 7796 11758
f 3596 3841 11759
f 3596 11759 7797
f 4446 3162 10647
f 10486 3798 11538
f 4447 10648 3163
f 10487 11539 3799
f 5169 4392 10283
f 6727 11183 5702
f 5170 10284 4393
f 6728 5703 11184
f 4269 6058 5771
f 7041 8332 2148
f 4270 5772 6059
f 7042 2149 8333
f 8753 1288 355
f 5114 1090 6954
f 8754 356 1289
f 5115 6955 1091
f 12342 8526 1350
f 10775 8074 3561
f 12343 1351 8527
f 10776 3562 8075
f 8312 6998 10708
f 6672 3944 2316
f 8313 10709 6999
f 6673 2317 3945
f 2250 722 919
f 4506 10061 9959
f 2251 920 723
f 4507 9960 10062
f 4844 4571 11760
f 3253 5601 9219
f 4845 11761 4572
f 3254 9220 5602
f 3191 10442 3495
f 1216 8340 6745
f 3192 3496 10443
f 1217 6746 8341
f 12562 12187 7027
f 2142 1557 5293
f 12563 7028 12188
f 2143 5294 1558
f 9548 2682 378
f 730 1623 12201
f 9549 379 2683
f 731 12202 1624
f 829 12398 788
f 6558 1388 1452
f 830 789 12399
f 6559 1453 1389
f 9730 7104 4150
f 3948 521 2437
f 9731 4151 7105
f 3949 2438 522
f 7893 1569 615
f 2849 8558 12392
f 7894 616 1570
f 2850 12393 8559
f 10217 2443 10761
f 5255 2206 5579
f 10218 10762 2444
f 5256 5580 2207
f 4327 7075 10873
f 708 3526 7181
f 4328 10872 7076
f 709 7182 3527
f 10267 1740 10583
f 12100 6499 11712
f 10268 10584 1741
f 12101 11713 6500
f 3776 3780 2004
f 5497 10966 1891
f 3777 2005 3781
f 5498 1892 10967
f 12435 5716 12439
f 12019 6142 1964
f 12436 12440 5717
f 12020 1965 6143
f 6644 2636 10041
f 4203 12245 2861
f 6645 10042 2637
f 4204 2862 12246
f 7582 5671 7012
f 7581 7011 5670
f 6709 581 4197
f 693 4684 1396
f 6710 4198 582
f 694 1397 4685
f 3739 3743 5947
f 2122 4175 854
f 3740 5948 3744
f 2123 855 4176
f 10380 2463 736
f 4245 7822 4307
f 10381 737 2464
f 4246 4308 7823
f 9006 10195 4793
f 2483 7708 3379
f 9007 4794 10196
f 2484 3380 7709
f 856 8729 1611
f 8729 11750 4205
f 857 1612 8730
f 8730 4206 11751
f 3919 4797 8616
f 528 3390 350
f 3920 8617 4798
f 529 351 3391
f 8787 8375 6286
f 1238 7179 1798
f 8788 6287 8376
f 1239 1799 7180
f 9586 862 4510
f 10787 6114 2120
f 9587 4511 863
f 10788 2121 6115
f 5888 864 1162
f 5243 3968 2610
f 5889 1163 865
f 5244 2611 3969
f 9785 5921 3575
f 4117 581 6709
f 9786 3576 5922
f 4118 6710 582
f 4646 7634 4884
f 6866 12151 6923
f 4647 4885 7635
f 6867 6924 12152
f 3446 5251 4015
f 7202 9338 8604
f 3447 4016 5252
f 7203 8605 9339
f 12346 10101 6618
f 2942 11177 6112
f 12347 6619 10102
f 2943 6113 11178
f 2355 3223 5992
f 4361 8217 1774
f 2356 5993 3224
f 4362 1775 8218
f 1629 9114 876
f 7337 5971 9415
f 1630 877 9115
f 7338 9416 5972
f 5185 3714 6346
f 2242 5589 3098
f 5186 6347 3715
f 2243 3099 5590
f 10283 4392 11486
f 6026 8861 4092
f 10284 11487 4393
f 6027 4093 8862
f 3170 3818 11534
f 7264 11416 408
f 3171 11535 3819
f 7265 409 11417
f 11915 6626 4088
f 8375 10470 6286
f 11916 4089 6627
f 8376 6287 10471
f 12149 886 7630
f 523 6690 11896
f 12150 7631 887
f 524 11897 6691
f 1410 4061 2533
f 10171 677 7226
f 1411 2534 4062
f 10172 7227 678
f 11617 3712 8485
f 6680 3237 8268
f 11618 8486 3713
f 6681 8269 3238
f 3131 6586 1512
f 9453 10591 9578
f 3132 1513 6587
f 9454 9579 10592
f 8060 9259 6753
f 3065 8398 1382
f 8061 6754 9260
f 3066 1383 8399
f 519 4746 11702
f 2008 4388 5116
f 520 11703 4747
f 2009 5117 4389
f 7926 3116 6232
f 4498 4023 2407
f 7927 6233 3117
f 4499 2408 4024
f 12278 2858 4272
f 12277 4271 2857
f 4573 901 5543
f 2624 1563 433
f 4574 5544 902
f 2625 434 1564
f 4152 9670 903
f 11574 5432 4052
f 4153 904 9671
f 11575 4053 5433
f 3412 3886 7270
f 11338 653 7333
f 3413 7271 3887
f 11339 7334 654
f 10845 5437 6253
f 10844 6252 5436
f 10423 2743 7583
f 4265 8186 5730
f 10424 7584 2744
f 4266 5731 8187
f 11768 4922 2471
f 5515 11772 2168
f 11769 2472 4923
f 5516 2169 11773
f 912 6486 10739
f 6268 12009 3073
f 913 10740 6487
f 6269 3074 12010
f 6048 5408 10053
f 7208 7698 5507
f 6049 10054 5409
f 7209 5508 7699
f 1050 339 9505
f 6598 10948 10944
f 1051 9506 340
f 6599 10945 10949
f 3989 2748 2374
f 3988 2373 2747
f 3788 2628 9138
f 1536 5451 10886
f 3789 9139 2629
f 1537 10887 5452
f 5189 10267 2082
f 5181 6921 11476
f 5190 2083 10268
f 5182 11477 6922
f 11600 1353 4291
f 6066 4287 9793
f 11601 4292 1354
f 6067 9794 4288
f 8518 3639 6120
f 11089 5110 1366
f 8519 6121 3640
f 11090 1367 5111
f 7962 3958 6324
f 8124 7612 2940
f 7963 6325 3959
f 8125 2941 7613
f 5189 2082 925
f 7814 4504 3497
f 5190 926 2083
f 7815 3498 4505
f 2788 1555 5635
f 10643 3984 3205
f 2789 5636 1556
f 10644 3206 3985
f 9065 2994 12605
f 4374 7114 12163
f 9066 12606 2995
f 4375 12164 7115
f 935 8956 5459
f 5231 6008 9746
f 936 5460 8957
f 5232 9747 6009
f 4996 6104 10613
f 8709 11259 5263
f 4997 10614 6105
f 8710 5264 11260
f 539 7088 10083
f 4774 9233 7847
f 540 10084 7089
f 4775 7848 9234
f 9328 9934 9330
f 3960 691 11629
f 9329 9331 9935
f 3961 11630 692
f 7160 11504 4938
f 8334 11024 11131
f 7161 4939 11505
f 8335 11132 11025
f 1673 12191 11117
f 7270 11756 3412
f 1674 11118 12192
f 7271 3413 11757
f 1895 9300 1712
f 4834 7256 2419
f 1896 1713 9301
f 4835 2420 7257
f 7693 5881 946
f 7692 945 5880
f 3665 4783 1444
f 7778 11641 1913
f 3666 1445 4784
f 7779 1914 11642
f 2770 5973 10725
f 8078 12211 3532
f 2771 10726 5974
f 8079 3533 12212
f 6642 9249 3891
f 5563 10820 7488
f 6643 3892 9250
f 5564 7489 10821
f 3438 3245 7943
f 6540 3345 2180
f 3439 7944 3246
f 6541 2181 3346
f 1392 10611 958
f 10611 12513 958
f 1393 959 10612
f 10612 959 12514
f 3940 3980 960
f 1849 742 6186
f 3941 961 3981
f 1850 6187 743
f 2841 6628 11985
f 4237 2513 655
f 2842 11986 6629
f 4238 656 2514
f 3491 6818 7918
f 10285 8863 3491
f 3492 7919 6819
f 10286 3492 8864
f 4075 4882 10547
f 611 689 3277
f 4076 10548 4883
f 612 3278 690
f 12031 9783 509
f 10057 3984 10643
f 12032 510 9784
f 10058 10644 3985
f 9977 9666 5406
f 2427 7614 9318
f 9978 5407 9667
f 2428 9319 7615
f 823 1802 4520
f 3776 2004 1950
f 824 4521 1803
f 3777 1951 2005
f 12633 10597 974
f 5680 11016 11953
f 12634 975 10598
f 5681 11954 11017
f 2485 8745 10019
f 449 11981 10151
f 2486 10020 8746
f 450 10152 11982
f 5390 2996 10225
f 4846 3836 7561
f 5391 10226 2997
f 4847 7562 3837
f 980 5700 4145
f 6132 702 1812
f 981 4146 5701
f 6133 1813 703
f 1716 3371 1816
f 2208 11923 9255
f 1717 1817 3372
f 2209 9256 11924
f 4261 984 5720
f 5720 8243 6680
f 4262 5721 985
f 5721 6681 8244
f 4944 11610 4954
f 11756 4566 3412
f 4945 4955 11611
f 11757 3413 4567
f 8276 8966 5575
f 4721 11390 6264
f 8277 5576 8967
f 4722 6265 11391
f 4261 990 984
f 7720 491 1105
f 4262 985 991
f 7721 1106 492
f 1355 4936 4832
f 1355 4833 4937
f 860 993 10924
f 5179 2648 10924
f 861 10925 994
f 5180 10925 2649
f 6733 11550 3458
f 6292 756 2339
f 6734 3459 11551
f 6293 2340 757
f 3850 9756 5173
f 6699 2216 4678
f 3851 5174 9757
f 6700 4679 2217
f 1838 3755 2335
f 1838 2336 3755
f 8367 732 3577
f 2459 9122 7183
f 8368 3578 733
f 2460 7184 9123
f 3335 3456 941
f 9967 1718 5929
f 3336 942 3457
f 9968 5930 1719
f 1004 12031 3164
f 4027 4593 8640
f 1005 3165 12032
f 4028 8641 4594
f 9411 9166 6560
f 4906 8536 2088
f 9412 6561 9167
f 4907 2089 8537
f 8671 1008 12069
f 2329 9830 10623
f 8672 12070 1009
f 2330 10624 9831
f 8096 5398 10763
f 1623 730 9491
f 8097 10764 5399
f 1624 9492 731
f 8958 5686 3534
f 2541 8546 2345
f 8959 3535 5687
f 2542 2346 8547
f 1014 7065 10133
f 4524 10307 10303
f 1015 10134 7066
f 4525 10304 10308
f 1185 2845 790
f 1824 2373 3988
f 1186 791 2846
f 1825 3989 2374
f 9320 10543 3878
f 5173 2731 3850
f 9321 3879 10544
f 5174 3851 2732
f 2843 5641 3540
f 3293 1420 2062
f 2844 3541 5642
f 3294 2063 1421
f 4830 2620 3126
f 3301 8292 3442
f 4831 3127 2621
f 3302 3443 8293
f 10061 4506 6958
f 9754 5217 3553
f 10062 6959 4507
f 9755 3554 5218
f 1026 8412 12597
f 3966 8656 2618
f 1027 12598 8413
f 3967 2619 8657
f 12413 534 5401
f 12412 5400 533
f 1029 3814 4187
f 3012 3741 2038
f 1030 4188 3815
f 3013 2039 3742
f 8936 4035 3986
f 4803 5593 10850
f 8937 3987 4036
f 4804 10851 5594
f 5131 1240 5951
f 2385 7377 4464
f 5132 5952 1241
f 2386 4465 7378
f 3176 1035 8008
f 8919 10589 12333
f 3177 8009 1036
f 8920 12334 10590
f 6887 10185 343
f 11953 11016 3933
f 6888 344 10186
f 11954 3934 11017
f 11824 7498 4005
f 2144 7329 3357
f 11825 4006 7499
f 2145 3358 7330
f 7465 9827 6835
f 700 6735 1124
f 7466 6836 9828
f 701 1125 6736
f 12503 1043 5075
f 6246 9815 7800
f 12504 5076 1044
f 6247 7801 9816
f 1988 2312 1045
f 12437 8012 7718
f 1989 1046 2313
f 12438 7719 8013
f 1044 4034 2139
f 1043 2138 4033
f 2279 11967 7295
f 3826 3710 3404
f 2280 7296 11968
f 3827 3405 3711
f 11983 10595 8982
f 2357 916 3410
f 11984 8983 10596
f 2358 3411 917
f 10017 1052 1266
f 8390 2467 4605
f 10018 1267 1053
f 8391 4606 2468
f 5829 4747 2795
f 5828 2794 4746
f 495 6494 811
f 7638 11278 11282
f 496 812 6495
f 7639 11283 11279
f 9827 7465 11534
f 5533 5848 8424
f 9828 11535 7466
f 5534 8425 5849
f 1059 11324 746
f 3217 5872 555
f 1060 747 11325
f 3218 556 5873
f 10767 1675 8259
f 1738 7881 7857
f 10768 8260 1676
f 1739 7858 7882
f 5896 10527 6501
f 1994 7585 3299
f 5897 6502 10528
f 1995 3300 7586
f 5858 9622 1187
f 3956 10771 8261
f 5859 1188 9623
f 3957 8262 10772
f 2110 10063 3834
f 3834 8952 2608
f 2111 3835 10064
f 3835 2609 8953
f 8000 1069 1153
f 8035 9616 4317
f 8001 1154 1070
f 8036 4318 9617
f 6765 1071 1230
f 995 4760 423
f 6766 1231 1072
f 996 424 4761
f 8837 11804 1218
f 7467 2277 4313
f 8838 1219 11805
f 7468 4314 2278
f 5521 11586 9781
f 6982 11796 9199
f 5522 9782 11587
f 6983 9200 11797
f 4257 9114 1629
f 436 12348 1181
f 4258 1630 9115
f 437 1182 12349
f 8310 7845 3377
f 3673 7053 2570
f 8311 3378 7846
f 3674 2571 7054
f 4077 1081 1087
f 3018 8201 11374
f 4078 1088 1082
f 3019 11375 8202
f 6511 12408 7230
f 5436 12155 10844
f 6512 7231 12409
f 5437 10845 12156
f 12263 10301 1551
f 9928 1262 3555
f 12264 1552 10302
f 9929 3556 1263
f 10167 7252 12623
f 5229 12049 2596
f 10168 12624 7253
f 5230 2597 12050
f 6549 9155 8297
f 6548 8296 9154
f 8162 4581 8753
f 4956 11189 2397
f 8163 8754 4582
f 4957 2398 11190
f 4627 543 1092
f 5493 3491 8863
f 4628 1093 544
f 5494 8864 3492
f 8166 2885 4814
f 10902 5414 10898
f 8167 4815 2886
f 10903 10899 5415
f 6218 573 11119
f 2429 7445 7248
f 6219 11120 574
f 2430 7249 7446
f 11435 9153 9151
f 11434 9150 9152
f 10045 7535 7033
f 8512 2966 1661
f 10046 7034 7536
f 8513 1662 2967
f 10978 9668 9664
f 7720 1105 6874
f 10979 9665 9669
f 7721 6875 1106
f 5872 7286 555
f 5237 4195 11921
f 5873 556 7287
f 5238 11922 4196
f 7738 4422 7730
f 7246 7333 9692
f 7739 7731 4423
f 7247 9693 7334
f 7415 4106 7419
f 11945 2606 11111
f 7416 7420 4107
f 11946 11112 2607
f 4512 7970 5390
f 7988 451 2804
f 4513 5391 7971
f 7989 2805 452
f 6238 12225 5350
f 880 1506 3990
f 6239 5351 12226
f 881 3991 1507
f 8412 1026 1113
f 9073 9069 11726
f 8413 1114 1027
f 9074 11727 9070
f 667 10587 4772
f 1094 8170 11394
f 668 4773 10588
f 1095 11395 8171
f 9738 8130 3599
f 455 12327 9352
f 9739 3600 8131
f 456 9353 12328
f 5330 1119 1325
f 3573 12519 5487
f 5331 1326 1120
f 3574 5488 12520
f 6817 10427 5003
f 6816 5002 10426
f 7449 2497 11010
f 2425 3022 6590
f 7450 11011 2498
f 2426 6591 3023
f 1124 6735 563
f 3122 1214 11669
f 1125 564 6736
f 3123 11670 1215
f 1126 9704 7510
f 11310 5587 2698
f 1127 7511 9705
f 11311 2699 5588
f 1128 2238 4412
f 3669 8298 6701
f 1129 4413 2239
f 3670 6702 8299
f 3410 1130 2357
f 8588 12633 12574
f 3411 2358 1131
f 8589 12575 12634
f 1954 5933 421
f 8518 6120 2246
f 1955 422 5934
f 8519 2247 6121
f 9795 10261 4235
f 6921 5181 4111
f 9796 4236 10262
f 6922 4112 5182
f 6643 6651 3892
f 6642 3891 6650
f 4560 12465 7242
f 4930 2545 6110
f 4561 7243 12466
f 4931 6111 2546
f 11824 9356 7498
f 4727 4293 9870
f 11825 7499 9357
f 4728 9871 4294
f 10364 9602 3061
f 11673 3950 1386
f 10365 3062 9603
f 11674 1387 3951
f 8534 2984 575
f 1791 5201 1302
f 8535 576 2985
f 1792 1303 5202
f 8913 2451 6002
f 6398 10147 9536
f 8914 6003 2452
f 6399 9537 10148
f 3020 9862 12477
f 10635 9854 10633
f 3021 12478 9863
f 10636 10634 9855
f 1149 6883 6885
f 9678 10257 2070
f 1150 6886 6884
f 9679 2071 10258
f 9862 3020 7039
f 8029 5366 1294
f 9863 7040 3021
f 8030 1295 5367
f 10009 4629 4982
f 11663 10013 3180
f 10010 4983 4630
f 11664 3181 10014
f 7140 5036 8479
f 7202 7871 9338
f 7141 8480 5037
f 7203 9339 7872
f 2909 11991 945
f 2909 946 11991
f 1158 4368 11955
f 5303 3343 4233
f 1159 11956 4369
f 5304 4234 3344
f 1160 10585 6014
f 12494 5213 6222
f 1161 6015 10586
f 12495 6223 5214
f 4904 7375 4291
f 10753 1158 11955
f 4905 4292 7376
f 10754 11956 1159
f 8769 6658 3028
f 3860 4201 2331
f 8770 3029 6659
f 3861 2332 4202
f 7071 5519 3452
f 8721 1240 5131
f 7072 3453 5520
f 8722 5132 1241
f 7258 7700 10153
f 1780 10249 4617
f 7259 10154 7701
f 1781 4618 10250
f 1170 1422 6707
f 4069 3114 7650
f 1171 6708 1423
f 4070 7651 3115
f 2168 8797 10521
f 3978 5605 6808
f 2169 10522 8798
f 3979 6809 5606
f 1174 6620 4227
f 9971 12063 4932
f 1175 4228 6621
f 9972 4933 12064
f 1176 758 6318
f 10986 9245 2755
f 1177 6319 759
f 10987 2756 9246
f 12138 3817 2947
f 12137 2946 3816
f 7012 12280 7582
f 7011 7581 12279
f 3085 3470 6791
f 3084 6790 3469
f 6096 2214 8901
f 8926 2160 10575
f 6097 8902 2215
f 8927 10576 2161
f 10456 12281 3830
f 12112 11512 8120
f 10457 3831 12282
f 12113 8121 11513
f 5690 3992 11606
f 3689 6068 12135
f 5691 11607 3993
f 3690 12136 6069
f 11042 6741 5412
f 1699 10339 1406
f 11043 5413 6742
f 1700 1407 10340
f 6542 1742 5320
f 2735 1873 8711
f 6543 5321 1743
f 2736 8712 1874
f 1191 7367 7307
f 5765 12082 4158
f 1192 7308 7368
f 5766 4159 12083
f 6322 4041 1412
f 1510 7100 1565
f 6323 1413 4042
f 1511 1566 7101
f 12082 5765 11506
f 10781 7954 5732
f 12083 11507 5766
f 10782 5732 7955
f 1671 3247 10229
f 6600 429 7288
f 1672 10230 3248
f 6601 7289 430
f 2914 11462 4544
f 431 4086 9012
f 2915 4545 11463
f 432 9013 4087
f 7656 3454 1201
f 10486 5810 2704
f 7657 1202 3455
f 10487 2705 5811
f 2024 6052 4490
f 2025 4491 6053
f 8803 956 8245
f 8803 11588 6529
f 8804 8246 957
f 8804 6530 11589
f 2367 7002 1166
f 1208 6895 12171
f 2368 1167 7003
f 1209 12172 6896
f 1206 3002 1728
f 2686 6482 10537
f 1207 1729 3003
f 2687 10538 6483
f 1210 10700 11774
f 3599 9952 3464
f 1211 11775 10701
f 3600 3465 9953
f 352 5656 10904
f 6751 1553 2172
f 353 10905 5657
f 6752 2173 1554
f 10862 6503 2881
f 7459 2250 7327
f 10863 2882 6504
f 7460 7328 2251
f 777 9266 8068
f 3720 6086 1464
f 778 8069 9267
f 3721 1465 6087
f 4476 12237 5138
f 7208 3106 395
f 4477 5139 12238
f 7209 396 3107
f 777 1220 9266
f 11874 9803 8209
f 778 9267 1221
f 11875 8210 9804
f 1313 2479 1222
f 7893 4812 1569
f 1314 1223 2480
f 7894 1570 4813
f 7760 4918 10081
f 4754 5106 2054
f 7761 10082 4919
f 4755 2055 5107
f 3249 6739 1226
f 12459 5662 5830
f 3250 1227 6740
f 12460 5831 5663
f 8972 6144 1137
f 3311 6300 12443
f 8973 1138 6145
f 3312 12444 6301
f 9028 4446 10647
f 4067 3474 4071
f 9029 10648 4447
f 4068 4072 3475
f 1232 11219 6174
f 4430 9989 1917
f 1233 6175 11220
f 4431 1918 9990
f 1234 3689 401
f 9961 3948 2437
f 1235 402 3690
f 9962 2438 3949
f 7124 11560 1236
f 4285 4165 7473
f 7125 1237 11561
f 4286 7474 4166
f 6328 2539 333
f 7883 7423 5965
f 6329 334 2540
f 7884 5966 7424
f 3994 1240 5338
f 4090 5951 1240
f 3995 5339 1241
f 4091 1241 5952
f 8799 1242 333
f 9120 3705 10619
f 8800 334 1243
f 9121 10620 3706
f 473 10311 2324
f 4067 8835 7248
f 474 2325 10312
f 4068 7249 8836
f 537 1246 9239
f 2242 3098 4343
f 538 9240 1247
f 2243 4344 3099
f 11921 4195 1851
f 8184 473 2324
f 11922 1852 4196
f 8185 2325 474
f 2122 854 6944
f 4311 7461 6410
f 2123 6945 855
f 4312 6411 7462
f 6026 8041 8861
f 3747 9207 4100
f 6027 8862 8042
f 3748 4101 9208
f 12179 9455 8626
f 12179 2236 4303
f 12180 8627 9456
f 12180 4304 2237
f 5453 6076 1256
f 773 779 6000
f 5454 1257 6077
f 774 6001 780
f 3653 1258 5645
f 9932 10368 2523
f 3654 5646 1259
f 9933 2524 10369
f 1260 4279 7019
f 10411 11440 3090
f 1261 7020 4280
f 10412 3091 11441
f 1081 4077 8104
f 9768 12263 5020
f 1082 8105 4078
f 9769 5021 12264
f 1264 1258 8667
f 1364 4029 2776
f 1265 8668 1259
f 1365 2777 4030
f 6851 1266 2893
f 9367 5215 11227
f 6852 2894 1267
f 9368 11228 5216
f 1268 1081 8104
f 9010 5856 2287
f 1269 8105 1082
f 9011 2288 5857
f 6198 7895 1132
f 4221 12173 4225
f 6199 1133 7896
f 4222 4226 12174
f 3064 12616 6125
f 3063 6124 12615
f 499 11070 10241
f 3699 6470 1277
f 500 10242 11071
f 3700 1278 6471
f 2843 1275 5641
f 7998 2120 6114
f 2844 5642 1276
f 7999 6115 2121
f 1277 4500 3699
f 7738 1581 4422
f 1278 3700 4501
f 7739 4423 1582
f 5318 5917 1279
f 685 12275 3663
f 5319 1280 5918
f 686 3664 12276
f 5897 10528 1705
f 5896 1704 10527
f 5537 880 4558
f 6870 4305 9087
f 5538 4559 881
f 6871 9088 4306
f 1284 8952 3834
f 1615 1187 9622
f 1285 3835 8953
f 1616 9623 1188
f 9344 10438 2401
f 1039 5957 11213
f 9345 2402 10439
f 1040 11214 5958
f 5617 1593 1288
f 2986 4167 4888
f 5618 1289 1594
f 2987 4889 4168
f 1290 6630 4273
f 1290 2934 6630
f 1291 4274 6631
f 1291 6631 2935
f 1292 6190 2375
f 5627 3633 5157
f 1293 2376 6191
f 5628 5158 3634
f 4273 6630 11915
f 1151 2926 2086
f 4274 11916 6631
f 1152 2087 2927
f 905 10769 5060
f 11408 905 6550
f 906 5061 10770
f 11409 6551 906
f 3229 2944 11026
f 6668 4380 5024
f 3230 11027 2945
f 6669 5025 4381
f 5668 1300 5741
f 7274 3976 10769
f 5669 5742 1301
f 7275 10770 3977
f 6881 3036 5207
f 8136 10095 8132
f 6882 5208 3037
f 8137 8133 10096
f 5583 1111 1304
f 8358 567 9193
f 5584 1305 1112
f 8359 9194 568
f 8544 6950 1496
f 5394 4758 8108
f 8545 1497 6951
f 5395 8109 4759
f 6404 5402 1308
f 1619 410 11302
f 6405 1309 5403
f 1620 11303 411
f 448 7932 374
f 447 374 7932
f 9750 1972 7928
f 6034 5856 8144
f 9751 7929 1973
f 6035 8145 5857
f 406 2479 1313
f 10805 4717 5714
f 407 1314 2480
f 10806 5715 4718
f 6853 1787 8825
f 1376 8889 11060
f 6854 8826 1788
f 1377 11061 8890
f 12425 1841 1069
f 868 10376 7728
f 12426 1070 1842
f 869 7729 10377
f 7539 2108 8542
f 8456 6466 11365
f 7540 8543 2109
f 8457 11366 6467
f 5396 3846 2405
f 2080 2905 4826
f 5397 2406 3847
f 2081 4827 2906
f 6420 1189 2306
f 11054 3030 4958
f 6421 2307 1190
f 11055 4959 3031
f 972 4384 10976
f 4384 7604 10976
f 973 10977 4385
f 4385 10977 7605
f 11233 6682 4349
f 7297 2248 4215
f 11234 4350 6683
f 7298 4216 2249
f 1329 9509 8586
f 677 2096 7226
f 1330 8587 9510
f 678 7227 2097
f 2867 10830 5116
f 4478 978 8454
f 2868 5117 10831
f 4479 8455 979
f 5120 12320 7830
f 5120 7830 12319
f 93 5422 5836
f 325 7406 5547
f 326 5548 7407
f 94 5837 5423
f 3874 10661 5352
f 3476 8400 8316
f 3875 5353 10662
f 3477 8317 8401
f 2148 10165 7041
f 6935 1022 12429
f 2149 7042 10166
f 6936 12430 1023
f 768 10876 7400
f 7972 3923 5328
f 769 7401 10877
f 7973 5329 3924
f 632 1250 3637
f 4816 4536 11832
f 633 3638 1251
f 4817 11833 4537
f 1344 5104 1899
f 5992 3223 12124
f 1345 1900 5105
f 5993 12125 3224
f 6921 9517 1346
f 8444 1346 5850
f 6922 1347 9518
f 8445 5851 1347
f 1348 3659 1893
f 3086 5348 625
f 1349 1894 3660
f 3087 626 5349
f 3565 1350 2413
f 8663 3561 12255
f 3566 2414 1351
f 8664 12256 3562
f 1352 8059 3473
f 1352 3473 8058
f 6072 8598 8264
f 9024 3343 6072
f 6073 8265 8599
f 9025 6073 3344
f 7497 6756 10080
f 7496 10079 6756
f 3952 9016 1356
f 6996 3915 3909
f 3953 1357 9017
f 6997 3910 3916
f 4914 9183 179
f 10716 5513 12560
f 4915 180 9184
f 10717 12561 5514
f 10364 3605 9602
f 8934 2753 10329
f 10365 9603 3606
f 8935 10330 2754
f 6302 1362 3369
f 5382 9950 3870
f 6303 3370 1363
f 5383 3871 9951
f 11943 4029 1364
f 775 5529 11653
f 11944 1365 4030
f 776 11654 5530
f 1547 10177 7843
f 10952 4386 6564
f 1548 7844 10178
f 10953 6565 4387
f 1360 12570 1589
f 1585 4678 2216
f 1361 1590 12571
f 1586 2217 4679
f 12374 2006 4355
f 6078 9501 1331
f 12375 4356 2007
f 6079 1332 9502
f 11746 10912 720
f 4133 1732 10273
f 11747 721 10913
f 4134 10274 1733
f 1374 535 6988
f 6126 2411 5203
f 1375 6989 536
f 6127 5204 2412
f 12229 8699 9475
f 5069 1579 3351
f 12230 9476 8700
f 5070 3352 1580
f 5688 3071 5585
f 10657 5088 2632
f 5689 5586 3072
f 10658 2633 5089
f 194 7282 1380
f 5786 2568 7920
f 195 1381 7283
f 5787 7921 2569
f 9259 8060 4125
f 3448 9364 7413
f 9260 4126 8061
f 3449 7414 9365
f 1384 6180 8440
f 2487 5551 5615
f 1385 8441 6181
f 2488 5616 5552
f 8913 1145 2451
f 3504 2745 10519
f 8914 2452 1146
f 3505 10520 2746
f 6558 4650 1388
f 1096 575 9999
f 6559 1389 4651
f 1097 10000 576
f 12181 8564 4587
f 11806 5915 2930
f 12182 4588 8565
f 11807 2931 5916
f 515 4564 3770
f 1962 2551 393
f 516 3771 4565
f 1963 394 2552
f 5684 11524 10161
f 1033 8751 5648
f 5685 10162 11525
f 1034 5649 8752
f 4684 4486 1396
f 6242 393 2551
f 4685 1397 4487
f 6243 2552 394
f 976 3383 1398
f 4173 6829 5313
f 977 1399 3384
f 4174 5314 6830
f 9772 1400 4591
f 1394 4460 6757
f 9773 4592 1401
f 1395 6758 4461
f 3482 6408 1768
f 5523 8487 903
f 3483 1769 6409
f 5524 904 8488
f 2696 2100 10653
f 1406 1845 1699
f 2697 10654 2101
f 1407 1700 1846
f 5473 2672 3241
f 1404 6382 1544
f 5474 3242 2673
f 1405 1545 6383
f 9528 1408 359
f 9532 9528 3760
f 9529 360 1409
f 9533 3761 9529
f 4950 6336 1410
f 8881 4946 9684
f 4951 1411 6337
f 8882 9685 4947
f 11937 870 6883
f 3235 3446 4015
f 11938 6884 871
f 3236 4016 3447
f 5769 710 12261
f 6084 6080 321
f 5770 12262 711
f 6085 322 6081
f 6276 11900 7913
f 11363 10401 5985
f 6277 7913 11900
f 11364 5986 10402
f 5678 905 6952
f 3285 8420 6707
f 5679 6953 906
f 3286 6708 8421
f 6194 1420 8681
f 9636 1636 2796
f 6195 8682 1421
f 9637 2797 1637
f 4954 11610 10474
f 8086 11790 7901
f 4955 10475 11611
f 8087 7902 11791
f 5732 2363 7955
f 5732 7954 2363
f 3014 4703 1031
f 724 3487 5213
f 3015 1032 4704
f 725 5214 3488
f 3828 5975 8461
f 9034 2178 9764
f 3829 8462 5976
f 9035 9765 2179
f 3810 11708 1429
f 609 12199 2580
f 3811 1430 11709
f 610 2581 12200
f 8904 5204 1868
f 8903 1867 5203
f 5291 9726 12396
f 539 10083 8677
f 5292 12397 9727
f 540 8678 10084
f 2499 5376 1286
f 8002 9648 4082
f 2500 1287 5377
f 8003 4083 9649
f 5769 1414 1436
f 779 3762 5571
f 5770 1437 1415
f 780 5572 3763
f 2258 1438 1930
f 1438 2258 4787
f 2259 1931 1439
f 1439 4788 2259
f 1510 1440 7100
f 10938 6672 2316
f 1511 7101 1441
f 10939 2317 6673
f 754 1706 1442
f 9055 6332 8976
f 755 1443 1707
f 9056 8977 6333
f 9034 8152 2178
f 2664 6478 9519
f 9035 2179 8153
f 2665 9520 6479
f 11584 5996 1446
f 5836 10313 93
f 5837 94 10314
f 11585 1447 5997
f 5545 2397 642
f 8489 7301 513
f 5546 643 2398
f 8490 514 7302
f 8318 9395 4723
f 3028 5519 10559
f 8319 4724 9396
f 3029 10560 5520
f 1452 8520 8944
f 6933 10557 3679
f 1453 8945 8521
f 6934 3680 10558
f 6606 6974 115
f 5062 7911 11602
f 6607 116 6975
f 5063 11603 7912
f 7648 325 2863
f 2863 325 5547
f 2864 5548 326
f 7649 2864 326
f 8239 3303 3251
f 7553 4305 6519
f 8240 3252 3304
f 7554 6520 4306
f 2990 4347 6931
f 1859 4787 7820
f 2991 6932 4348
f 1860 7821 4788
f 3251 11826 4711
f 4707 2636 486
f 3252 4712 11827
f 4708 487 2637
f 7057 4922 11768
f 6802 3842 425
f 7058 11769 4923
f 6803 426 3843
f 3954 1252 7355
f 2092 3233 12445
f 3955 7356 1253
f 2093 12446 3234
f 4181 9042 7047
f 2435 3059 4181
f 4182 7048 9043
f 2436 4182 3060
f 962 8703 7716
f 12114 5878 4688
f 963 7717 8704
f 12115 4689 5879
f 11494 8703 962
f 10279 2513 4237
f 11495 963 8704
f 10280 4238 2514
f 7748 5842 2751
f 7851 10281 2461
f 7749 2752 5843
f 7852 2462 10282
f 4735 9085 5759
f 11404 10397 3301
f 4736 5760 9086
f 11405 3302 10398
f 2576 3057 6064
f 3940 960 7500
f 2577 6065 3058
f 3941 7501 961
f 1480 6088 5722
f 11147 4450 839
f 1481 5723 6089
f 11148 840 4451
f 4554 9203 3080
f 469 3327 2642
f 4555 3081 9204
f 470 2643 3328
f 2122 6944 1484
f 7138 2495 3722
f 2123 1485 6945
f 7139 3723 2496
f 4297 9803 8205
f 2066 5806 5245
f 4298 8206 9804
f 2067 5246 5807
f 5463 3418 8430
f 10197 7189 11217
f 5464 8431 3419
f 10198 11218 7190
f 10065 6800 8875
f 3201 1092 6796
f 10066 8876 6801
f 3202 6797 1093
f 8510 1000 3577
f 5348 9063 1000
f 8511 3578 1001
f 5349 1001 9064
f 9177 1494 5961
f 5249 6861 4609
f 9178 5962 1495
f 5250 4610 6862
f 9375 497 4102
f 497 3476 6236
f 9376 4103 498
f 498 6237 3477
f 4990 7210 1498
f 533 11925 4768
f 4991 1499 7211
f 534 4769 11926
f 10319 646 7529
f 4733 6362 2680
f 10320 7530 647
f 4734 2681 6363
f 7439 3671 12370
f 671 9715 6905
f 7440 12371 3672
f 672 6906 9716
f 5591 1504 4039
f 4043 6721 4434
f 5592 4040 1505
f 4044 4435 6722
f 11655 3792 3544
f 9419 12531 6546
f 11656 3545 3793
f 9420 6547 12532
f 4106 2825 10797
f 11044 8699 4725
f 4107 10798 2826
f 11045 4726 8700
f 6604 7379 5430
f 628 4249 11428
f 6605 5431 7380
f 629 11429 4250
f 619 4005 8416
f 3444 493 3448
f 620 8417 4006
f 3445 3449 494
f 1327 2365 6743
f 6476 10928 11006
f 1328 6744 2366
f 6477 11007 10929
f 9775 6250 2954
f 3960 7284 691
f 9776 2955 6251
f 3961 692 7285
f 8052 1841 1518
f 11280 8681 1420
f 8053 1519 1842
f 11281 1421 8682
f 4984 651 1520
f 3878 7640 9320
f 4985 1521 652
f 3879 9321 7641
f 8877 9534 1522
f 9809 9805 8924
f 8878 1523 9535
f 9810 8925 9806
f 10777 1524 2058
f 4585 9268 2737
f 10778 2059 1525
f 4586 2738 9269
f 1526 587 11518
f 9874 1292 4209
f 1527 11519 588
f 9875 4210 1293
f 3506 2012 852
f 7982 4241 7984
f 3507 853 2013
f 7983 7985 4242
f 9075 4644 5364
f 9264 6142 4303
f 9076 5365 4645
f 9265 4304 6143
f 6384 8795 623
f 6825 8791 5040
f 6385 624 8796
f 6826 5041 8792
f 7156 1384 8440
f 11508 8731 11504
f 7157 8441 1385
f 11509 11505 8732
f 11304 8458 2078
f 5816 663 2632
f 11305 2079 8459
f 5817 2633 664
f 11832 4536 8548
f 5134 3321 8094
f 11833 8549 4537
f 5135 8095 3322
f 9550 2068 7288
f 8693 3617 11032
f 9551 7289 2069
f 8694 11033 3618
f 8526 2413 1350
f 9437 3516 501
f 8527 1351 2414
f 9438 502 3517
f 5684 1404 1544
f 2477 8841 788
f 5685 1545 1405
f 2478 789 8842
f 11926 4769 1898
f 11925 1897 4768
f 5110 3428 11030
f 4524 2489 6872
f 5111 11031 3429
f 4525 6873 2490
f 2443 5963 8530
f 7526 12126 7776
f 2444 8531 5964
f 7526 7777 12126
f 2465 5541 6592
f 7492 12157 1980
f 2466 6593 5542
f 7493 1981 12158
f 1212 4337 9272
f 8869 4337 1212
f 1213 9273 4338
f 8870 1213 4338
f 2176 1555 6794
f 6046 882 408
f 2177 6795 1556
f 6047 409 883
f 4699 6715 6711
f 825 6240 12187
f 4700 6712 6716
f 826 12188 6241
f 1559 10191 11818
f 4464 10157 9002
f 1560 11819 10192
f 4465 9003 10158
f 4658 943 9762
f 4942 8334 3722
f 4659 9763 944
f 4943 3723 8335
f 7518 1077 6572
f 4257 3685 10037
f 7519 6573 1078
f 4258 10038 3686
f 466 6322 11933
f 5424 4432 12165
f 467 11934 6323
f 5425 12166 4433
f 5475 7678 9902
f 1577 8506 5931
f 5476 9903 7679
f 1578 5932 8507
f 8663 4185 4183
f 6810 10430 7794
f 8664 4184 4186
f 6811 7795 10431
f 12265 10607 1575
f 9902 7678 7313
f 12266 1576 10608
f 9903 7314 7679
f 1573 6446 2204
f 1506 8887 12433
f 1574 2205 6447
f 1507 12434 8888
f 7214 5340 1575
f 11766 8438 10702
f 7215 1576 5341
f 11767 10703 8439
f 9991 9997 9995
f 1575 10702 7214
f 9992 9996 9998
f 1576 7215 10703
f 11629 545 2046
f 4502 6927 4023
f 11630 2047 546
f 4503 4024 6928
f 3551 1581 6507
f 10059 7069 10826
f 3552 6508 1582
f 10060 10827 7070
f 10243 1583 5326
f 5217 9754 7891
f 10244 5327 1584
f 5218 7892 9755
f 9598 3051 7309
f 8450 4562 6302
f 9599 7310 3052
f 8451 6303 4563
f 1587 10926 12479
f 3655 3691 5967
f 1588 12480 10927
f 3656 5968 3692
f 4516 9237 1368
f 12307 9950 5382
f 4517 1369 9238
f 12308 5383 9951
f 2889 1591 6370
f 5080 8257 8390
f 2890 6371 1592
f 5081 8391 8258
f 8384 4167 2986
f 7122 1596 872
f 8385 2987 4168
f 7123 873 1597
f 11561 11626 5147
f 11560 5146 11625
f 3069 1596 7122
f 5273 9067 2202
f 3070 7123 1597
f 5274 2203 9068
f 345 7502 5420
f 912 10450 2559
f 346 5421 7503
f 913 2560 10451
f 5463 8430 9886
f 10858 7636 3339
f 5464 9887 8431
f 10859 3340 7637
f 10097 509 9783
f 345 4856 7502
f 10098 9784 510
f 346 7503 4857
f 3377 7845 7043
f 7750 8088 361
f 3378 7044 7846
f 7751 362 8089
f 894 9568 3936
f 4125 3041 6012
f 895 3937 9569
f 4126 6013 3042
f 5462 7200 4144
f 5461 4143 7199
f 12402 10846 12607
f 11163 6314 773
f 12403 12608 10847
f 11164 774 6315
f 6164 12515 5404
f 7770 8534 5404
f 6165 5405 12516
f 7771 5405 8535
f 6525 3076 1861
f 8958 3534 6773
f 6526 1862 3077
f 8959 6774 3535
f 5467 11020 10828
f 7112 1758 7736
f 5468 10829 11021
f 7113 7737 1759
f 5495 10757 1482
f 509 10097 11852
f 5496 1483 10758
f 510 11853 10098
f 1055 5191 5056
f 2547 10482 2060
f 1056 5057 5192
f 2548 2061 10483
f 10539 3028 6658
f 10908 475 8725
f 10540 6659 3029
f 10909 8726 476
f 2710 12357 8369
f 2710 9087 12357
f 2711 8370 12358
f 2711 12358 9088
f 5334 1780 4617
f 8592 8508 1783
f 5335 4618 1781
f 8593 1784 8509
f 8190 683 6648
f 4878 10523 5603
f 8191 6649 684
f 4879 5604 10524
f 1629 8590 6416
f 6876 6812 4177
f 1630 6417 8591
f 6877 4178 6813
f 7608 5078 5082
f 927 7612 3820
f 7609 5083 5079
f 928 3821 7613
f 2283 1633 4123
f 11784 10109 1613
f 2284 4124 1634
f 11785 1614 10110
f 8898 3547 5079
f 8897 5078 3546
f 1636 6418 3032
f 4145 9110 980
f 1637 3033 6419
f 4146 981 9111
f 6325 6327 11162
f 6324 11161 6326
f 9229 4642 8771
f 6220 7968 1643
f 9230 8772 4643
f 6221 1644 7969
f 7369 10593 505
f 1830 8290 11995
f 7370 506 10594
f 1831 11996 8291
f 1643 7968 5374
f 2928 8497 3347
f 1644 5375 7969
f 2929 3348 8498
f 11149 1645 7887
f 1425 11125 4703
f 11150 7888 1646
f 1426 4704 11126
f 2224 2299 7457
f 7004 11866 2978
f 2225 7458 2300
f 7005 2979 11867
f 12035 8473 8390
f 4922 7658 2471
f 12036 8391 8474
f 4923 2472 7659
f 3903 6829 4173
f 3416 11903 6897
f 3904 4174 6830
f 3417 6898 11904
f 3193 8010 11357
f 5261 2936 7290
f 3194 11358 8011
f 5262 7291 2937
f 1655 1606 6376
f 2910 11460 8741
f 1656 6377 1607
f 2911 8742 11461
f 1901 3695 8938
f 5539 2713 6695
f 1902 8939 3696
f 5540 6696 2714
f 415 12329 10930
f 11800 6582 5046
f 416 10931 12330
f 11801 5047 6583
f 1661 673 5864
f 11738 790 673
f 1662 5865 674
f 11739 674 791
f 2351 6775 9189
f 4054 4367 2351
f 2352 9190 6776
f 4054 2352 4367
f 1665 9467 7587
f 4676 3966 2618
f 1666 7588 9468
f 4677 2619 3967
f 8404 1667 10261
f 11089 1366 6352
f 8405 10262 1668
f 11090 6353 1367
f 6098 3281 786
f 384 4121 1756
f 6099 787 3282
f 385 1757 4122
f 2068 12120 6723
f 4739 3269 6727
f 2069 6724 12121
f 4740 6728 3270
f 2962 3361 8911
f 1673 11117 9791
f 2963 8912 3362
f 1674 9792 11118
f 6380 8259 1675
f 3956 2604 10838
f 6381 1676 8260
f 3957 10839 2605
f 650 5068 6426
f 650 6427 5068
f 2604 9852 10478
f 7479 1061 2735
f 2605 10479 9853
f 7480 2736 1062
f 7684 5710 659
f 8990 9670 6701
f 7685 660 5711
f 8991 6702 9671
f 6342 5567 10478
f 2445 11103 1061
f 6343 10479 5568
f 2446 1062 11104
f 1684 7792 6542
f 1998 6542 5320
f 1685 6543 7793
f 1999 5321 6543
f 3446 4430 10434
f 7140 8479 4492
f 3447 10435 4431
f 7141 4493 8480
f 5742 5669 4849
f 5741 4848 5668
f 3739 5947 4864
f 2487 5615 4662
f 3740 4865 5948
f 2488 4663 5616
f 1688 7841 1691
f 10490 4926 5757
f 1688 1692 7842
f 10491 5758 4927
f 11195 1766 1693
f 3379 2666 1689
f 11196 1694 1767
f 3380 1690 2667
f 12509 5175 5531
f 4110 3075 11270
f 12510 5532 5176
f 4110 11271 3075
f 1697 964 5084
f 3491 8922 10285
f 1698 5085 965
f 3492 10286 8923
f 1699 5609 10339
f 11818 2322 4591
f 1700 10340 5610
f 11819 4592 2323
f 5363 6943 4397
f 5362 4396 6942
f 1702 6978 2887
f 11655 5032 6978
f 1703 2888 6979
f 11656 6979 5033
f 11237 8076 2391
f 11153 5346 4542
f 11238 2392 8077
f 11154 4543 5347
f 7268 9362 6634
f 7191 770 6638
f 7269 6635 9363
f 7192 6639 771
f 1714 3389 4766
f 4301 8501 11237
f 1715 4767 3389
f 4302 11238 8501
f 6224 1710 12481
f 630 3474 6224
f 6225 12482 1711
f 631 6225 3475
f 1895 5016 8308
f 7887 4156 10900
f 1896 8309 5017
f 7888 10901 4157
f 11243 3389 1714
f 6646 3970 9574
f 11243 1715 3389
f 6647 9575 3971
f 12255 3561 11022
f 11022 5747 12255
f 12256 11023 3562
f 11023 12256 5748
f 3199 3287 12550
f 7952 10067 6310
f 3200 12551 3288
f 7953 6311 10068
f 4353 1615 4357
f 5315 1284 6492
f 4354 4358 1616
f 5316 6493 1285
f 1722 1720 10573
f 11868 7676 1722
f 1723 10574 1721
f 11869 1723 7677
f 7218 6482 9018
f 1033 5648 11520
f 7219 9019 6483
f 1034 11521 5649
f 12015 2833 1726
f 4321 11647 9421
f 12016 1727 2834
f 4322 9422 11648
f 7002 9760 1166
f 3452 3583 7071
f 7003 1167 9761
f 3453 7072 3584
f 6612 7092 1730
f 7096 4633 6612
f 6613 1731 7093
f 7097 6613 4634
f 11746 720 6354
f 10123 4715 1540
f 11747 6355 721
f 10124 1541 4716
f 4135 479 9821
f 5601 9840 9219
f 4136 9822 480
f 5602 9220 9841
f 1736 1372 4139
f 5698 1298 1372
f 1737 4140 1373
f 5699 1373 1299
f 11054 7595 3030
f 9215 4844 11760
f 11055 3031 7596
f 9216 11761 4845
f 1480 11716 6088
f 805 1197 12382
f 1481 6089 11717
f 806 12383 1198
f 2982 9079 11369
f 8711 12291 7881
f 2983 11370 9080
f 8712 7882 12292
f 12055 8504 1744
f 8504 12023 2946
f 12056 1745 8505
f 8505 2947 12024
f 9880 9876 3039
f 12094 10599 2200
f 9881 3040 9877
f 12095 2201 10600
f 3491 408 6818
f 4799 2453 3804
f 3492 6819 409
f 4800 3805 2454
f 12159 1750 10639
f 2040 6208 9503
f 12160 10640 1751
f 2041 9504 6209
f 1752 8316 9175
f 9050 9053 3579
f 1753 9176 8317
f 9051 3580 9054
f 1722 3726 11864
f 4353 2272 1615
f 1723 11865 3727
f 4354 1616 2273
f 1756 4781 384
f 6584 2517 11594
f 1757 385 4782
f 6585 11595 2518
f 3502 7736 1758
f 1754 2272 4353
f 3503 1759 7737
f 1755 4354 2273
f 2660 1760 2431
f 7471 12149 7630
f 2661 2432 1761
f 7472 7631 12150
f 1498 748 1762
f 3012 2150 3741
f 1499 1763 749
f 3013 3742 2151
f 1764 4082 5140
f 5706 7417 5797
f 1765 5141 4083
f 5707 5798 7418
f 11696 8644 3701
f 11696 3701 2658
f 11697 3702 8645
f 11697 2659 3702
f 5898 2328 1768
f 8630 483 2353
f 5899 1769 2328
f 8631 2354 483
f 1766 11195 1770
f 3701 5358 2658
f 1767 1771 11196
f 3702 2659 5359
f 12076 3681 6172
f 3014 1571 5611
f 12077 6173 3682
f 3015 5612 1572
f 12165 583 8249
f 9628 3245 3438
f 12166 8250 584
f 9629 3439 3246
f 7849 1502 11690
f 5652 11945 5342
f 7850 11691 1503
f 5653 5343 11946
f 2427 5664 7614
f 4816 6458 6462
f 2428 7615 5665
f 4817 6463 6459
f 5334 4163 1780
f 6108 7914 12092
f 5335 1781 4164
f 6109 12093 7915
f 4212 753 6879
f 4211 6878 752
f 9590 541 10555
f 8020 541 9590
f 9591 10556 542
f 8021 9591 542
f 349 9366 4664
f 6725 11842 3383
f 349 4665 9366
f 6726 3384 11843
f 8825 5499 4402
f 898 10127 1508
f 8826 4403 5500
f 899 1509 10128
f 1785 1789 3844
f 4668 6725 9546
f 1786 3845 1790
f 4669 9547 6726
f 5201 1791 1143
f 8769 1791 6658
f 5202 1144 1792
f 8770 6659 1792
f 1793 1176 503
f 6540 2180 9552
f 1794 504 1177
f 6541 9553 2181
f 5808 10801 8978
f 4400 12603 12535
f 5809 8979 10802
f 4401 12536 12604
f 6017 5524 5600
f 6016 5599 5523
f 11500 3895 9253
f 9793 1919 3899
f 11501 9254 3896
f 9794 3900 1920
f 1484 10005 1800
f 10005 7786 11346
f 1485 1801 10006
f 10006 11347 7787
f 1802 7080 2557
f 3434 841 7082
f 1803 2558 7081
f 3435 7083 842
f 3387 4025 1041
f 11097 7541 5860
f 3388 1042 4026
f 11098 5861 7542
f 1806 1802 823
f 5392 5388 910
f 1807 824 1803
f 5393 911 5389
f 7802 4866 8090
f 11564 5332 7686
f 7803 8091 4867
f 11565 7687 5333
f 9930 4872 8338
f 8469 9626 9926
f 9931 8339 4873
f 8470 9927 9627
f 11941 521 6132
f 7859 2437 521
f 11942 6133 522
f 7860 522 2438
f 9882 4239 6968
f 11446 3629 5189
f 9883 6969 4240
f 11447 5190 3630
f 5163 5167 982
f 8683 9032 1006
f 5164 983 5168
f 8684 1007 9033
f 2248 275 10577
f 275 2630 7345
f 2249 10578 276
f 276 7346 2631
f 2958 1820 4595
f 1338 9600 3184
f 2959 4596 1821
f 1339 3185 9601
f 8463 12394 11456
f 6733 8402 6292
f 8464 11457 12395
f 6734 6293 8403
f 530 1966 11822
f 6068 6692 3219
f 531 11823 1967
f 6069 3220 6693
f 4540 5553 1826
f 10135 5702 11183
f 4541 1827 5554
f 10136 11184 5703
f 1988 11298 3508
f 4161 12414 2950
f 1989 3509 11299
f 4162 2951 12415
f 10209 9387 8483
f 8483 9387 4623
f 10210 8484 9388
f 8484 4624 9388
f 10035 1832 591
f 591 7573 9644
f 10036 592 1833
f 592 9645 7574
f 1834 2244 7441
f 12047 4607 4636
f 1835 7442 2245
f 12048 4637 4608
f 1836 8010 3193
f 12473 5782 4801
f 1837 3194 8011
f 12474 4802 5783
f 7018 2143 6245
f 7017 6244 2142
f 4061 1410 11734
f 9036 11248 6432
f 4062 11735 1411
f 9037 6433 11249
f 1841 12425 3974
f 4744 4510 862
f 1842 3975 12426
f 4745 863 4511
f 6272 9110 1843
f 5983 8538 8225
f 6273 1844 9111
f 5984 8226 8539
f 9866 9650 5763
f 6157 11546 8514
f 9867 5764 9651
f 6158 8515 11547
f 11312 1847 3758
f 257 9306 5094
f 11313 3759 1848
f 258 5095 9307
f 11786 4599 12333
f 6984 9124 3387
f 11787 12334 4600
f 6985 3388 9125
f 738 7600 3732
f 6164 3732 12515
f 739 3733 7601
f 6165 12516 3733
f 7828 10201 11199
f 9118 4011 5008
f 7829 11200 10202
f 9119 5009 4012
f 2692 3677 10710
f 7335 8540 11107
f 2693 10711 3678
f 7336 11108 8541
f 10541 2580 1857
f 1857 8245 1204
f 10542 1858 2581
f 1858 1205 8246
f 1855 7164 4836
f 7577 4019 1855
f 1856 4837 7165
f 7578 1856 4020
f 1613 9134 8907
f 5505 6494 495
f 1614 8908 9135
f 5506 496 6495
f 9288 1863 1002
f 1718 4084 5929
f 9289 1003 1864
f 1719 5930 4085
f 5324 6980 1865
f 1018 1830 5299
f 5325 1866 6981
f 1019 5300 1831
f 6566 6893 9811
f 645 5123 12118
f 6567 9812 6894
f 645 12119 5123
f 651 5876 11706
f 9602 3359 3061
f 652 11707 5877
f 9603 3062 3360
f 12655 6022 3927
f 9156 10689 11496
f 12656 3928 6023
f 9157 11497 10690
f 12291 8711 1873
f 9312 9479 1065
f 12292 1874 8712
f 9313 1066 9480
f 5165 1818 6713
f 6823 2535 10207
f 5166 6714 1819
f 6824 10208 2536
f 12209 1877 8899
f 440 2770 4440
f 12210 8900 1878
f 441 4441 2771
f 3341 4345 2907
f 5052 4094 11782
f 3342 2908 4346
f 5053 11783 4095
f 7700 1625 431
f 9012 7700 431
f 7701 432 1626
f 9013 432 7701
f 9385 3088 1883
f 2806 5559 1932
f 9386 1884 3089
f 2807 1933 5560
f 8855 941 3456
f 3960 5187 2457
f 8856 3457 942
f 3961 2458 5188
f 8134 1887 3589
f 488 3972 9059
f 8135 3590 1888
f 489 9060 3973
f 10271 8182 8178
f 796 1516 8178
f 10272 8179 8183
f 797 8179 1517
f 10966 4621 1891
f 11376 3573 5487
f 10967 1892 4622
f 11377 5488 3574
f 3659 12511 1893
f 6646 9574 6642
f 3660 1894 12512
f 6647 6643 9575
f 5297 5293 8320
f 8080 2419 1063
f 5298 8321 5294
f 8081 1064 2420
f 1546 1028 6298
f 1028 7865 6298
f 1546 6299 1028
f 1028 6299 7866
f 12071 5279 5989
f 628 5275 4249
f 12072 5990 5280
f 629 4250 5276
f 1901 8938 6230
f 6234 4404 8072
f 1902 6231 8939
f 6235 8073 4405
f 12339 992 8560
f 4832 3499 1355
f 12339 8561 992
f 4833 1355 3499
f 9040 8408 1905
f 6182 9106 6186
f 9041 1906 8409
f 6183 6187 9107
f 5199 12576 5195
f 5961 1494 3471
f 5200 5196 12577
f 5962 3472 1495
f 7250 2503 1909
f 7250 10956 3325
f 7251 1910 2504
f 7251 3326 10957
f 5933 9481 4462
f 1132 7895 6468
f 5934 4463 9482
f 1133 6469 7896
f 3673 2570 598
f 3703 5071 950
f 3674 599 2571
f 3704 951 5072
f 10073 3450 1915
f 8172 2447 5336
f 10074 1916 3451
f 8173 5337 2448
f 4430 1917 10434
f 10430 3942 7794
f 4431 10435 1918
f 10431 7795 3943
f 9793 4287 1919
f 6827 8172 5336
f 9794 1920 4288
f 6828 5337 8173
f 11529 5484 5458
f 11528 5457 5483
f 5271 11590 2596
f 9435 4822 2938
f 5272 2597 11591
f 9436 2939 4823
f 2592 6082 11963
f 6082 8622 11963
f 2593 11964 6083
f 6083 11964 8623
f 6662 11905 12313
f 4365 7790 602
f 6663 12314 11906
f 4366 603 7791
f 3178 10681 10677
f 8031 5370 4898
f 3179 10678 10682
f 8032 4899 5371
f 3267 12219 222
f 8817 6204 12219
f 3268 223 12220
f 8818 12220 6205
f 5559 1358 1932
f 4359 5134 8094
f 5560 1933 1359
f 4360 8095 5135
f 6576 1934 10277
f 6202 3149 10615
f 6577 10278 1935
f 6203 10616 3150
f 1980 1936 5541
f 11590 6527 2596
f 1981 5542 1937
f 11591 2597 6528
f 8388 11903 3416
f 10405 8849 3824
f 8389 3417 11904
f 10406 3825 8850
f 9367 1940 5215
f 7885 5844 1254
f 9368 5216 1941
f 7886 1255 5845
f 5953 391 1948
f 12445 3233 2715
f 5954 1949 392
f 12446 2716 3234
f 5621 1944 11657
f 11653 11661 4108
f 5622 11658 1945
f 11654 4109 11662
f 1178 4778 1946
f 5943 740 6790
f 1178 1947 4778
f 5944 6791 741
f 1948 391 718
f 3315 6960 7909
f 1949 719 392
f 3316 7910 6961
f 5380 5161 9825
f 2768 9071 5073
f 5381 9826 5162
f 2769 5074 9072
f 1942 5919 4690
f 4972 9530 12475
f 1943 4691 5920
f 4973 12476 9531
f 9698 1954 421
f 7843 4386 7839
f 9699 422 1955
f 7844 7840 4387
f 10349 2612 447
f 9235 3209 1160
f 10350 448 2613
f 9236 1161 3210
f 7361 1958 848
f 866 8360 6140
f 7362 849 1959
f 867 6141 8361
f 4809 9809 8924
f 9419 8924 12531
f 4810 8925 9810
f 9420 12532 8925
f 3770 12325 515
f 2112 5305 9179
f 3771 516 12326
f 2113 9180 5306
f 9286 2090 1964
f 9278 661 2387
f 9287 1965 2091
f 9279 2388 662
f 12542 4063 8253
f 6863 7224 6814
f 12543 8254 4064
f 6863 6815 7225
f 1968 12378 3536
f 11448 2992 9789
f 1969 3537 12379
f 11449 9790 2993
f 4660 7804 1970
f 12435 4450 11147
f 4661 1971 7805
f 12436 11148 4451
f 5366 5621 9493
f 5639 2926 1151
f 5367 9494 5622
f 5640 1152 2927
f 1974 4396 5362
f 6676 455 9352
f 1975 5363 4397
f 6677 9353 456
f 8330 1976 4894
f 7563 7859 10791
f 8331 4895 1977
f 7564 10792 7860
f 12527 1978 9164
f 8274 11093 12527
f 12528 9165 1979
f 8275 12528 11094
f 2465 1980 5541
f 5034 4974 12623
f 2466 5542 1981
f 5035 12624 4975
f 10343 6134 5356
f 10486 2704 6940
f 10344 5357 6135
f 10487 6941 2705
f 1984 6450 6454
f 3231 1252 4795
f 1985 6455 6451
f 3232 4796 1253
f 1315 1986 5710
f 1376 11060 4498
f 1316 5711 1987
f 1377 4499 11061
f 3508 4418 4414
f 8485 6428 11617
f 3509 4415 4419
f 8486 11618 6429
f 1990 2048 2875
f 10834 4868 10781
f 1991 2876 2049
f 10835 10782 4869
f 5519 1992 10559
f 2871 1450 1992
f 5520 10560 1993
f 2872 1993 1451
f 7254 2094 1994
f 11209 5471 10639
f 7255 1995 2095
f 11210 10640 5472
f 1996 3493 4315
f 1847 10111 2264
f 1997 4316 3494
f 1848 2265 10112
f 1998 1684 6542
f 1675 2106 6380
f 1999 6543 1685
f 1676 6381 2107
f 6172 3681 6176
f 3365 7214 9995
f 6173 6177 3682
f 3366 9996 7215
f 1126 2010 2702
f 2702 7589 12404
f 1127 2703 2011
f 2703 12405 7590
f 9954 3329 11927
f 1950 11927 459
f 9955 11928 3330
f 1951 460 11928
f 2006 9061 8436
f 6078 1331 2006
f 2007 8437 9062
f 6079 2007 1332
f 2008 8493 4388
f 5828 11068 2794
f 2009 4389 8494
f 5829 2795 11069
f 1126 7510 2010
f 4325 1456 3213
f 1127 2011 7511
f 4326 3214 1457
f 7982 6825 4241
f 2439 1528 4828
f 7983 4242 6826
f 2440 4829 1529
f 2014 8344 1871
f 3796 2369 3426
f 2015 1872 8345
f 3797 3427 2370
f 251 6823 10207
f 10089 2333 5489
f 252 10208 6824
f 10090 5490 2334
f 3464 9352 7120
f 10023 1117 8885
f 3465 7121 9353
f 10024 8886 1118
f 7939 2020 7935
f 3655 1587 12479
f 7940 7936 2021
f 3656 12480 1588
f 8288 11223 903
f 8990 2952 7684
f 8289 904 11224
f 8991 7685 2953
f 2024 4490 12227
f 10490 8266 4926
f 2025 12228 4491
f 10491 4927 8267
f 10169 2026 8100
f 11608 4251 8100
f 10170 8101 2027
f 11609 8101 4252
f 6870 2028 1623
f 8471 12283 4789
f 6871 1624 2029
f 8472 4790 12284
f 8713 3059 9694
f 10417 8928 5455
f 8714 9695 3060
f 10418 5456 8929
f 1016 2032 12653
f 11606 3992 8229
f 1017 12654 2033
f 11607 8230 3993
f 10727 2034 2780
f 255 7031 5909
f 10728 2781 2035
f 256 5910 7032
f 12069 3901 8671
f 3440 4760 5790
f 12070 8672 3902
f 3441 5791 4761
f 8556 1029 4187
f 10039 1128 4048
f 8557 4188 1030
f 10040 4049 1129
f 5197 11139 12337
f 990 6196 7720
f 5198 12338 11140
f 991 7721 6197
f 589 3931 375
f 3063 12619 11898
f 590 376 3932
f 3064 11899 12620
f 800 5120 3102
f 1990 11812 2048
f 801 3103 5120
f 1991 2049 11813
f 9934 9328 2046
f 12001 2046 10051
f 9935 2047 9329
f 12002 10052 2047
f 6262 10862 5682
f 8219 3102 7325
f 6263 5683 10863
f 8220 7326 3103
f 7292 1695 2050
f 11121 12090 3808
f 7292 2051 1696
f 11122 3809 12091
f 6562 689 7106
f 4075 7130 4758
f 6563 7107 690
f 4076 4759 7131
f 7978 4638 3966
f 10081 4918 10954
f 7979 3967 4639
f 10082 10955 4919
f 9904 4131 2102
f 2359 4912 10635
f 9905 2103 4132
f 2360 10636 4913
f 2058 1524 5269
f 9620 4982 4629
f 2059 5270 1525
f 9621 4630 4983
f 811 2547 2060
f 5774 7642 9534
f 812 2061 2548
f 5775 9535 7643
f 5801 3293 2062
f 11804 10087 1218
f 5802 2063 3294
f 11805 1219 10088
f 8160 5994 2064
f 2980 2214 3613
f 8161 2065 5995
f 2981 3614 2215
f 6364 5249 4609
f 5235 10428 9413
f 6365 4610 5250
f 5236 9414 10429
f 1540 5322 11032
f 5322 2064 7796
f 1541 11033 5323
f 5323 7797 2065
f 8669 9678 2070
f 7996 8665 10149
f 8670 2071 9679
f 7997 10150 8666
f 4818 11448 8278
f 3536 12378 6513
f 4819 8279 11449
f 3537 6514 12379
f 3946 9594 2170
f 4444 6348 756
f 3947 2171 9595
f 4445 757 6349
f 2076 6564 929
f 8701 2072 4275
f 2077 930 6565
f 8702 4276 2073
f 4426 919 7593
f 3788 9138 11754
f 4427 7594 920
f 3789 11755 9139
f 11808 1321 6344
f 2982 1321 9079
f 11809 6345 1322
f 2983 9080 1322
f 10583 11004 3832
f 3635 921 8522
f 10584 3833 11005
f 3636 8523 922
f 2084 5755 10131
f 3946 2170 7762
f 2085 10132 5756
f 3947 7763 2171
f 9932 11939 4428
f 1258 7545 5645
f 9933 4429 11940
f 1259 5646 7546
f 8536 5195 2088
f 7228 2970 10083
f 8537 2089 5196
f 7229 10084 2971
f 4504 8203 3497
f 4386 1270 6968
f 4505 3498 8204
f 4387 6969 1271
f 10366 11159 11919
f 9083 6330 9059
f 10367 11920 11160
f 9084 9060 6331
f 2094 5471 11209
f 5475 9902 7395
f 2095 11210 5472
f 5476 7396 9903
f 5428 9036 6432
f 10523 764 3124
f 5429 6433 9037
f 10524 3125 765
f 4860 5953 2098
f 1119 4380 8394
f 4861 2099 5954
f 1120 8395 4381
f 6889 10653 2100
f 4169 481 4693
f 6890 2101 10654
f 4170 4694 482
f 8934 10329 2102
f 3051 6472 7309
f 8935 2103 10330
f 3052 7310 6473
f 8070 3247 8465
f 1702 2887 417
f 8071 8466 3248
f 1703 418 2888
f 2106 12096 10988
f 6380 2106 7537
f 2107 10989 12097
f 6381 7538 2107
f 2108 12572 3872
f 7879 12572 7551
f 2109 3873 12573
f 7880 7552 12573
f 1067 5396 2110
f 3802 9674 7222
f 1068 2111 5397
f 3803 7223 9675
f 2112 2932 10069
f 9441 6859 10069
f 2113 10070 2933
f 9442 10070 6860
f 8574 12059 9993
f 3273 11776 2212
f 8575 9994 12060
f 3274 2213 11777
f 986 2948 2116
f 7260 7404 6532
f 987 2117 2949
f 7261 6533 7405
f 6954 1090 8162
f 355 7634 4646
f 6955 8163 1091
f 356 4647 7635
f 7035 11544 10783
f 5469 9590 4494
f 7036 10784 11545
f 5470 4495 9591
f 9676 6580 12027
f 11024 7138 11131
f 9677 12028 6581
f 11025 11132 7139
f 3478 4787 8304
f 2285 295 5227
f 3479 8305 4788
f 2286 5228 296
f 2126 617 4874
f 423 4760 3440
f 2127 4875 618
f 424 3441 4761
f 11992 9896 9489
f 3355 9896 11992
f 11993 9490 9897
f 3356 11993 9897
f 8096 9495 5398
f 4697 8475 9495
f 8097 5399 9496
f 4698 9496 8476
f 2954 419 2837
f 419 10341 7419
f 2955 2838 420
f 420 7420 10342
f 7956 1960 2134
f 6238 7696 12225
f 7957 2135 1961
f 6239 12226 7697
f 10771 6636 8261
f 9638 5949 3846
f 10772 8262 6637
f 9639 3847 5950
f 1047 5803 5289
f 12061 8697 9640
f 1047 5290 5803
f 12062 9641 8698
f 1448 7301 2140
f 5866 5814 11378
f 1449 2141 7302
f 5867 11379 5815
f 2142 10107 7017
f 3882 3998 7484
f 2143 7018 10108
f 3883 7485 3998
f 4376 7329 2144
f 10456 3830 7077
f 4377 2145 7330
f 10457 7078 3831
f 2146 4084 1718
f 2713 6976 9377
f 2147 1719 4085
f 2714 9378 6977
f 1861 442 5505
f 7632 1861 5505
f 1862 5506 443
f 7633 5506 1862
f 10581 748 3514
f 9288 6899 1863
f 10582 3515 749
f 9289 1864 6900
f 9445 1137 553
f 4934 10531 3856
f 9446 554 1138
f 4935 3857 10532
f 8386 2154 607
f 10974 8871 543
f 8387 608 2155
f 10975 544 8872
f 8568 4514 2156
f 10502 4514 2883
f 8569 2157 4515
f 10503 2884 4515
f 6282 7622 4852
f 6214 12621 7518
f 6283 4853 7623
f 6215 7519 12622
f 2160 557 4277
f 2158 4017 9314
f 2161 4278 558
f 2159 9315 4018
f 7212 12199 609
f 4772 10587 7371
f 7213 610 12200
f 4773 7372 10588
f 2164 7769 6815
f 2164 6814 7768
f 596 858 10785
f 6178 12029 3390
f 597 10786 859
f 6179 3391 12030
f 4738 2167 11245
f 4737 11244 2167
f 6719 2168 3978
f 3978 2168 5605
f 6720 3979 2169
f 3979 5606 2169
f 2170 1323 7762
f 11265 8783 6761
f 2171 7763 1324
f 11266 6762 8784
f 11953 3933 7873
f 5277 1037 1224
f 11954 7874 3934
f 5278 1225 1038
f 4335 11352 5054
f 772 803 10878
f 4336 5055 11352
f 772 10879 804
f 6046 2176 882
f 11155 10892 8424
f 6047 883 2177
f 11156 8425 10893
f 9764 11414 1427
f 11414 2541 9724
f 9765 1428 11415
f 11415 9725 2542
f 8245 4656 10545
f 9020 11858 5892
f 8246 10546 4657
f 9021 5893 11859
f 4569 12043 2182
f 6538 9334 5311
f 4570 2183 12044
f 6539 5312 9335
f 4410 8084 2640
f 10390 10980 7187
f 4411 2641 8085
f 10391 7188 10981
f 819 3186 2186
f 6956 5818 1024
f 820 2187 3186
f 6957 1025 5819
f 2188 3532 12211
f 12209 4900 1877
f 2189 12212 3533
f 12210 1878 4901
f 8590 6812 11878
f 604 3532 2188
f 8591 11879 6813
f 605 2189 3533
f 3603 2192 6845
f 4424 4255 12080
f 3604 6846 2193
f 4425 12081 4256
f 2194 11255 4548
f 6206 3420 6717
f 2195 4549 11256
f 6207 6718 3421
f 9354 2196 7408
f 2196 7794 6903
f 9355 7409 2197
f 2197 6904 7795
f 4251 5406 8098
f 970 7187 10980
f 4252 8099 5407
f 971 10981 7188
f 1814 2200 6513
f 12094 2200 11949
f 1815 6514 2201
f 12095 11950 2201
f 2202 8948 5273
f 4207 11016 8066
f 2203 5274 8949
f 4208 8067 11017
f 8554 5527 2204
f 561 9548 378
f 8555 2205 5528
f 562 379 9549
f 8150 4670 464
f 5485 8530 559
f 8151 465 4671
f 5486 560 8531
f 8134 3589 2208
f 982 5167 8174
f 8135 2209 3590
f 983 8175 5168
f 7674 2210 12461
f 12461 2210 4910
f 7675 12462 2211
f 12462 4911 2211
f 2212 11121 3808
f 3273 2212 9461
f 2213 3809 11122
f 3274 9462 2213
f 7966 486 2214
f 486 2636 5517
f 7967 2215 487
f 487 5518 2637
f 7506 2216 3151
f 7726 7644 7098
f 7507 3152 2217
f 7727 7099 7645
f 2218 12145 10426
f 1279 7144 5318
f 2219 10427 12146
f 1280 5319 7145
f 7549 762 2220
f 6753 6690 523
f 7550 2221 763
f 6754 524 6691
f 1176 2222 758
f 8695 8054 3768
f 1177 759 2223
f 8696 3769 8055
f 9766 3655 5967
f 5967 1647 9766
f 9767 5968 3656
f 5968 9767 1648
f 2226 10376 868
f 9544 6112 11177
f 2227 869 10377
f 9545 11178 6113
f 11564 2228 5332
f 10287 5485 559
f 11565 5333 2229
f 10288 560 5486
f 5106 9407 6274
f 12376 3663 9443
f 5107 6275 9408
f 12377 9444 3664
f 634 10175 9618
f 7116 10213 1195
f 635 9619 10176
f 7117 1196 10214
f 8213 10213 7116
f 5133 12431 8213
f 8214 7117 10214
f 5133 8214 12432
f 2236 843 4303
f 8626 12257 7680
f 2237 4304 844
f 8627 7681 12258
f 471 10039 4048
f 4031 12045 1315
f 472 4049 10040
f 4032 1316 12046
f 2240 6800 10065
f 12289 5046 6582
f 2241 10066 6801
f 12290 6583 5047
f 2242 4343 1653
f 7290 6843 5261
f 2243 1654 4344
f 7291 5262 6844
f 6366 4611 5925
f 3271 10450 912
f 6367 5926 4612
f 3272 913 10451
f 2762 8522 9517
f 8426 4631 1911
f 2763 9518 8523
f 8427 1912 4632
f 7297 10500 2248
f 4514 10502 7023
f 7298 2249 10501
f 4515 7024 10503
f 6503 5477 2881
f 9346 8233 7365
f 6504 2882 5478
f 9347 7366 8234
f 2252 5461 7199
f 2252 1583 2297
f 2253 7200 5462
f 2253 2298 1584
f 3812 1020 2254
f 9636 6418 1636
f 3813 2255 1021
f 9637 1637 6419
f 5718 8006 10567
f 7543 3170 10824
f 5719 10568 8007
f 7544 10825 3171
f 2258 1930 6248
f 7820 6248 3758
f 2259 6249 1931
f 7821 3759 6249
f 11268 2260 3184
f 12593 3647 1308
f 11269 3185 2261
f 12594 1309 3648
f 1199 10345 10597
f 5680 8066 11016
f 1200 10598 10346
f 5681 11017 8067
f 3758 4836 7820
f 4836 1859 7820
f 3759 7821 4837
f 4837 7821 1860
f 5854 7587 4680
f 9272 352 1212
f 5855 4681 7588
f 9273 1213 353
f 2268 11494 3657
f 6624 11989 9451
f 2269 3658 11495
f 6625 9452 11990
f 9904 2270 4131
f 9904 6891 2270
f 9905 4132 2271
f 9905 2271 6892
f 1758 5418 7899
f 7924 1758 7899
f 1759 7900 5419
f 7925 7900 1759
f 11689 867 8361
f 11688 8360 866
f 4528 6228 2275
f 8781 240 7084
f 4529 2276 6229
f 8782 7085 241
f 10388 5927 462
f 4317 10009 4982
f 10389 463 5928
f 4318 4983 10010
f 1155 5036 6994
f 1048 7670 3404
f 1156 6995 5037
f 1049 3405 7671
f 7911 9712 11602
f 9712 7911 8823
f 7912 11603 9713
f 9713 8824 7912
f 2283 7782 1633
f 9898 7531 7535
f 2284 1634 7783
f 9899 7536 7532
f 3512 6038 3275
f 12372 10880 6038
f 3513 3276 6039
f 12373 6039 10881
f 9010 7869 5597
f 10882 6626 5159
f 9011 5598 7870
f 10883 5160 6627
f 10488 359 12525
f 10589 4770 2968
f 10489 12526 360
f 10590 2969 4771
f 2291 11418 7877
f 8532 12025 794
f 2292 7878 11419
f 8533 795 12026
f 2293 10029 4619
f 11538 2972 11977
f 2294 4620 10030
f 11539 11978 2973
f 10243 10793 2295
f 6074 8330 4894
f 10244 2296 10794
f 6075 4895 8331
f 3259 6074 4894
f 6688 716 7373
f 3260 4895 6075
f 6689 7374 717
f 313 2299 2224
f 4514 2299 313
f 314 2225 2300
f 4515 314 2300
f 3333 10403 2914
f 7373 716 10153
f 3334 2915 10404
f 7374 10154 717
f 2196 2303 7408
f 1569 2303 10504
f 2197 7409 2304
f 1570 10505 2304
f 9226 8939 6007
f 9225 6006 8938
f 1189 8045 2306
f 11265 6761 2529
f 1190 2307 8046
f 11266 2530 6762
f 8122 2308 980
f 5712 365 9898
f 8123 981 2309
f 5713 9899 366
f 2543 9126 10494
f 11951 6060 1323
f 2544 10495 9127
f 11952 1324 6061
f 8481 2312 4414
f 8809 6192 8813
f 8482 4415 2313
f 8810 8814 6193
f 2314 11276 6136
f 6136 3802 7222
f 2315 6137 11277
f 6137 7223 3803
f 3506 852 5820
f 7379 1440 1510
f 3507 5821 853
f 7380 1511 1441
f 10339 8207 4295
f 8207 3802 6136
f 10340 4296 8208
f 8208 6137 3803
f 7706 7524 2320
f 5237 1248 5211
f 7707 2321 7525
f 5238 5212 1249
f 3631 11042 7674
f 3631 7674 9654
f 3632 7675 11043
f 3632 9655 7675
f 5129 5211 1248
f 5129 1248 8184
f 5130 1249 5212
f 5130 8185 1249
f 3931 5753 375
f 5753 7244 375
f 3932 376 5754
f 5754 376 7245
f 3483 4409 12419
f 3482 12418 4408
f 9513 3257 6122
f 403 3633 5627
f 9514 6123 3258
f 404 5628 3634
f 4648 2331 4201
f 1206 3004 3002
f 4649 4202 2332
f 1207 3003 3005
f 11052 7170 11246
f 3166 11246 121
f 11053 11247 7171
f 3167 122 11247
f 1557 2142 6244
f 825 3675 6240
f 1558 6245 2143
f 826 6241 3676
f 563 6735 9081
f 2865 1832 10035
f 564 9082 6736
f 2866 10036 1833
f 6292 2339 457
f 8120 11512 3848
f 6293 458 2340
f 8121 3849 11513
f 7391 4756 2341
f 2341 4756 3287
f 7392 2342 4757
f 2342 3288 4757
f 2960 6839 2343
f 2343 6839 11171
f 2961 2344 6840
f 2344 11172 6840
f 1604 11762 8546
f 5414 6146 361
f 1605 8547 11763
f 5415 362 6147
f 5529 775 2347
f 6521 10372 8667
f 5530 2348 776
f 6522 8668 10373
f 4402 6392 3215
f 11074 7353 3414
f 4403 3216 6393
f 11075 3415 7354
f 9162 7557 12205
f 10397 8292 3301
f 9163 12206 7558
f 10398 3302 8293
f 5898 1768 11191
f 11191 1768 2349
f 5899 11192 1769
f 11192 2350 1769
f 6763 3707 2355
f 5402 4361 1308
f 6764 2356 3708
f 5403 1309 4362
f 9014 5084 964
f 712 9014 3337
f 9015 965 5085
f 713 3338 9015
f 4912 2359 8025
f 5086 8025 8913
f 4913 8026 2360
f 5087 8914 8026
f 5547 10779 2863
f 93 10313 9521
f 5548 2864 10780
f 94 9522 10314
f 5133 1424 8214
f 5133 8213 1424
f 5803 5290 11407
f 5803 11406 5289
f 2365 1327 10358
f 2369 8231 9427
f 2366 10359 1328
f 2370 9428 8232
f 8833 2367 1166
f 569 3309 5127
f 8834 1167 2368
f 570 5128 3310
f 4548 7425 2194
f 5557 7297 1875
f 4549 2195 7426
f 5558 1876 7298
f 3563 657 2371
f 8483 4623 8290
f 3564 2372 658
f 8484 8291 4624
f 6594 388 3466
f 6814 7224 12363
f 6595 3466 388
f 6815 12364 7225
f 2375 6190 10621
f 11722 2375 10621
f 2376 10622 6191
f 11723 10622 2376
f 11225 8867 8373
f 5728 4522 10661
f 11226 8374 8868
f 5729 10662 4523
f 1538 3331 2379
f 4816 11832 6458
f 1539 2380 3332
f 4817 6459 11833
f 2381 9187 2415
f 5583 1304 9193
f 2382 2416 9188
f 5584 9194 1305
f 2383 4253 11608
f 6652 11969 3962
f 2384 11609 4254
f 6653 3963 11970
f 2385 4464 9002
f 10161 5042 11631
f 2386 9003 4465
f 10162 11632 5043
f 1970 7804 3625
f 5257 661 9290
f 1971 3626 7805
f 5258 9291 662
f 7702 9700 2393
f 7347 1109 11999
f 7703 2394 9701
f 7348 12000 1110
f 4766 485 4301
f 11850 4526 2501
f 4767 4302 485
f 11851 2502 4527
f 6697 7702 2393
f 6992 2006 12374
f 6698 2394 7703
f 6993 12375 2007
f 11050 1699 1845
f 481 11133 5763
f 11051 1846 1700
f 482 5764 11134
f 4956 7672 3786
f 813 10023 3090
f 4957 3787 7673
f 814 3091 10024
f 1697 2399 964
f 4337 6188 10419
f 1698 965 2400
f 4338 10420 6189
f 1103 9344 2401
f 1103 8747 7286
f 1104 2402 9345
f 1104 7287 8748
f 1506 8891 8887
f 10231 4779 3544
f 1507 8888 8892
f 10232 3545 4780
f 2405 2074 1822
f 11808 6344 2074
f 2406 1823 2075
f 11809 2075 6345
f 4498 2407 1376
f 5945 12229 9475
f 4499 1377 2408
f 5946 9476 12230
f 7798 5751 2409
f 12047 4636 7299
f 7799 2410 5752
f 12048 7300 4637
f 8418 6640 8903
f 5175 160 4811
f 8419 8904 6641
f 5176 4811 160
f 8526 6509 2413
f 2413 6509 11221
f 8527 2414 6510
f 2414 11222 6510
f 5553 2381 2415
f 1826 5553 10135
f 5554 2416 2382
f 1827 10136 5554
f 555 2417 3217
f 3587 10759 3118
f 556 3218 2418
f 3588 3119 10760
f 947 6155 2419
f 8308 7818 6155
f 948 2420 6156
f 8309 6156 7819
f 7522 6018 2835
f 12029 7571 3390
f 7523 2836 6019
f 12030 3391 7572
f 9356 11824 2423
f 792 10085 619
f 9357 2424 11825
f 793 620 10086
f 1122 2425 9223
f 12631 3866 3239
f 1123 9224 2426
f 12632 3240 3867
f 12355 5664 2427
f 687 6915 3153
f 12356 2428 5665
f 688 3154 6916
f 6218 11119 2429
f 575 1096 5886
f 6219 2430 11120
f 576 5887 1097
f 2431 10617 2660
f 1122 5241 2425
f 2432 2661 10618
f 1123 2426 5242
f 12467 5886 5751
f 5886 12643 5751
f 12468 5752 5887
f 5887 5752 12644
f 1468 2435 4181
f 9694 10417 5455
f 1469 4182 2436
f 9695 5456 10418
f 4147 11179 7104
f 1976 8330 6161
f 4148 7105 11180
f 1977 6162 8331
f 5866 817 5814
f 6672 2827 3944
f 5867 5815 818
f 6673 3945 2828
f 2823 5022 9634
f 6841 11127 9634
f 2824 9635 5023
f 6842 9635 11128
f 6368 3938 4866
f 9815 3938 7800
f 6369 4867 3939
f 9816 7801 3939
f 5100 11103 2445
f 10988 12096 6729
f 5101 2446 11104
f 10989 6730 12097
f 3555 5020 12267
f 1922 9276 5565
f 3556 12268 5021
f 1923 5566 9277
f 3880 9787 2449
f 8408 6182 1905
f 3881 2450 9788
f 8409 1906 6183
f 5307 1386 3950
f 1386 8564 12181
f 5308 3951 1387
f 1387 12182 8565
f 11135 11072 5808
f 11135 5808 8978
f 11136 5809 11073
f 11136 8979 5809
f 665 2455 1964
f 5973 5969 10725
f 666 1965 2456
f 5974 10726 5970
f 1516 2457 8178
f 11992 12613 9775
f 1517 8179 2458
f 11993 9776 12614
f 9118 1492 4011
f 9940 625 5344
f 9119 4012 1493
f 9941 5345 626
f 7469 1836 6552
f 6374 7772 8691
f 7470 6553 1837
f 6375 8692 7773
f 2463 1532 6390
f 5040 8795 6384
f 2464 6391 1533
f 5041 6385 8796
f 12623 4974 11081
f 6588 12623 11081
f 12624 11082 4975
f 6589 11082 12624
f 8469 6358 2467
f 5219 6614 8473
f 8470 2468 6359
f 5220 8474 6615
f 2174 9801 2469
f 7473 7124 1236
f 2175 2470 9802
f 7474 1237 7125
f 2471 7658 1649
f 8797 2168 11772
f 2472 1650 7659
f 8798 11773 2169
f 11169 4692 8697
f 8697 593 3709
f 11170 8698 4692
f 8698 3709 593
f 11314 1726 2475
f 9089 8118 792
f 11315 2476 1727
f 9090 793 8119
f 7575 2477 788
f 10215 5121 4615
f 7576 789 2478
f 10216 4616 5122
f 3006 1149 12233
f 3619 2196 9354
f 3007 12234 1150
f 3620 9355 2197
f 2481 5189 925
f 2481 6488 8377
f 2482 926 5190
f 2482 8378 6489
f 7282 7920 10627
f 1384 7916 6180
f 7283 10628 7921
f 1385 6181 7917
f 1651 2485 2956
f 9026 1593 5617
f 1652 2957 2486
f 9027 5618 1594
f 5551 2487 8658
f 9918 6731 9676
f 5552 8659 2488
f 9919 9677 6732
f 6872 2489 6308
f 2489 7946 12313
f 6873 6309 2490
f 2490 12314 7947
f 2491 1075 681
f 6505 10055 4583
f 2492 682 1076
f 6506 4584 10056
f 6242 2493 393
f 6709 4197 5479
f 6243 394 2494
f 6710 5480 4198
f 2122 9168 2495
f 12483 10926 6414
f 2123 2496 9169
f 12484 6415 10927
f 9239 4748 537
f 7037 9348 11290
f 9240 538 4749
f 7038 11291 9349
f 4960 4474 1039
f 12013 1434 8661
f 4961 1040 4475
f 12014 8662 1435
f 11850 2501 5026
f 3641 427 621
f 11851 5027 2502
f 3642 622 428
f 1909 2503 7166
f 6578 6068 5690
f 1910 7167 2504
f 6579 5691 6069
f 7508 2505 9008
f 10605 1427 3828
f 7509 9009 2506
f 10606 3829 1428
f 7208 395 7698
f 11430 7508 9008
f 7209 7699 396
f 11431 9009 7509
f 9306 257 2509
f 257 5911 12235
f 9307 2510 258
f 258 12236 5912
f 380 10731 2511
f 6792 5376 2499
f 381 2512 10732
f 6793 2500 5377
f 7833 12591 2899
f 6328 333 7833
f 7834 2900 12592
f 6329 7834 334
f 169 9340 2515
f 6684 8713 8709
f 170 2516 9341
f 6685 8710 8714
f 1474 5672 10033
f 7359 9736 2519
f 1475 10034 5673
f 7360 2520 9737
f 2519 577 6122
f 9736 7748 2519
f 2520 6123 578
f 9737 2520 7749
f 9946 2521 5525
f 3487 11064 5213
f 9947 5526 2522
f 3488 5214 11065
f 11939 9932 2523
f 11939 9010 5597
f 11940 2524 9933
f 11940 5598 9011
f 3263 257 220
f 3263 220 75
f 3264 221 258
f 3264 76 221
f 12239 3996 2527
f 6402 10494 9126
f 12240 2528 3997
f 6403 9127 10495
f 2527 4468 2310
f 11951 10183 6060
f 2528 2311 4469
f 11952 6061 10184
f 5846 2531 9116
f 7179 1238 11677
f 5847 9117 2532
f 7180 11678 1239
f 2533 4546 1410
f 888 5503 1329
f 2534 1411 4547
f 889 1330 5504
f 2365 9427 3868
f 2369 9427 10362
f 2366 3869 9428
f 2370 10363 9428
f 3705 9120 9253
f 1238 9116 6138
f 3706 9254 9121
f 1239 6139 9117
f 8392 1470 2539
f 5846 2537 4688
f 8393 2540 1471
f 5847 4689 2538
f 6788 5414 10902
f 7351 1094 3651
f 6789 10903 5415
f 7352 3652 1095
f 12239 2543 3996
f 9000 2084 9136
f 12240 3997 2544
f 9001 9137 2085
f 12469 1940 9367
f 549 7242 12465
f 12470 9368 1941
f 550 12466 7243
f 2148 8332 8328
f 8328 12073 5386
f 2149 8329 8333
f 8329 5387 12074
f 11961 10669 9266
f 6686 841 3434
f 11962 9267 10670
f 6687 3435 842
f 2551 3770 4564
f 10816 10820 4840
f 2552 4565 3771
f 10817 4841 10821
f 3329 9954 1907
f 8106 3471 5199
f 3330 1908 9955
f 8107 5200 3472
f 1942 4690 2555
f 11145 10113 4860
f 1943 2556 4691
f 11146 4861 10114
f 9100 2768 10693
f 5733 4520 8789
f 9101 10694 2769
f 5734 8790 4521
f 10450 8128 2559
f 3118 10759 1598
f 10451 2560 8129
f 3119 1599 10760
f 8677 939 12400
f 4774 4972 9233
f 8678 12401 940
f 4775 9234 4973
f 5900 2563 1334
f 5900 4480 6422
f 5901 1335 2564
f 5901 6423 4481
f 7006 8062 7402
f 10415 525 5146
f 7006 7403 8063
f 10416 5147 525
f 5439 2113 5306
f 5438 5305 2112
f 2568 10627 7920
f 9391 687 3153
f 2569 7921 10628
f 9392 3154 688
f 2570 11558 598
f 8168 10045 1099
f 2571 599 11559
f 8169 1100 10046
f 5144 2572 6688
f 10712 3553 5217
f 5145 6689 2573
f 10713 5218 3554
f 8767 4803 4035
f 8763 4165 4285
f 8768 4036 4804
f 8764 4286 4166
f 5737 3057 2576
f 596 11502 858
f 5738 2577 3058
f 597 859 11503
f 11744 2879 4315
f 4864 9205 3739
f 11745 4316 2880
f 4865 3740 9206
f 8410 2580 10541
f 3528 9838 11884
f 8411 10542 2581
f 3529 11885 9839
f 5038 2582 5959
f 8650 6857 7197
f 5039 5960 2583
f 8651 7198 6858
f 10115 4243 8050
f 6030 4508 11062
f 10116 8051 4244
f 6031 11063 4509
f 3999 3112 2586
f 2586 10710 3677
f 4000 2587 3113
f 2587 3678 10711
f 7814 11322 2588
f 7173 1530 3911
f 7815 2589 11323
f 7174 3912 1531
f 8727 2590 3049
f 6438 8775 2594
f 8728 3050 2591
f 6439 2595 8776
f 1446 4577 7272
f 5658 7780 7276
f 1447 7273 4578
f 5659 7277 7781
f 8775 12098 2594
f 12098 7624 10115
f 8776 2595 12099
f 12099 10116 7625
f 6527 1936 2596
f 12157 7492 5739
f 6528 2597 1937
f 12158 5740 7493
f 6611 6694 4567
f 6610 4566 6694
f 5159 10351 7252
f 5229 5739 7492
f 5160 7253 10352
f 5230 7493 5740
f 7602 1101 653
f 7136 7602 653
f 7603 654 1102
f 7137 654 7603
f 5556 4053 11575
f 5555 11574 4052
f 1675 5567 6342
f 1675 2136 5567
f 1676 6343 5568
f 1676 5568 2137
f 2606 760 11111
f 9860 7704 760
f 2607 11112 761
f 9861 761 7705
f 4013 10091 2608
f 4910 5209 9316
f 4014 2609 10092
f 4911 9317 5210
f 6966 2610 3559
f 10593 8636 505
f 6967 3560 2611
f 10594 506 8637
f 374 447 2612
f 7027 9261 5773
f 374 2613 448
f 7028 5773 9261
f 1392 6320 7488
f 7183 12501 2459
f 1393 7489 6321
f 7184 2460 12502
f 2616 3385 1502
f 3671 6905 6901
f 2617 1503 3386
f 3672 6902 6906
f 2230 445 9957
f 5136 445 9140
f 2231 9958 446
f 5137 9141 446
f 5778 9511 12653
f 11367 11363 5985
f 5779 12654 9512
f 11368 5986 11364
f 2618 2622 4676
f 5613 445 5136
f 2619 4677 2623
f 5614 5137 446
f 7622 6282 8033
f 6282 5543 901
f 7623 8034 6283
f 6283 902 5544
f 10089 2626 5676
f 2630 6372 7345
f 10090 5677 2627
f 2631 7346 6373
f 11669 11730 6040
f 700 1124 3569
f 11670 6041 11731
f 701 3570 1125
f 11056 2630 6028
f 323 5448 2630
f 11057 6029 2631
f 324 2631 5449
f 5816 2632 9292
f 2632 4199 6864
f 5817 9293 2633
f 2633 6865 4200
f 8047 10722 2634
f 1179 5125 7974
f 8047 2635 10722
f 1179 7975 5126
f 10460 11862 845
f 6090 11083 6719
f 10461 846 11863
f 6091 6720 11084
f 2638 7234 8128
f 7293 11046 6268
f 2639 8129 7235
f 7294 6269 11047
f 4410 2640 10413
f 9580 4424 7579
f 4411 10414 2641
f 9581 7580 4425
f 4448 4554 11540
f 7514 931 1482
f 4449 11541 4555
f 7515 1483 932
f 2644 2026 10169
f 10321 10187 5378
f 2645 10170 2027
f 10322 5379 10188
f 2802 2646 6480
f 6480 7297 5557
f 2803 6481 2647
f 6481 5558 7298
f 10143 3605 10364
f 5639 1151 5890
f 10144 10365 3606
f 5640 5891 1152
f 9326 2644 9243
f 5263 937 10613
f 9327 9244 2645
f 5264 10614 938
f 9902 2000 4127
f 7395 1567 6470
f 9903 4128 2001
f 7396 6471 1568
f 2658 10718 9322
f 9326 9243 7051
f 2659 9323 10719
f 9327 7052 9244
f 3810 1429 4115
f 7824 4920 11588
f 3811 4116 1430
f 7825 11589 4921
f 2658 2654 8270
f 7051 9243 5263
f 2659 8271 2655
f 7052 5264 9244
f 9431 766 5010
f 7471 11014 12149
f 9432 5011 767
f 7472 12150 11015
f 4003 6396 2662
f 6354 10121 5788
f 4004 2663 6397
f 6355 5789 10122
f 3571 2664 9519
f 4783 7778 1444
f 3572 9520 2665
f 4784 1445 7779
f 9588 7049 1600
f 2483 194 7708
f 9589 1601 7050
f 2484 7709 195
f 7672 813 7933
f 6312 12127 7933
f 7673 7934 814
f 6313 7934 12128
f 7879 11296 185
f 12560 11300 11292
f 7880 184 11297
f 12561 11293 11301
f 2672 9650 5767
f 1406 10339 4295
f 2673 5768 9651
f 1407 4296 10340
f 7486 3923 2674
f 7486 11248 9030
f 7487 2675 3924
f 7487 9031 11249
f 11840 7389 2676
f 9860 4750 2676
f 11841 2677 7390
f 9861 2677 4751
f 6388 695 2678
f 5842 10641 2751
f 6389 2679 696
f 5843 2752 10642
f 5444 2680 7533
f 10472 7533 4073
f 5445 7534 2681
f 10473 4074 7534
f 7045 827 2682
f 8471 4789 7126
f 7046 2683 828
f 8472 7127 4790
f 10513 2684 2565
f 10706 2680 5444
f 10514 2566 2685
f 10707 5445 2681
f 2686 9018 6482
f 1033 2686 8751
f 2687 6483 9019
f 1034 8752 2687
f 2688 11708 3810
f 12073 5056 5386
f 2689 3811 11709
f 12074 5387 5057
f 2690 10938 10942
f 5275 9916 11424
f 2691 10943 10939
f 5276 11425 9917
f 3677 2692 4351
f 6148 1460 10745
f 3678 4352 2693
f 6149 10746 1461
f 4420 6446 1573
f 10545 4656 8342
f 4421 1574 6447
f 10546 8343 4657
f 8514 11546 2696
f 7204 9172 1559
f 8515 2697 11547
f 7205 1560 9173
f 2698 7102 5062
f 2702 2010 6831
f 2699 5063 7103
f 2703 6832 2011
f 8324 752 6010
f 752 7015 4279
f 8325 6011 753
f 753 4280 7016
f 2702 6831 8491
f 6204 8817 8491
f 2703 8492 6832
f 6205 8492 8818
f 8962 1201 5826
f 3621 11570 11586
f 8963 5827 1202
f 3622 11587 11571
f 10277 1934 7723
f 262 11496 4480
f 10278 7724 1935
f 263 4481 11497
f 9130 11838 9910
f 2766 602 7790
f 9131 9911 11839
f 2767 7791 603
f 8371 12299 2710
f 8371 2710 8369
f 8372 2711 12300
f 8372 8370 2711
f 11373 349 7610
f 11373 7611 349
f 9324 2713 9377
f 2713 1657 6006
f 9325 9378 2714
f 2714 6007 1658
f 4540 11748 5553
f 2555 4690 10237
f 4541 5554 11749
f 2556 10238 4691
f 10029 6294 2717
f 5672 675 10033
f 10030 2718 6295
f 5673 10034 676
f 3006 12233 406
f 8116 4713 4717
f 3007 407 12234
f 8117 4718 4714
f 4850 2721 11472
f 2337 4434 2721
f 4851 11473 2722
f 2338 2722 4435
f 12593 1308 2723
f 7784 10645 7788
f 12594 2724 1309
f 7785 7789 10646
f 2721 4850 10968
f 4652 2875 2048
f 2722 10969 4851
f 4653 2049 2876
f 2266 6153 2727
f 5281 10659 9004
f 2267 2728 6154
f 5282 9005 10660
f 2729 3418 5463
f 6915 9318 7185
f 2730 5464 3419
f 6916 7186 9319
f 7644 7726 2731
f 1520 6042 10685
f 7645 2732 7727
f 1521 10686 6043
f 2733 9336 8974
f 4754 2054 6777
f 2734 8975 9337
f 4755 6778 2055
f 1678 2735 1061
f 3956 7118 2604
f 1679 1062 2736
f 3957 2605 7119
f 4585 2737 9975
f 3826 6116 3710
f 4586 9976 2738
f 3827 3711 6117
f 553 10531 2152
f 6499 9710 4333
f 554 2153 10532
f 6500 4334 9711
f 2741 4992 2118
f 4992 8815 11095
f 2742 2119 4993
f 4993 11096 8816
f 908 754 2743
f 11724 768 9717
f 909 2744 755
f 11725 9718 769
f 2745 7108 10519
f 3524 6398 9536
f 2746 10520 7109
f 3525 9537 6399
f 5247 11900 6276
f 6594 3466 8255
f 5248 6277 11900
f 6595 8256 3466
f 6847 1641 2749
f 8913 6002 5086
f 6848 2750 1642
f 8914 5087 6003
f 5979 2751 8970
f 1008 5595 5979
f 5980 8971 2752
f 1009 5980 5596
f 4299 10561 5086
f 5692 6699 997
f 4300 5087 10562
f 5693 998 6700
f 9245 503 2755
f 2130 7816 2901
f 9246 2756 504
f 2131 2902 7817
f 11994 3139 10093
f 11994 10094 3139
f 2758 1039 4474
f 7437 4908 5193
f 2759 4475 1040
f 7438 5194 4909
f 4701 8628 2052
f 7130 8108 4758
f 4702 2053 8629
f 7131 4759 8109
f 4631 8426 10384
f 1134 6921 4111
f 4632 10385 8427
f 1135 4112 6922
f 669 10031 6360
f 2355 5992 8584
f 670 6361 10032
f 2356 8585 5993
f 6056 6572 11838
f 6572 1077 2708
f 6057 11839 6573
f 6573 2709 1078
f 9100 9104 2768
f 9104 10970 5497
f 9101 2769 9105
f 9105 5498 10971
f 6168 5215 1940
f 6168 12627 8883
f 6169 1941 5216
f 6169 8884 12628
f 9020 2772 11858
f 10916 9834 453
f 9021 11859 2773
f 10917 454 9835
f 9582 7744 2774
f 8926 557 2160
f 9583 2775 7745
f 8927 2161 558
f 2523 10368 5856
f 8144 5856 10372
f 2524 5857 10369
f 8145 10373 5857
f 526 1982 2778
f 12390 2778 1982
f 527 2779 1983
f 12391 1983 2779
f 2030 2780 5905
f 5455 2030 9694
f 2031 5906 2781
f 5456 9695 2031
f 2717 6294 2782
f 11802 1201 8962
f 2718 2783 6295
f 11803 8963 1202
f 5457 1921 2784
f 9052 2164 7768
f 5458 2785 1921
f 9052 7769 2164
f 11667 5465 1306
f 11810 6044 537
f 11668 1307 5466
f 11811 538 6045
f 6794 10331 2176
f 931 7897 1482
f 6795 2177 10332
f 932 1483 7898
f 3518 6893 11068
f 11068 5828 3518
f 3519 11069 6894
f 11069 3519 5829
f 2792 6400 2788
f 5635 3984 2788
f 2793 2789 6401
f 5636 2789 3985
f 11068 8196 2794
f 5450 483 8630
f 11069 2795 8197
f 5450 8631 483
f 1420 6948 9752
f 6194 6948 1420
f 1421 9753 6949
f 6195 1421 6949
f 7559 2798 8984
f 10840 7230 8984
f 7560 8985 2799
f 10841 8985 7231
f 2800 3982 6260
f 8150 7992 11436
f 2801 6261 3983
f 8151 11437 7993
f 1879 2646 2802
f 8031 3964 5370
f 1880 2803 2647
f 8032 5371 3965
f 2804 10492 3982
f 11999 1109 2389
f 2805 3983 10493
f 12000 2390 1110
f 2806 9892 9381
f 6476 3088 9385
f 2807 9382 9893
f 6477 9386 3089
f 11608 8100 2026
f 7189 5666 11217
f 11609 2027 8101
f 7190 11218 5667
f 7321 5680 2810
f 11876 4705 3766
f 7322 2811 5681
f 11877 3767 4706
f 5561 5931 2812
f 5561 2812 7069
f 5562 2813 5932
f 5562 7070 2813
f 12394 8463 2814
f 1822 2074 4444
f 12395 2815 8464
f 1823 4445 2075
f 7435 5223 8707
f 12554 8502 10864
f 7436 8708 5224
f 12555 10865 8503
f 3806 6654 2818
f 1615 2272 10289
f 3807 2819 6655
f 1616 10290 2273
f 7435 2820 10864
f 7435 7214 2820
f 7436 10865 2821
f 7436 2821 7215
f 7513 9561 5443
f 7512 5442 9560
f 5231 9746 2823
f 3597 7986 933
f 5232 2824 9747
f 3598 934 7987
f 2825 3522 307
f 7443 11929 7339
f 2826 308 3523
f 7444 7340 11930
f 5866 2827 817
f 8130 817 9672
f 5867 818 2828
f 8131 9673 818
f 5342 2829 5652
f 1508 3116 7926
f 5343 5653 2830
f 1509 7927 3117
f 3420 6919 2831
f 5112 3615 8039
f 3421 2832 6920
f 5113 8040 3616
f 2833 4321 9421
f 2220 438 11694
f 2834 9422 4322
f 2221 11695 439
f 7522 2835 7571
f 7567 5563 2614
f 7523 7572 2836
f 7568 2615 5564
f 2954 2837 2132
f 2132 2837 4106
f 2955 2133 2838
f 2133 4107 2838
f 2839 11554 270
f 6606 2839 9712
f 2840 271 11555
f 6607 9713 2840
f 2841 8703 1472
f 2531 6138 9116
f 2842 1473 8704
f 2532 9117 6139
f 3540 11675 2843
f 862 1783 8508
f 3541 2844 11676
f 863 8509 1784
f 2845 9093 4830
f 2845 11681 9093
f 2846 4831 9094
f 2846 9094 11682
f 4438 6831 11207
f 8194 4438 3213
f 4439 11208 6832
f 8195 3214 4439
f 10504 10506 8562
f 5662 9181 5830
f 10505 8563 10507
f 5663 5831 9182
f 3854 8346 2851
f 3697 4104 3279
f 3855 2852 8347
f 3698 3280 4105
f 8996 12599 1170
f 4932 3114 4069
f 8997 1171 12600
f 4933 4070 3115
f 2855 285 9521
f 2851 6226 5996
f 2856 9522 286
f 2852 5997 6227
f 8086 7901 10474
f 8996 5903 12599
f 8087 10475 7902
f 8997 12600 5904
f 2662 2859 10854
f 553 5354 10531
f 2663 10855 2860
f 554 10532 5355
f 4257 10037 11886
f 6340 8915 12335
f 4258 11887 10038
f 6341 12336 8916
f 9564 4438 8194
f 7648 9564 7780
f 9565 8195 4439
f 7649 7781 9565
f 7447 1804 9124
f 11097 1804 7541
f 7448 9125 1805
f 11098 7542 1805
f 11740 1331 9501
f 5203 1867 11740
f 11741 9502 1332
f 5204 11741 1868
f 1342 2869 4942
f 7156 8440 1342
f 1343 4943 2870
f 7157 1343 8441
f 7092 12171 1730
f 7096 8819 8221
f 7093 1731 12172
f 7097 8222 8820
f 2873 7526 7776
f 259 2364 7238
f 2874 7777 7526
f 259 7239 2364
f 1195 4868 10834
f 7367 11099 7307
f 1196 10835 4869
f 7368 7308 11100
f 2230 2877 445
f 6256 5106 6274
f 2231 446 2878
f 6257 6275 5107
f 8326 5038 5959
f 8322 7577 1855
f 8327 5960 5039
f 8323 1856 7578
f 5682 10862 2881
f 6040 11730 4119
f 5683 2882 10863
f 6041 4120 11731
f 2883 275 2248
f 275 5511 9558
f 2884 2249 276
f 276 9559 5512
f 11890 8958 3782
f 5414 361 10898
f 11891 3783 8959
f 5415 10899 362
f 4247 2887 5537
f 417 2887 9912
f 4248 5538 2888
f 418 9913 2888
f 1172 1591 2889
f 9415 6876 4177
f 1173 2890 1592
f 9416 4178 6877
f 7835 8004 4370
f 11460 7835 4968
f 7836 4371 8005
f 11461 4969 7836
f 1052 2893 1266
f 7337 2889 6370
f 1053 1267 2894
f 7338 6371 2890
f 1226 6739 2895
f 1226 12463 5637
f 1227 2896 6740
f 1227 5638 12464
f 530 2897 1966
f 10462 3689 10458
f 531 1967 2898
f 10463 10459 3690
f 7833 2899 10888
f 4729 6042 3878
f 7834 10889 2900
f 4730 3879 6043
f 7816 8845 2901
f 4902 6318 3772
f 7817 2902 8846
f 4903 3773 6319
f 2903 11614 12303
f 11615 5400 532
f 2904 12304 11614
f 11616 532 5401
f 3207 11947 2905
f 11947 4826 2905
f 3208 2906 11948
f 11948 2906 4827
f 9890 3341 7950
f 7303 8056 7393
f 9891 7951 3342
f 7304 7394 8057
f 946 9845 3490
f 945 3489 9844
f 7357 1659 746
f 3897 8414 10930
f 7358 747 1660
f 3898 10931 8415
f 4281 7152 5784
f 7950 12131 11866
f 4282 5785 7153
f 7951 11867 12132
f 2301 1168 10407
f 1168 9596 12301
f 2302 10408 1169
f 1169 12302 9597
f 2916 585 6755
f 250 12423 5555
f 2917 6755 585
f 250 5556 12424
f 1199 2918 706
f 9596 6094 12301
f 1200 707 2919
f 9597 12302 6095
f 8737 685 6270
f 976 1398 10155
f 8738 6271 686
f 977 10156 1399
f 2922 9457 6664
f 1627 4878 5603
f 2923 6665 9458
f 1628 5604 4879
f 7467 4313 2924
f 501 10053 914
f 7468 2925 4314
f 502 915 10054
f 9750 5645 1972
f 5621 7826 9493
f 9751 1973 5646
f 5622 9494 7827
f 5374 2928 3347
f 848 1958 11637
f 5375 3348 2929
f 849 11638 1959
f 2930 5915 8142
f 2086 2926 7545
f 2931 8143 5916
f 2087 7546 2927
f 10049 2932 954
f 9249 6036 3891
f 10050 955 2933
f 9250 3892 6037
f 11028 10470 8606
f 1922 4822 9276
f 11029 8607 10471
f 1923 9277 4823
f 2833 9409 1726
f 6346 9409 5185
f 2834 1727 9410
f 6347 5186 9410
f 5336 2447 2938
f 1919 8375 3899
f 5337 2939 2448
f 1920 3900 8376
f 4394 7029 2940
f 11434 3958 9150
f 4395 2941 7030
f 11435 9151 3959
f 11892 6866 6923
f 12088 517 4171
f 11893 6924 6867
f 12089 4172 518
f 5698 2944 1298
f 4380 6925 5024
f 5699 1299 2945
f 4381 5025 6926
f 559 8530 2946
f 2946 1744 8504
f 560 2947 8531
f 2947 8505 1745
f 3886 7274 7270
f 905 5678 11342
f 3887 7271 7275
f 906 11343 5679
f 4161 2950 3508
f 8012 1828 5368
f 4162 3509 2951
f 8013 5369 1829
f 7684 2952 5710
f 2238 10382 12471
f 7685 5711 2953
f 2239 12472 10383
f 2132 2128 2954
f 2954 11992 9775
f 2133 2955 2129
f 2955 9776 11993
f 1651 2956 5313
f 1789 10795 3844
f 1652 5314 2957
f 1790 3845 10796
f 5155 2958 4595
f 3076 10205 5155
f 5156 4596 2959
f 3077 5156 10206
f 2960 4666 6839
f 8827 3458 11550
f 2961 6840 4667
f 8828 11551 3459
f 2962 8911 8064
f 1157 7599 3489
f 2963 8065 8912
f 1157 3490 7599
f 2670 2964 7551
f 11452 6845 8164
f 2671 7552 2965
f 11453 8165 6846
f 8082 10956 7527
f 7531 7782 2283
f 8083 7528 10957
f 7532 2284 7783
f 5360 6984 3387
f 1035 11530 4770
f 5361 3388 6985
f 1036 4771 11531
f 7228 11444 2970
f 1006 9032 11450
f 7229 2971 11445
f 1007 11451 9033
f 2678 2972 807
f 3162 12390 10647
f 2679 808 2973
f 3163 10648 12391
f 2974 2563 10689
f 1871 8344 8634
f 2975 10690 2564
f 1872 8635 8345
f 8074 8980 10440
f 9201 815 8114
f 8075 10441 8981
f 9202 8115 816
f 7766 7004 2978
f 6460 4658 7311
f 7767 2979 7005
f 6461 7312 4659
f 10253 2980 3613
f 7061 782 5287
f 10254 3614 2981
f 7062 5288 783
f 2982 7764 1321
f 6761 8783 6420
f 2983 1322 7765
f 6762 6421 8784
f 8524 12331 9999
f 8520 3627 8944
f 8525 10000 12332
f 8521 8945 3628
f 1288 8384 12129
f 355 1288 7634
f 1289 12130 8385
f 356 7635 1289
f 6680 8268 2988
f 5225 12611 2232
f 6681 2989 8269
f 5226 2233 12612
f 1454 8781 7084
f 9048 4484 1454
f 1455 7085 8782
f 9049 1455 4485
f 4386 6968 6564
f 6564 10360 929
f 4387 6565 6969
f 6565 930 10361
f 12601 9065 6008
f 10846 4924 12607
f 12602 6009 9066
f 10847 12608 4925
f 740 2996 6790
f 2114 3273 8574
f 741 6791 2997
f 2115 8575 3274
f 2998 7895 6198
f 2998 1954 4141
f 2999 6199 7896
f 2999 4142 1955
f 547 10749 9229
f 5318 2218 7383
f 548 9230 10750
f 5319 7384 2219
f 3002 3004 11272
f 1208 12171 7092
f 3003 11273 3005
f 1209 7093 12172
f 3004 9813 11272
f 7218 9813 6482
f 3005 11273 9814
f 7219 6483 9814
f 8749 6883 1149
f 10452 12067 2719
f 8750 1150 6884
f 10453 2720 12068
f 4183 3008 8663
f 8942 5183 833
f 4184 8664 3009
f 8943 834 5184
f 3615 5112 3010
f 4577 7806 7272
f 3616 3011 5113
f 4578 7273 7807
f 3510 6350 7559
f 7559 8984 3510
f 3511 7560 6351
f 7560 3511 8985
f 4703 3014 1425
f 12491 3014 5611
f 4704 1426 3015
f 12492 5612 3015
f 3016 9399 1147
f 5915 11806 3055
f 3017 1148 9400
f 5916 3056 11807
f 3018 5243 6970
f 8636 6970 505
f 3019 6971 5244
f 8637 506 6971
f 3020 3016 1147
f 3524 9536 7108
f 3021 1148 3017
f 3525 7109 9537
f 5241 3022 2425
f 8863 6849 5493
f 5242 2426 3023
f 8864 5494 6850
f 3024 3151 2216
f 6699 5692 2216
f 3025 2217 3152
f 6700 2217 5693
f 8114 6284 9201
f 11663 10448 9624
f 8115 9202 6285
f 11664 9625 10449
f 1164 3627 3028
f 10559 10557 3028
f 1165 3029 3628
f 10560 3029 10558
f 6881 5207 9850
f 4962 12269 4966
f 6882 9851 5208
f 4963 4967 12270
f 3032 6418 7305
f 8122 702 2308
f 3033 7306 6419
f 8123 2309 703
f 6161 3034 11548
f 11544 5643 10783
f 6162 11549 3035
f 11545 10784 5644
f 7595 10629 3030
f 8532 794 10631
f 7596 3031 10630
f 8533 10632 795
f 7410 4927 1692
f 7410 1691 4926
f 5708 6030 11062
f 11788 10115 8050
f 5709 11063 6031
f 11789 8051 10116
f 8572 3225 3041
f 1606 11334 6376
f 8573 3042 3226
f 1607 6377 11335
f 856 1611 3043
f 10731 380 4892
f 857 3044 1612
f 10732 4893 381
f 604 3045 2190
f 9130 9910 6456
f 605 2191 3046
f 9131 6457 9911
f 3047 3528 8410
f 5527 1573 2204
f 3048 8411 3529
f 5528 2205 1574
f 2590 11562 3049
f 7173 4259 5364
f 2591 3050 11563
f 7174 5365 4260
f 9598 7694 3051
f 6472 3051 7694
f 9599 3052 7695
f 6473 7695 3052
f 1909 7166 10247
f 7527 10956 10247
f 1910 10248 7167
f 7528 10248 10957
f 1390 3055 11806
f 7381 3504 10519
f 1391 11807 3056
f 7382 10520 3505
f 1336 3057 5737
f 6570 3940 9405
f 1337 5738 3058
f 6571 9406 3941
f 8713 6684 3059
f 75 5874 2515
f 8714 3060 6685
f 76 2516 5875
f 8679 3061 6412
f 1869 860 10924
f 8680 6413 3062
f 1870 10925 861
f 5104 7387 10569
f 6050 5753 3931
f 5105 10570 7388
f 6051 3932 5754
f 1382 10498 3065
f 11800 5046 8414
f 1383 3066 10499
f 11801 8415 5047
f 10468 352 9272
f 2266 11294 6153
f 10469 9273 353
f 2267 6154 11295
f 4838 3069 7122
f 343 10185 5273
f 4839 7123 3070
f 344 5274 10186
f 3071 5816 5585
f 5451 1536 9505
f 3072 5586 5817
f 5452 9506 1537
f 7025 3073 12009
f 2778 6940 526
f 7026 12010 3074
f 2779 527 6941
f 7292 1696 10508
f 7292 10508 1695
f 6986 11536 6092
f 11536 12353 6092
f 6987 6093 11537
f 11537 6093 12354
f 11860 11856 8986
f 4640 367 10421
f 11861 8987 11857
f 4641 10422 368
f 10741 10733 4601
f 11540 469 4448
f 10742 4602 10734
f 11541 4449 470
f 10421 9358 4640
f 4842 6020 10856
f 10422 4641 9359
f 4843 10857 6021
f 3084 9777 1946
f 12023 8504 4568
f 3085 1947 9778
f 12024 4568 8505
f 1348 8807 6020
f 625 1348 6020
f 1349 6021 8808
f 626 6021 1349
f 3088 6476 11006
f 6466 3872 11365
f 3089 11007 6477
f 6467 11366 3873
f 7120 2018 8885
f 2018 10411 8885
f 7121 8886 2019
f 2019 8886 10412
f 3092 9936 10960
f 5062 7102 7911
f 3093 10961 9937
f 5063 7912 7103
f 1246 3098 3094
f 762 766 9431
f 1247 3095 3099
f 763 9432 767
f 5320 1742 3096
f 4416 7479 2735
f 5321 3097 1743
f 4417 2736 7480
f 10743 7009 3094
f 10743 438 7009
f 10744 3095 7010
f 10744 7010 439
f 4147 7104 12141
f 10458 7104 4179
f 4148 12142 7105
f 10459 4180 7105
f 3102 2044 7325
f 2044 12319 4339
f 3103 7326 2045
f 2045 4340 12320
f 621 427 3104
f 9503 5197 2040
f 622 3105 428
f 9504 2041 5198
f 11355 3106 6574
f 6048 8837 1218
f 11356 6575 3107
f 6049 1219 8838
f 4001 5489 9389
f 8542 3868 7539
f 4002 9390 5490
f 8543 7540 3869
f 4323 6868 1057
f 3822 12340 1057
f 4324 1058 6869
f 3823 1058 12341
f 3999 2578 3112
f 3567 5481 11700
f 4000 3113 2579
f 3568 11701 5482
f 4227 579 4073
f 6620 579 4227
f 4228 4074 580
f 6621 4228 580
f 9475 3116 12544
f 898 5499 10127
f 9476 12545 3117
f 899 10128 5500
f 7626 3587 3118
f 8640 4593 11320
f 7627 3119 3588
f 8641 11321 4594
f 11643 4581 8162
f 11639 1090 9268
f 11644 8163 4582
f 11640 9269 1091
f 4470 9077 10968
f 4470 6254 563
f 4471 10969 9078
f 4471 564 6255
f 679 311 3124
f 7110 3124 764
f 680 3125 312
f 7111 765 3125
f 7547 3126 1022
f 4735 3297 1476
f 7548 1023 3127
f 4736 1477 3298
f 10841 7231 9681
f 10840 9680 7230
f 1583 728 5326
f 8452 5483 3593
f 1584 5327 729
f 8453 3594 5484
f 6586 7490 3147
f 4862 10723 12441
f 6587 3148 7491
f 4863 12442 10724
f 6152 6326 3133
f 5078 8897 1638
f 6152 3134 6327
f 5079 1638 8898
f 3135 8338 3311
f 4191 1810 952
f 3136 3312 8339
f 4192 953 1811
f 8729 5549 3174
f 11306 2291 7877
f 8730 3175 5550
f 11307 7878 2292
f 11393 6107 5746
f 11392 5745 6106
f 11985 4154 2841
f 8598 1353 11600
f 11986 2842 4155
f 8599 11601 1354
f 5746 6053 4491
f 5745 4490 6052
f 3143 945 11991
f 3473 4978 8058
f 3144 11991 946
f 3473 8059 4979
f 3784 11452 8164
f 9580 5066 4424
f 3785 8165 11453
f 9581 4425 5067
f 3147 7490 892
f 3913 12015 892
f 3148 893 7491
f 3914 893 12016
f 6372 3149 12635
f 3149 3520 10615
f 6373 12636 3150
f 3150 10616 3521
f 317 3151 3024
f 11328 12249 6798
f 318 3025 3152
f 11329 6799 12250
f 3153 10627 2568
f 9195 8632 1488
f 3154 2569 10628
f 9196 1489 8633
f 3155 5430 5822
f 7154 6604 5430
f 3156 5823 5431
f 7155 5431 6605
f 372 6923 3157
f 10910 1841 3974
f 373 3158 6924
f 10911 3975 1842
f 12280 7012 3159
f 12279 3159 7011
f 878 9350 3160
f 5185 2936 5261
f 879 3161 9351
f 5186 5262 2937
f 3162 807 5868
f 9393 1230 10799
f 3163 5869 808
f 9394 10800 1231
f 10295 9144 5631
f 11320 4593 9144
f 10296 5632 9145
f 11321 9145 4594
f 6290 2333 3166
f 9570 9566 9985
f 6291 3167 2334
f 9571 9986 9567
f 9640 4575 3168
f 8608 3168 12503
f 9641 3169 4576
f 8609 12504 3169
f 7543 2256 3170
f 3818 3170 2256
f 7544 3171 2257
f 3819 2257 3171
f 1774 11257 3172
f 6529 10291 4550
f 1775 3173 11258
f 6530 4551 10292
f 8729 3174 1611
f 10337 5404 12515
f 8730 1612 3175
f 10338 12516 5405
f 1832 1035 3176
f 591 1832 7573
f 1833 3177 1036
f 592 7574 1833
f 12505 9888 8056
f 1358 10432 11913
f 12506 8057 9889
f 1359 11914 10433
f 3026 3180 9612
f 9616 10009 4317
f 3027 9613 3181
f 9617 4318 10010
f 9465 6386 3182
f 6222 9235 9465
f 9466 3183 6387
f 6223 9466 9236
f 5056 5191 9270
f 10936 3647 9270
f 5057 9271 5192
f 10937 9271 3648
f 8381 2187 5819
f 8381 5818 2186
f 3187 7642 1115
f 667 8014 10587
f 3188 1116 7643
f 668 10588 8015
f 445 3189 7421
f 7421 5318 7383
f 446 7422 3190
f 7422 7384 5319
f 10356 1216 6745
f 6086 777 8068
f 10357 6746 1217
f 6087 8069 778
f 7106 689 611
f 8691 7772 6552
f 7107 612 690
f 8692 6553 7773
f 3195 772 10878
f 3195 10879 772
f 6977 11080 5540
f 6976 5539 11079
f 7463 12035 3197
f 1591 3197 12350
f 7464 3198 12036
f 1592 12351 3198
f 3199 6163 11167
f 11137 11078 11079
f 3200 11168 6163
f 11138 11080 11078
f 3201 6796 1490
f 3205 11931 2891
f 3202 1491 6797
f 3206 2892 11932
f 1442 3203 708
f 9362 7268 1442
f 1443 709 3204
f 9363 1443 7269
f 1490 5635 3201
f 5635 1555 12558
f 1491 3202 5636
f 5636 12559 1556
f 2905 2529 3207
f 6060 10183 4468
f 2906 3208 2530
f 6061 4469 10184
f 7812 4335 10585
f 10349 447 9946
f 7813 10586 4336
f 10350 9947 448
f 2684 3211 2565
f 7402 2565 3211
f 2685 2566 3212
f 7403 3212 2566
f 11207 7510 3213
f 11207 3213 4438
f 11208 3214 7511
f 11208 4439 3214
f 2022 659 5660
f 659 6853 5660
f 2023 5661 660
f 660 5661 6854
f 3217 2417 11671
f 11911 12329 648
f 3218 11672 2418
f 11912 649 12330
f 3219 530 11822
f 10454 1824 8566
f 3220 11823 531
f 10455 8567 1825
f 11911 7315 12329
f 12329 10866 10930
f 11912 12330 7316
f 12330 10931 10867
f 1344 9728 12071
f 9189 6775 10269
f 1345 12072 9729
f 9190 10270 6776
f 894 3225 8572
f 3225 7630 3291
f 895 8573 3226
f 3226 3292 7631
f 9175 1478 3227
f 3057 7500 6064
f 9176 3228 1479
f 3058 6065 7501
f 750 12556 3229
f 3229 357 2944
f 751 3230 12557
f 3230 2945 358
f 11058 9722 8354
f 3954 7355 11159
f 11059 8355 9723
f 3955 11160 7356
f 7477 11058 8354
f 7477 8354 8352
f 7478 8355 11059
f 7478 8353 8355
f 9383 3235 870
f 1412 4041 4952
f 9384 871 3236
f 1413 4953 4042
f 984 8243 5720
f 8124 4213 984
f 985 5721 8244
f 8125 985 4214
f 11290 9348 10549
f 4752 2497 7449
f 11291 10550 9349
f 4753 7450 2498
f 4460 3241 6757
f 6757 3241 6382
f 4461 6758 3242
f 6758 6383 3242
f 3780 3243 2553
f 8205 6364 4609
f 3781 2554 3244
f 8206 4610 6365
f 11261 583 5142
f 8116 3749 10452
f 11262 5143 584
f 8117 10453 3750
f 7063 8932 11580
f 11576 782 7061
f 7064 11581 8933
f 11577 7062 783
f 6771 3249 10496
f 6771 4812 7893
f 6772 10497 3250
f 6772 7894 4813
f 11826 3251 4137
f 9491 9495 8096
f 11827 4138 3252
f 9492 8097 9496
f 9215 7595 1738
f 9817 1738 1734
f 9216 1739 7596
f 9818 1735 1739
f 9340 3255 2515
f 8084 208 2640
f 9341 2516 3256
f 8085 2641 209
f 3257 2519 6122
f 9371 4801 5782
f 3258 6123 2520
f 9372 5783 4802
f 10712 2297 3259
f 3259 10243 2295
f 10713 3260 2298
f 3260 2296 10244
f 7240 1438 11484
f 7240 1930 1438
f 7241 11485 1439
f 7241 1439 1931
f 11836 8495 3263
f 9983 9213 4223
f 11837 3264 8496
f 9984 4224 9214
f 8495 3265 3263
f 9799 257 3263
f 8496 3264 3266
f 9800 3264 258
f 3267 10918 7831
f 5941 224 305
f 3268 7832 10919
f 5942 306 225
f 12451 3269 4739
f 3269 1826 10135
f 12452 4740 3270
f 3270 10136 1827
f 8839 5925 10517
f 7025 10517 2244
f 8840 10518 5926
f 7026 2245 10518
f 740 8578 2996
f 2996 8578 9461
f 741 2997 8579
f 2997 9462 8579
f 8785 2281 9425
f 2281 8785 1454
f 8786 9426 2282
f 2282 1455 8786
f 3277 11229 3790
f 9044 6210 966
f 3278 3791 11230
f 9045 967 6211
f 240 8781 6038
f 6038 7335 240
f 241 6039 8782
f 6039 241 7336
f 6098 9046 3281
f 9044 966 9050
f 6099 3282 9047
f 9045 9051 967
f 1410 4546 10812
f 8881 9684 6648
f 1411 10813 4547
f 8882 6649 9685
f 3285 1418 6952
f 9971 6946 12063
f 3286 6953 1419
f 9972 12064 6947
f 9592 6310 3287
f 5153 3287 3199
f 9593 3288 6311
f 5154 3200 3288
f 3289 12106 3285
f 12106 3289 2116
f 3290 3286 12107
f 12107 2117 3290
f 9740 886 8687
f 7630 886 9740
f 9741 8688 887
f 7631 9741 887
f 11040 6678 10509
f 462 4532 10392
f 11041 10510 6679
f 463 10393 4533
f 968 3164 8004
f 8004 7835 11460
f 969 8005 3165
f 8005 11461 7836
f 12582 6548 9154
f 1022 12582 9158
f 12583 9155 6549
f 1023 9159 12583
f 10527 8180 6501
f 7256 1063 2419
f 10528 6502 8181
f 7257 2420 1064
f 1476 3297 3301
f 1476 3301 10099
f 1477 3302 3298
f 1477 10100 3302
f 7553 3611 3303
f 6159 1282 1010
f 7554 3304 3612
f 6160 1011 1283
f 7175 1356 3305
f 2222 8054 758
f 7176 3306 1357
f 2223 759 8055
f 3307 1228 7597
f 6110 7597 9445
f 3308 7598 1229
f 6111 9446 7598
f 1621 3309 8717
f 9963 8721 8715
f 1622 8718 3310
f 9964 8716 8722
f 10293 3311 12443
f 3135 3311 10293
f 10294 12444 3312
f 3136 10294 3312
f 10755 3313 11274
f 2140 11382 1448
f 10756 11275 3314
f 2141 1449 11383
f 8434 6960 11623
f 5633 3319 11627
f 8435 11624 6961
f 5634 11628 3320
f 10681 3178 10211
f 1534 2379 3331
f 10682 10212 3179
f 1535 3332 2380
f 5024 6925 6929
f 6925 5633 6929
f 5025 6930 6926
f 6926 6930 5634
f 9146 6652 3962
f 2379 1534 6652
f 9147 3963 6653
f 2380 6653 1535
f 3323 6186 742
f 10737 3327 469
f 3324 743 6187
f 10738 470 3328
f 7232 365 5712
f 6132 8654 7232
f 7233 5713 366
f 6133 7233 8655
f 742 3327 3323
f 9832 1057 6868
f 743 3324 3328
f 9833 6869 1058
f 11927 3329 459
f 4906 12139 6442
f 11928 460 3330
f 4907 6443 12140
f 10211 3331 10681
f 7156 5786 1384
f 10212 10682 3332
f 7157 1385 5787
f 1130 6598 10944
f 3337 10139 1130
f 1131 10945 6599
f 3338 1131 10140
f 6972 6913 9112
f 2150 11105 10347
f 6973 9113 6914
f 2151 10348 11106
f 3337 1130 10944
f 4544 3333 2914
f 3338 10945 1131
f 4545 2915 3334
f 1689 2666 3339
f 7385 9006 1770
f 1690 3340 2667
f 7386 1771 9007
f 2156 3341 9890
f 10502 10500 7023
f 2157 9891 3342
f 10503 7024 10501
f 5303 11542 3343
f 3343 1158 6072
f 5304 3344 11543
f 1159 3344 6073
f 2694 8673 7349
f 6446 4420 11143
f 2695 7350 8674
f 6447 11144 4421
f 5374 3347 11330
f 4684 9348 7037
f 5375 11331 3348
f 4685 7038 9349
f 11250 3349 9497
f 3491 7918 8922
f 11251 9498 3350
f 3492 8923 7919
f 7740 3351 5852
f 5945 8765 477
f 7741 5853 3352
f 5946 478 8766
f 1667 6352 3353
f 421 5933 4462
f 1668 3354 6353
f 422 4463 5934
f 3355 10137 477
f 7740 477 8765
f 3356 478 10138
f 7741 8766 478
f 9924 9360 3357
f 5607 4293 7905
f 9925 3358 9361
f 5608 7906 4294
f 6412 10259 7930
f 7930 8679 6412
f 6413 7931 10260
f 7931 6413 8680
f 11828 5880 11066
f 6426 1673 9791
f 11829 11067 5881
f 6427 9792 1674
f 12088 4171 3363
f 5625 8066 5680
f 12089 3364 4172
f 5626 5681 8067
f 3367 4127 2000
f 3367 12584 8467
f 3368 2001 4128
f 3368 8468 12585
f 3365 10529 1273
f 4021 10533 9997
f 3366 1274 10530
f 4022 9998 10534
f 8450 6302 3369
f 9950 12307 1368
f 8451 3370 6303
f 9951 1369 12308
f 1887 8134 3371
f 9083 3375 6330
f 1888 3372 8135
f 9084 6331 3376
f 5840 2198 3373
f 10980 2198 970
f 5841 3374 2199
f 10981 971 2199
f 698 7158 9660
f 1887 3371 11704
f 699 9661 7159
f 1888 11705 3372
f 1604 6146 11762
f 1604 5071 7994
f 1605 11763 6147
f 1605 7995 5072
f 1689 7146 3379
f 8188 10315 5615
f 1690 3380 7147
f 8189 5616 10316
f 8863 3381 6184
f 8922 11752 3381
f 8864 6185 3382
f 8923 3382 11753
f 1398 3383 7433
f 5125 8047 2634
f 1399 7434 3384
f 5126 2635 8047
f 896 3385 2616
f 3424 9856 6837
f 897 2617 3386
f 3425 6838 9857
f 7875 5360 3387
f 3387 1041 11959
f 7876 3388 5361
f 3388 11960 1042
f 4767 485 3389
f 4766 3389 485
f 10785 6178 3390
f 10201 7828 3390
f 10786 3391 6179
f 10202 3391 7829
f 7698 9227 11430
f 3375 2507 8600
f 7699 11431 9228
f 3376 8601 2508
f 10181 4613 3394
f 6911 8871 10974
f 10182 3395 4614
f 6912 10975 8872
f 3396 5505 495
f 3782 6058 4269
f 3397 496 5506
f 3783 4270 6059
f 3398 8612 11683
f 3454 7656 4619
f 3399 11684 8613
f 3455 4620 7657
f 11414 3400 2541
f 2178 8152 12321
f 11415 2542 3401
f 2179 12322 8153
f 2441 3402 10003
f 10003 6000 5453
f 2442 10004 3403
f 10004 5454 6001
f 11239 3404 2279
f 3404 551 2279
f 11240 2280 3405
f 3405 2280 552
f 1581 3551 9692
f 9692 7333 1581
f 1582 9693 3552
f 9693 1582 7334
f 5018 1254 3408
f 6142 9449 4303
f 5019 3409 1255
f 6143 4304 9450
f 5118 7958 8576
f 5118 11979 5812
f 5119 8577 7959
f 5119 5813 11980
f 6610 945 3143
f 5745 6610 6106
f 6611 3144 946
f 5746 6107 6611
f 3414 2022 5660
f 3215 11074 3414
f 3415 5661 2023
f 3216 3415 11075
f 6897 1938 3416
f 7122 872 10405
f 6898 3417 1939
f 7123 10406 873
f 640 3418 2729
f 4980 3728 3929
f 641 2730 3419
f 4981 3930 3729
f 266 3420 2831
f 266 2194 12078
f 267 2832 3421
f 267 12079 2195
f 1746 3422 5708
f 9880 3039 10625
f 1747 5709 3423
f 9881 10626 3040
f 896 3424 6837
f 5116 4388 8436
f 897 6838 3425
f 5117 8437 4389
f 11255 3426 4548
f 3426 266 4193
f 11256 4549 3427
f 3427 4194 267
f 3428 1547 11030
f 8023 6304 1547
f 3429 11031 1548
f 8024 1548 6305
f 5521 11488 3852
f 6505 1075 10055
f 5522 3853 11489
f 6506 10056 1076
f 7191 3432 770
f 6634 6076 7268
f 7192 771 3433
f 6635 7269 6077
f 2549 6686 3434
f 1216 2549 3434
f 2550 3435 6687
f 1217 3435 2550
f 1454 3436 2281
f 1454 4484 3436
f 1455 2282 3437
f 1455 3437 4485
f 956 4550 9834
f 956 9834 10916
f 957 9835 4551
f 957 10917 9835
f 3440 1071 6765
f 9142 423 3440
f 3441 6766 1072
f 9143 3441 424
f 3301 3442 10099
f 8552 6763 5794
f 3302 10100 3443
f 8553 5795 6764
f 8416 6054 9453
f 3131 1512 9453
f 8417 9454 6055
f 3132 9454 1513
f 1686 3446 3235
f 6538 5311 4492
f 1687 3236 3447
f 6539 4493 5312
f 3448 10591 3444
f 4538 6753 523
f 3449 3445 10592
f 4539 524 6754
f 10073 864 3450
f 5888 4719 864
f 3451 865 10074
f 5889 865 4720
f 3452 8221 3583
f 8833 1166 3452
f 3453 3584 8222
f 8834 3453 1167
f 3454 3398 681
f 1075 11971 681
f 3455 682 3399
f 1076 682 11972
f 2341 12005 3456
f 7391 2341 3456
f 2342 3457 12006
f 7392 3457 2342
f 7067 3458 2960
f 11000 2814 8402
f 7068 2961 3459
f 11001 8403 2815
f 8312 11201 3460
f 5048 11197 11774
f 8313 3461 11202
f 5049 11775 11198
f 8282 10601 3462
f 7195 10873 1414
f 8283 3463 10602
f 7196 1415 10872
f 1974 455 6676
f 5048 11774 8779
f 1975 6677 456
f 5049 8780 11775
f 8255 3466 918
f 8256 918 3466
f 3467 9447 2525
f 5911 5573 12235
f 3468 2526 9448
f 5912 12236 5574
f 10464 3084 3469
f 451 7347 2804
f 10465 3470 3085
f 452 2805 7348
f 3471 413 5199
f 12463 9411 5637
f 3472 5200 414
f 12464 5638 9412
f 7059 4978 3473
f 7060 3473 4979
f 8247 5253 10870
f 6224 10870 1710
f 8248 10871 5254
f 6225 1711 10871
f 497 9375 3476
f 8396 3476 1496
f 498 3477 9376
f 8397 1497 3477
f 3697 2124 4104
f 4976 3261 12637
f 3698 4105 2125
f 4977 12638 3262
f 5674 10950 3480
f 1121 5002 6816
f 5675 3481 10951
f 1121 6817 5003
f 3486 3482 2328
f 1768 2328 3482
f 3486 2328 3483
f 1769 3483 2328
f 6982 3484 4601
f 6098 4121 9046
f 6983 4602 3485
f 6099 9047 4122
f 3483 12419 11252
f 3482 11252 12418
f 6715 4699 10265
f 7887 1645 4229
f 6716 10266 4700
f 7888 4230 1646
f 7692 3489 945
f 2962 8064 3489
f 7693 946 3490
f 2963 3490 8065
f 3491 7264 408
f 3491 5493 7264
f 3492 409 7265
f 3492 7265 5494
f 1847 9884 10111
f 2020 7461 7935
f 1848 10112 9885
f 2021 7936 7462
f 5392 910 3495
f 5219 3495 6614
f 5393 3496 911
f 5220 6615 3496
f 3497 2090 9286
f 9278 12003 9282
f 3498 9287 2091
f 9279 9283 12004
f 992 11799 6531
f 992 6531 11798
f 8582 1966 2897
f 12542 8582 12363
f 8583 2898 1967
f 12543 12364 8583
f 3502 1758 7924
f 5315 6492 3726
f 3503 7925 1759
f 5316 3727 6493
f 5799 2745 3504
f 10327 11109 1145
f 5800 3505 2746
f 10328 1146 11110
f 4824 2690 10942
f 4824 2316 7397
f 4825 10943 2691
f 4825 7398 2317
f 5977 1828 7980
f 12437 6212 7980
f 5978 7981 1829
f 12438 7981 6213
f 6350 3510 10581
f 1498 1762 4990
f 6351 10582 3511
f 1499 4991 1763
f 12372 2285 5227
f 9425 10960 2285
f 12373 5228 2286
f 9426 2286 10961
f 3514 6350 10581
f 1002 2150 9288
f 3515 10582 6351
f 1003 9289 2151
f 9914 369 3516
f 9914 3516 9437
f 9915 3517 370
f 9915 9438 3517
f 3518 5828 10830
f 8154 9811 10830
f 3519 10831 5829
f 8155 10831 9812
f 3520 9310 10615
f 5448 323 2626
f 3521 10616 9311
f 5449 2627 324
f 307 3522 988
f 8280 8966 8276
f 308 989 3523
f 8281 8277 8967
f 2745 3524 7108
f 10633 2745 5799
f 2746 7109 3525
f 10634 5800 2746
f 5571 3526 9608
f 5453 6000 779
f 5572 9609 3527
f 5454 780 6001
f 8410 3528 10015
f 3528 609 10015
f 8411 10016 3529
f 3529 10016 610
f 986 4940 7343
f 7343 4940 10474
f 987 7344 4941
f 7344 10475 4941
f 2190 3532 604
f 5971 6876 9415
f 2191 605 3533
f 5972 9416 6877
f 3534 1613 8907
f 8148 1613 9342
f 3535 8908 1614
f 8149 9343 1614
f 1968 3536 11288
f 929 8701 6786
f 1969 11289 3537
f 930 6787 8702
f 3538 8201 3018
f 5597 1268 11939
f 3539 3019 8202
f 5598 11940 1269
f 3540 9170 11675
f 11280 6678 8681
f 3541 11676 9171
f 11281 8682 6679
f 3538 3018 3542
f 7855 4428 11939
f 3539 3543 3019
f 7856 11940 4429
f 9848 1506 880
f 9848 8891 1506
f 9849 881 1507
f 9849 1507 8892
f 7608 11185 3546
f 7608 3546 5078
f 7609 3547 11186
f 7609 5079 3547
f 11616 2904 11614
f 11615 11614 2903
f 1024 6464 3549
f 6958 3549 10061
f 1025 3550 6465
f 6959 10062 3550
f 3551 6507 11766
f 1575 5384 6620
f 3552 11767 6508
f 1576 6621 5385
f 10061 9754 3553
f 919 722 7593
f 10062 3554 9755
f 920 7594 723
f 9744 5501 10446
f 2447 9435 2938
f 9745 10447 5502
f 2448 2939 9436
f 543 8871 3557
f 6800 6796 3557
f 544 3558 8872
f 6801 3558 6797
f 4113 3559 4719
f 10077 5372 7341
f 4114 4720 3560
f 10078 7342 5373
f 8980 1350 10440
f 10440 1350 9807
f 8981 10441 1351
f 10441 9808 1351
f 3563 2371 6779
f 5888 9690 4719
f 3564 6780 2372
f 5889 4720 9691
f 11022 3561 9807
f 698 11193 7158
f 11023 9808 3562
f 699 7159 11194
f 11700 206 3567
f 2030 5905 8140
f 11701 3568 207
f 2031 8141 5906
f 9403 3569 6258
f 9403 8719 10571
f 9404 6259 3570
f 9404 10572 8720
f 1444 2664 3571
f 12237 6490 5138
f 1445 3572 2665
f 12238 5139 6491
f 539 9572 3573
f 5629 7088 539
f 540 3574 9573
f 5630 540 7089
f 3575 9556 4117
f 9560 5442 3718
f 3576 4118 9557
f 9561 3719 5443
f 1853 3577 3874
f 5004 3577 1853
f 1854 3875 3578
f 5005 1854 3578
f 3227 786 3579
f 786 3281 3579
f 3228 3580 787
f 787 3580 3282
f 5416 4390 1210
f 342 4743 9632
f 5417 1211 4391
f 342 9633 4743
f 3583 2871 1992
f 7096 5838 8819
f 3584 1993 2872
f 7097 8820 5839
f 2561 3585 4972
f 12396 5724 1432
f 2562 4973 3586
f 12397 1433 5725
f 555 3587 7626
f 11165 2320 7524
f 556 7627 3588
f 11166 7525 2321
f 7941 3972 488
f 12396 9726 12323
f 7942 489 3973
f 12397 12324 9727
f 4341 3591 1740
f 9582 2774 11004
f 4342 1741 3592
f 9583 11005 2775
f 8452 3593 6484
f 6484 3593 3100
f 8453 6485 3594
f 6485 3101 3594
f 3595 7744 8905
f 4333 9274 6088
f 3596 8906 7745
f 4334 6089 9275
f 7986 3597 12167
f 11163 773 7752
f 7987 12168 3598
f 11164 7753 774
f 3313 3599 11274
f 3599 3464 7120
f 3314 11275 3600
f 3600 7121 3465
f 6304 5981 1547
f 9658 2455 665
f 6305 1548 5982
f 9659 666 2456
f 81 91 3603
f 6596 2184 4255
f 82 3604 92
f 6597 4256 2185
f 3605 2270 6891
f 10633 9854 6398
f 3606 6892 2271
f 10634 6399 9855
f 12161 5769 5012
f 9604 3762 779
f 12162 5013 5770
f 9605 780 3763
f 3540 5641 3609
f 2254 1020 8237
f 3541 3610 5642
f 2255 8238 1021
f 3303 3611 3251
f 3611 4137 3251
f 3304 3252 3612
f 3612 3252 4138
f 3840 11284 12649
f 5994 12649 11284
f 3841 12650 11285
f 5995 11285 12650
f 2592 4193 11872
f 10199 2855 5836
f 2593 11873 4194
f 10200 5837 2856
f 3617 1540 11032
f 10123 1540 3617
f 3618 11033 1541
f 10124 3618 1541
f 7236 10444 3619
f 5726 3619 10444
f 7237 3620 10445
f 5727 10445 3620
f 7234 3621 3852
f 11046 7234 2638
f 7235 3853 3622
f 11047 2639 7235
f 9732 2042 3623
f 5279 5275 5989
f 9733 3624 2043
f 5280 5990 5276
f 1964 3625 5257
f 1964 6142 3625
f 1965 5258 3626
f 1965 3626 6143
f 9999 6170 8524
f 6166 6170 11308
f 10000 8525 6171
f 6167 11309 6171
f 3629 11446 4818
f 8701 6513 2072
f 3630 4819 11447
f 8702 2073 6514
f 3631 6741 11042
f 5609 1699 2322
f 3632 11043 6742
f 5610 2323 1700
f 9779 9513 6122
f 11492 2329 8027
f 9780 6123 9514
f 11493 8028 2330
f 925 2082 3635
f 2082 10579 3635
f 926 3636 2083
f 2083 3636 10580
f 2869 3637 4942
f 2869 632 3637
f 2870 4943 3638
f 2870 3638 633
f 6120 3639 6488
f 7895 8377 6488
f 6121 6489 3640
f 7896 6489 8378
f 5026 2501 11854
f 6501 8180 7585
f 5027 11855 2502
f 6502 7586 8181
f 6226 295 3643
f 4686 2698 5587
f 6227 3644 296
f 4687 5588 2699
f 1408 3645 359
f 12529 12525 359
f 1409 360 3646
f 12530 360 12526
f 10936 2260 3647
f 7142 12065 9584
f 10937 3648 2261
f 7143 9585 12066
f 6602 10223 248
f 248 10223 7206
f 6603 249 10224
f 249 7207 10224
f 10335 3651 11359
f 10535 9207 6749
f 10336 11360 3652
f 10536 6750 9208
f 9750 3653 5645
f 6521 8667 2347
f 9751 5646 3654
f 6522 2348 8668
f 12479 7939 3655
f 2509 257 5569
f 12480 3656 7940
f 2510 5570 258
f 3657 11494 962
f 6328 8392 2539
f 3658 963 11495
f 6329 2540 8393
f 3659 1348 625
f 8743 625 9940
f 3660 626 1349
f 8744 9941 626
f 4789 3661 9245
f 1793 4452 1176
f 4790 9246 3662
f 1794 1177 4453
f 10729 1279 9443
f 10325 5674 6666
f 10730 9444 1280
f 10326 6667 5675
f 5801 2062 7746
f 9752 4783 7746
f 5802 7747 2063
f 9753 7747 4784
f 3667 1232 6174
f 2279 7295 6990
f 3668 6175 1233
f 2280 6991 7296
f 3669 11621 8298
f 4152 2916 9670
f 3670 8299 11622
f 4153 9671 2917
f 3671 671 6905
f 4721 6264 3671
f 3672 6906 672
f 4722 3672 6265
f 1913 8126 12217
f 7778 1913 6478
f 1914 12218 8127
f 7779 6479 1914
f 6244 3675 1557
f 11901 1712 9300
f 6245 1558 3676
f 11902 9301 1713
f 7164 1855 4019
f 1859 11659 244
f 7165 4020 1856
f 1860 245 11660
f 4723 6933 3679
f 3679 1992 1450
f 4724 3680 6934
f 3680 1451 1993
f 12076 1273 3681
f 10529 8467 1273
f 12077 3682 1274
f 10530 1274 8468
f 11286 6360 3683
f 11257 2764 11514
f 11287 3684 6361
f 11258 11515 2765
f 1181 12348 2158
f 7622 12348 4852
f 1182 2159 12349
f 7623 4853 12349
f 3649 4219 3687
f 5577 5573 8192
f 3650 3688 4220
f 5578 8193 5574
f 3689 6692 6068
f 10462 530 3689
f 3690 6069 6693
f 10463 3690 531
f 10223 6602 11516
f 5577 12147 3687
f 10224 11517 6603
f 5578 3688 12148
f 5700 11764 3693
f 2570 3693 1079
f 5701 3694 11765
f 2571 1080 3694
f 3695 7865 412
f 7172 2305 9225
f 3696 412 7866
f 7172 9226 2305
f 2124 3697 2851
f 2851 3697 6226
f 2125 2852 3698
f 2852 6227 3698
f 4500 7734 3699
f 5475 7395 8735
f 4501 3700 7735
f 5476 8736 7396
f 8646 1766 6759
f 8650 8652 6857
f 8647 6760 1767
f 8651 6858 8653
f 3703 8917 8306
f 1913 8917 6478
f 3704 8307 8918
f 1914 6479 8918
f 10609 3705 9253
f 5151 860 1869
f 10610 9254 3706
f 5152 1870 861
f 2355 3707 3223
f 9189 1344 7774
f 2356 3224 3708
f 9190 7775 1345
f 9641 4576 1047
f 9640 1047 4575
f 3404 3710 551
f 551 3710 4625
f 3405 552 3711
f 552 4626 3711
f 367 3712 714
f 8809 6208 6192
f 368 715 3713
f 8810 6193 6209
f 3714 403 5627
f 6346 3714 5627
f 3715 5628 404
f 6347 5628 3715
f 10900 4156 3716
f 7256 9610 7254
f 10901 3717 4157
f 7257 7255 9611
f 9560 3718 9556
f 9441 3718 6859
f 9561 9557 3719
f 9442 6860 3719
f 3720 777 6086
f 12361 8675 777
f 3721 6087 778
f 12362 778 8676
f 3722 9762 943
f 6288 1587 1561
f 3723 944 9763
f 6289 1562 1588
f 3724 6505 9304
f 1617 509 11852
f 3725 9305 6506
f 1618 11853 510
f 397 3726 1754
f 6492 7924 3726
f 398 1755 3727
f 6493 3727 7925
f 3418 640 3728
f 3728 640 10187
f 3419 3729 641
f 3729 10188 641
f 3730 9515 1516
f 9515 7284 3960
f 3731 1517 9516
f 9516 3961 7285
f 11917 3732 7600
f 3732 6767 8596
f 11918 7601 3733
f 3733 8597 6768
f 3734 3184 9600
f 6935 12429 9600
f 3735 9601 3185
f 6936 9601 12430
f 9148 3736 4098
f 3732 10994 738
f 9149 4099 3737
f 3733 739 10995
f 11238 8077 5347
f 11237 5346 8076
f 9205 309 3739
f 3739 12133 850
f 9206 3740 310
f 3740 851 12134
f 3741 9987 2038
f 6448 3741 3335
f 3742 2039 9988
f 6449 3336 3742
f 3743 3739 850
f 11679 1484 6944
f 3744 851 3740
f 11680 6945 1485
f 9387 3745 4623
f 6847 3745 1641
f 9388 4624 3746
f 6848 1642 3746
f 9724 2541 3747
f 7351 6788 10902
f 9725 3748 2542
f 7352 10903 6789
f 583 4432 9942
f 583 9942 5142
f 584 9943 4433
f 584 5143 9943
f 3751 163 115
f 79 3751 9042
f 80 9043 3752
f 3752 116 164
f 3755 3753 2335
f 11965 9261 7027
f 3755 2336 3754
f 11966 7028 9261
f 3755 444 3753
f 3755 3754 444
f 3756 8365 890
f 6212 10996 7177
f 3757 891 8366
f 6213 7178 10997
f 8294 7666 3758
f 3758 41 9439
f 8295 3759 7667
f 3759 9440 42
f 3760 8373 3756
f 12437 7718 6212
f 3761 3757 8374
f 12438 6213 7719
f 9247 3762 3607
f 3762 837 3607
f 9248 3608 3763
f 3763 3608 838
f 673 790 11211
f 7547 4830 3126
f 674 11212 791
f 7548 3127 4831
f 7321 2810 9262
f 2810 7873 9262
f 7322 9263 2811
f 2811 9263 7874
f 8695 3768 10239
f 11961 8211 389
f 8696 10240 3769
f 11962 390 8212
f 2551 1962 10049
f 10049 10069 2932
f 2552 10050 1963
f 10050 2933 10070
f 8675 12185 1220
f 10239 8211 11961
f 8676 1221 12186
f 10240 11962 8212
f 11410 8430 4980
f 10858 1600 7636
f 11411 4981 8431
f 10859 7637 1601
f 5380 11464 1950
f 10233 4970 841
f 5381 1951 11465
f 10234 842 4971
f 6785 3778 9197
f 5461 484 12075
f 6785 9198 3779
f 5462 12075 484
f 12647 3780 726
f 9257 3780 3776
f 12648 727 3781
f 9258 3777 3781
f 6058 3782 3396
f 3534 8907 6773
f 6059 3397 3783
f 3535 6774 8908
f 6806 11292 3145
f 5066 10021 9666
f 6807 3146 11293
f 5067 9667 10022
f 8753 4581 3786
f 7933 12127 2668
f 8754 3787 4582
f 7934 2669 12128
f 3788 8719 9403
f 1795 12603 4400
f 3789 9404 8720
f 1796 4401 12604
f 6210 3790 966
f 5792 966 7216
f 6211 967 3791
f 5793 7217 967
f 3792 10231 3544
f 7696 2134 12225
f 3793 3545 10232
f 7697 12226 2135
f 10645 3172 3794
f 7788 10645 3794
f 10646 3795 3173
f 7789 3795 10646
f 2014 3796 3426
f 4870 10203 6674
f 2015 3427 3797
f 4871 6675 10204
f 2972 11538 3798
f 2972 5868 807
f 2973 3799 11539
f 2973 808 5869
f 9662 3800 8976
f 7972 5328 7075
f 9663 8977 3801
f 7973 7076 5329
f 8207 2318 3802
f 5609 4964 2318
f 8208 3803 2319
f 5610 2319 4965
f 10251 1748 3804
f 916 7958 3410
f 10252 3805 1749
f 917 3411 7959
f 3806 9654 7674
f 3806 1187 6654
f 3807 7675 9655
f 3807 6655 1188
f 2996 9461 10225
f 978 12564 8454
f 2997 10226 9462
f 979 8455 12565
f 3810 4115 2162
f 2162 2688 3810
f 3811 2163 4116
f 2163 3811 2689
f 10299 11882 1812
f 7863 10791 7859
f 10300 1813 11883
f 7864 7860 10792
f 1029 6444 3814
f 6927 12568 8859
f 1030 3815 6445
f 6928 8860 12569
f 3816 9777 3084
f 4674 3816 3084
f 3817 3085 9778
f 4675 3085 3817
f 11534 3818 10990
f 9748 11072 5955
f 11535 10991 3819
f 9749 5956 11073
f 3820 7612 990
f 7730 6874 1105
f 3821 991 7613
f 7731 1106 6875
f 3822 6517 12340
f 6517 11534 10990
f 3823 12341 6518
f 6518 10991 11535
f 3416 3824 8388
f 1593 8384 1288
f 3417 8389 3825
f 1594 1289 8385
f 9975 10777 10563
f 6384 623 10563
f 9976 10564 10778
f 6385 10564 624
f 10605 3828 386
f 1984 6454 3828
f 10606 387 3829
f 1985 3829 6455
f 12281 11361 3830
f 794 11306 7877
f 12282 3831 11362
f 795 7878 11307
f 3635 10579 921
f 5850 1346 9517
f 3636 922 10580
f 5851 9518 1347
f 1067 2110 3834
f 3834 2608 10091
f 1068 3835 2111
f 3835 10092 2609
f 3836 7948 7565
f 9993 8198 8442
f 3837 7566 7949
f 9994 8443 8198
f 980 5712 3838
f 980 11764 5700
f 981 3839 5713
f 981 5701 11765
f 12649 6096 10511
f 7744 557 8926
f 12650 10512 6097
f 7745 8927 558
f 3842 7057 425
f 8477 1464 6130
f 3843 426 7058
f 8478 6131 1465
f 10019 3844 10795
f 8745 7019 10019
f 10020 10796 3845
f 8746 10020 7020
f 1321 11808 8259
f 5320 12609 6380
f 1322 8260 11809
f 5321 6381 12610
f 12285 3848 457
f 12281 4496 11361
f 12286 458 3849
f 12282 11362 4497
f 3850 5692 9756
f 7726 7098 11205
f 3851 9757 5693
f 7727 11206 7099
f 3852 11488 8158
f 7234 3852 4856
f 3853 8159 11489
f 7235 4857 3853
f 150 8346 3854
f 4325 3213 7510
f 151 3855 8347
f 4326 7511 3214
f 843 3856 5064
f 8626 7680 843
f 844 5065 3857
f 8627 844 7681
f 425 7057 3858
f 425 3858 3862
f 426 3859 7058
f 426 3863 3859
f 3860 6558 4201
f 12398 11119 573
f 3861 4202 6559
f 12399 574 11120
f 8909 12497 425
f 4711 1462 4707
f 8910 426 12498
f 4712 4708 1463
f 1232 3864 2976
f 8074 8114 8980
f 1233 2977 3865
f 8075 8981 8115
f 1026 9073 1113
f 6220 9097 7903
f 1027 1114 9074
f 6221 7904 9098
f 12539 3868 9427
f 2016 3876 3868
f 12540 9428 3869
f 2017 3869 3877
f 1362 3870 9950
f 6798 3359 9602
f 1363 9951 3871
f 6799 9603 3360
f 3872 6466 6747
f 3868 8542 10105
f 3873 6748 6467
f 3869 10106 8543
f 3577 732 3874
f 732 10484 5728
f 3578 3875 733
f 733 5729 10485
f 2016 3108 3876
f 2108 7539 3108
f 2017 3877 3109
f 2109 3109 7540
f 3878 10543 655
f 10888 4729 3878
f 3879 656 10544
f 10889 3879 4730
f 1478 3880 3227
f 3880 2449 3227
f 1479 3228 3881
f 3881 3228 2450
f 3998 3882 644
f 6939 4542 5346
f 3998 644 3883
f 6939 5347 4543
f 3305 3884 2222
f 5235 9413 11432
f 3306 2223 3885
f 5236 11433 9414
f 3886 2024 7861
f 7274 3886 3976
f 3887 7862 2025
f 7275 3977 3887
f 9195 3888 194
f 9588 194 7049
f 9196 195 3889
f 9589 7050 195
f 5306 9180 5302
f 5305 5301 9179
f 11263 3890 1136
f 11263 1136 6650
f 11264 1136 3890
f 11264 6651 1136
f 2068 6723 3893
f 5322 8160 2064
f 2069 3894 6724
f 5323 2065 8161
f 10609 5148 3705
f 5148 8787 993
f 10610 3706 5149
f 5149 994 8788
f 3897 10930 7357
f 2910 8741 11800
f 3898 7358 10931
f 2911 11801 8742
f 9793 3899 3895
f 8787 5148 10609
f 9794 3896 3900
f 8788 10610 5149
f 3901 695 6556
f 3440 5790 1071
f 3902 6557 696
f 3441 1072 5791
f 594 3903 10151
f 1938 6897 9336
f 595 10152 3904
f 1939 9337 6898
f 1008 2036 3905
f 5595 1008 10623
f 1009 3906 2037
f 5596 10624 1009
f 6312 2485 3907
f 3907 2485 1651
f 6313 3908 2486
f 3908 1652 2486
f 3909 10998 5434
f 9020 5892 12021
f 3910 5435 10999
f 9021 12022 5893
f 3911 839 12094
f 8727 2584 8775
f 3912 12095 840
f 8728 8776 2585
f 3913 2833 12015
f 4321 2833 5171
f 3914 12016 2834
f 4322 5172 2834
f 12453 8428 5102
f 5714 11907 10922
f 12454 5103 8429
f 5715 10923 11908
f 11692 3917 7990
f 7990 8687 7549
f 11693 7991 3918
f 7991 7550 8688
f 11113 2421 3919
f 10317 2052 1306
f 11114 3920 2422
f 10318 1307 2053
f 11724 7654 768
f 768 10119 7972
f 11725 769 7655
f 769 7973 10120
f 10119 768 7654
f 3921 7110 10125
f 10120 7655 769
f 3922 10126 7111
f 7770 1143 3925
f 6166 11308 3925
f 7771 3926 1144
f 6167 3926 11309
f 277 4870 3927
f 9308 9156 11318
f 278 3928 4871
f 9309 11319 9157
f 2650 3929 10321
f 10718 6216 9322
f 2651 10322 3930
f 10719 9323 6217
f 2042 6050 3931
f 3623 2042 3931
f 2043 3932 6051
f 3624 3932 2043
f 5273 10185 9067
f 10659 1037 9004
f 5274 9068 10186
f 10660 9005 1038
f 6496 10819 12042
f 6496 12041 10818
f 2154 8386 3936
f 2660 7475 1760
f 2155 3937 8387
f 2661 1761 7476
f 6497 2443 10217
f 10818 12041 12297
f 6498 10218 2444
f 10819 12298 12042
f 1336 10129 3057
f 10129 7500 3057
f 1337 3058 10130
f 10130 3058 7501
f 10430 1917 3942
f 1917 3667 6174
f 10431 3943 1918
f 1918 6175 3668
f 3944 2827 5866
f 3944 2439 4828
f 3945 5867 2828
f 3945 4829 2440
f 9095 6804 821
f 6348 11474 9095
f 9096 822 6805
f 6349 9096 11475
f 3948 7250 3325
f 1234 401 3948
f 3949 3326 7251
f 1235 3949 402
f 12108 5998 3950
f 5086 6002 600
f 12109 3951 5999
f 5087 601 6003
f 3952 2222 10395
f 3952 10395 4452
f 3953 10396 2223
f 3953 4453 10396
f 10366 3954 11159
f 1466 3392 10370
f 10367 11160 3955
f 1467 10371 3393
f 3956 2735 7118
f 3956 8261 2735
f 3957 7119 2736
f 3957 2736 8262
f 1631 8761 7150
f 4394 7150 8761
f 1632 7151 8762
f 4395 8762 7151
f 3960 2046 5187
f 2046 3960 11629
f 3961 5188 2047
f 2047 11630 3961
f 3962 4253 2383
f 7808 6462 10698
f 3963 2384 4254
f 7809 10699 6463
f 1879 2802 3964
f 6476 2802 6480
f 1880 3965 2803
f 6477 6481 2803
f 11582 7978 3966
f 3966 9467 1665
f 11583 3967 7979
f 3967 1666 9468
f 2610 5267 3559
f 5372 9744 7341
f 2611 3560 5268
f 5373 7342 9745
f 11860 8811 11856
f 8811 5077 1714
f 11861 11857 8812
f 8812 1715 5077
f 7941 1887 3972
f 1887 11704 9083
f 7942 3973 1888
f 1888 9084 11705
f 372 3157 8642
f 10376 11095 8815
f 373 8643 3158
f 10377 8816 11096
f 3976 3886 11935
f 1300 2601 7136
f 3977 11936 3887
f 1301 7137 2602
f 6719 3978 6090
f 876 10992 6808
f 6720 6091 3979
f 877 6809 10993
f 6570 3980 3940
f 10589 2289 4770
f 6571 3941 3981
f 10590 4771 2290
f 11436 7992 12293
f 7992 2804 12293
f 11437 12294 7993
f 7993 12294 2805
f 2792 2788 3984
f 10057 2792 3984
f 2793 3985 2789
f 10058 3985 2793
f 4682 10649 12494
f 11125 724 9540
f 4683 12495 10650
f 11126 9541 725
f 3988 2747 5778
f 3992 7555 8229
f 3989 5779 2748
f 3993 8230 7556
f 1506 12433 3990
f 10145 561 378
f 1507 3991 12434
f 10146 379 562
f 3992 8566 10671
f 3992 10454 8566
f 3993 10672 8567
f 3993 8567 10455
f 9840 5601 479
f 8755 12195 5648
f 9841 480 5602
f 8756 5649 12196
f 10920 2527 3996
f 10920 9136 2084
f 10921 3997 2528
f 10921 2085 9137
f 9099 10107 7484
f 9099 7485 10108
f 3999 5959 2582
f 9205 4864 7197
f 4000 2583 5960
f 9206 7198 4865
f 9389 251 4001
f 277 4001 4870
f 9390 4002 252
f 278 4871 4002
f 6396 4003 8968
f 6144 8972 4003
f 6397 8969 4004
f 6145 4004 8973
f 6054 1434 9576
f 493 3444 6054
f 6055 9577 1435
f 494 6055 3445
f 958 4007 2459
f 9940 5344 9118
f 959 2460 4008
f 9941 9119 5345
f 4009 2020 7939
f 4009 6410 2020
f 4010 7940 2021
f 4010 2021 6411
f 8510 3577 4011
f 5004 4011 3577
f 8511 4012 3578
f 5005 3578 4012
f 4910 4013 5209
f 1873 2735 8261
f 4911 5210 4014
f 1874 8262 2736
f 3235 4015 870
f 6885 5726 10444
f 3236 871 4016
f 6886 10445 5727
f 2160 9314 4017
f 8444 4017 9296
f 2161 4018 9315
f 8445 9297 4018
f 4019 7577 3677
f 8540 3677 4351
f 4020 3678 7578
f 8541 4352 3678
f 2652 4021 9997
f 7758 1577 5931
f 2653 9998 4022
f 7759 5932 1578
f 6927 8859 4023
f 10972 4023 1579
f 6928 4024 8860
f 10973 1580 4024
f 3387 9124 4025
f 11097 9124 1804
f 3388 4026 9125
f 11098 1805 9125
f 4027 1004 11468
f 4856 11241 7502
f 4028 11469 1005
f 4857 7503 11242
f 4029 2287 2776
f 1294 7867 8029
f 4030 2777 2288
f 1295 8030 7868
f 4031 10382 2238
f 4031 10043 12045
f 4032 2239 10383
f 4032 12046 10044
f 7238 7526 2873
f 11400 9815 6246
f 7239 2874 7526
f 11401 6247 9816
f 8594 3986 4035
f 5384 7073 579
f 8595 4036 3987
f 5385 580 7074
f 1828 5977 4037
f 4039 9644 5977
f 1829 4038 5978
f 4040 5978 9645
f 4039 6721 9644
f 11472 6721 4039
f 4040 9645 6722
f 11473 4040 6722
f 11018 7202 4952
f 7100 5820 1193
f 11019 4953 7203
f 7101 1194 5821
f 12243 4434 2337
f 9081 1804 12243
f 12244 2338 4435
f 9082 12244 1805
f 10174 820 4045
f 10173 4045 819
f 4046 10237 12247
f 1826 3269 12451
f 4047 12248 10238
f 1827 12452 3270
f 12037 7134 4048
f 12033 12037 6907
f 12038 4049 7135
f 12034 6908 12038
f 429 9550 7288
f 10117 7319 4739
f 430 7289 9551
f 10118 4740 7320
f 11621 4052 8298
f 1128 5884 6907
f 11622 8299 4053
f 1129 6908 5885
f 6277 11364 7913
f 6276 7913 11363
f 4055 11736 6833
f 8406 762 9431
f 4056 6834 11737
f 8407 9432 763
f 4057 4054 10401
f 4057 1089 4054
f 4058 10402 4054
f 4058 4054 1089
f 10063 2110 10828
f 7736 3502 1284
f 10064 10829 2111
f 7737 1285 3503
f 4061 677 2533
f 677 9036 5428
f 4062 2534 678
f 678 5429 9037
f 4063 2373 8253
f 12363 12588 12253
f 4064 8254 2374
f 12364 12254 12588
f 2857 9191 4065
f 2680 6362 4069
f 2858 4066 9192
f 2681 4070 6363
f 4067 7248 7445
f 8247 8841 5253
f 4068 7446 7249
f 8248 5254 8842
f 2853 8420 4069
f 4069 6362 4654
f 2854 4070 8421
f 4070 4655 6363
f 4071 3474 630
f 10343 5356 8138
f 4072 631 3475
f 10344 8139 5357
f 7533 2680 4073
f 2680 4069 7650
f 7534 4074 2681
f 2681 7651 4070
f 4075 8016 6562
f 8016 4075 10547
f 4076 6563 8017
f 8017 10548 4076
f 8104 4077 9768
f 319 4077 1087
f 8105 9769 4078
f 320 1088 4078
f 2714 6696 6007
f 2713 6006 6695
f 12102 4080 5894
f 9967 744 1718
f 12103 5895 4081
f 9968 1719 745
f 4960 8661 1434
f 2499 8002 8661
f 4961 1435 8662
f 2500 8662 8003
f 9112 1002 5929
f 11105 9112 6913
f 9113 5930 1003
f 11106 6914 9113
f 4086 4617 10249
f 6094 9596 2918
f 4087 10250 4618
f 6095 2919 9597
f 4088 6626 10882
f 7867 2287 4029
f 4089 10883 6627
f 7868 4030 2288
f 4090 1240 3994
f 479 8755 9840
f 4091 3995 1241
f 480 9841 8756
f 1111 11568 4092
f 7696 7956 2134
f 1112 4093 11569
f 7697 2135 7957
f 5513 10716 8456
f 12386 9385 1883
f 5514 8457 10717
f 12387 1884 9386
f 11058 4096 9722
f 11568 6026 4092
f 11059 9723 4097
f 11569 4093 6027
f 4098 473 9148
f 7798 2409 7299
f 4099 9149 474
f 7799 7300 2410
f 10535 6749 8041
f 8461 1984 3828
f 10536 8042 6750
f 8462 3829 1985
f 8544 3919 6950
f 11909 10317 11113
f 8545 6951 3920
f 11910 11114 10318
f 4104 4791 3279
f 3261 11484 12637
f 4105 3280 4792
f 3262 12638 11485
f 1107 4106 7712
f 2132 4106 1107
f 1108 7713 4107
f 2133 1108 4107
f 4108 1311 1944
f 5366 8029 7148
f 4109 1945 1312
f 5367 7149 8030
f 8198 3837 7949
f 8198 7948 3836
f 8404 4111 1667
f 4573 10720 901
f 8405 1668 4112
f 4574 902 10721
f 6966 505 6970
f 12193 7369 505
f 6967 6971 506
f 12194 506 7370
f 7212 4115 12199
f 2656 6534 1857
f 7213 12200 4116
f 2657 1858 6535
f 9785 3575 4117
f 1958 4117 11637
f 9786 4118 3576
f 1959 11638 4118
f 4119 11730 10667
f 10667 5477 7459
f 4120 10668 11731
f 10668 7460 5478
f 4121 6098 8612
f 3398 4121 8612
f 4122 8613 6099
f 3399 8613 4122
f 7033 2283 4123
f 8148 11784 1613
f 7034 4124 2284
f 8149 1614 11785
f 1382 8398 4125
f 7417 5706 1382
f 1383 4126 8399
f 7418 1383 5707
f 4127 3367 4021
f 5561 6470 4021
f 4128 4022 3368
f 5562 4022 6471
f 6334 6964 4129
f 4129 9564 2361
f 6335 4130 6965
f 4130 2362 9565
f 2270 2056 4131
f 10561 8934 2056
f 2271 4132 2057
f 10562 2057 8935
f 4872 1736 4133
f 1736 4139 4133
f 4873 4134 1737
f 1737 4134 4140
f 11042 5412 4135
f 4910 2210 4135
f 11043 4136 5413
f 4911 4136 2211
f 4137 3611 1458
f 8092 8096 10763
f 4138 1459 3612
f 8093 10764 8097
f 4139 1732 4133
f 10515 6354 5788
f 4140 4134 1733
f 10516 5789 6355
f 9698 4141 1954
f 11030 1547 7843
f 9699 1955 4142
f 11031 7844 1548
f 5461 12075 4143
f 7201 7262 8422
f 5462 4144 12075
f 7201 8423 7263
f 1843 9110 4145
f 12217 8126 7053
f 1844 4146 9111
f 12218 7054 8127
f 9961 2437 9965
f 3034 6161 7563
f 9962 9966 2438
f 3035 7564 6162
f 4149 12364 12588
f 4149 12588 12363
f 8801 4150 831
f 11179 4147 831
f 8802 832 4151
f 11180 832 4148
f 4152 585 2916
f 7725 585 5599
f 4153 2917 585
f 7725 5600 585
f 3140 923 4154
f 7179 11604 1798
f 3141 4155 924
f 7180 1799 11605
f 11070 499 4156
f 4156 499 3716
f 11071 4157 500
f 4157 3717 500
f 4158 8689 11398
f 6680 2988 4158
f 4159 11399 8690
f 6681 4159 2989
f 483 2354 7390
f 483 7389 2353
f 11298 4161 3508
f 6680 4158 11398
f 11299 3509 4162
f 6681 11399 4159
f 541 4163 10555
f 7914 6200 6866
f 542 10556 4164
f 7915 6867 6201
f 3182 4165 2574
f 8763 8767 4165
f 3183 2575 4166
f 8764 4166 8768
f 8853 4167 8849
f 3824 8849 4167
f 8854 8850 4168
f 3825 4168 8850
f 6157 4169 4693
f 1845 11133 2395
f 6158 4694 4170
f 1846 2396 11134
f 517 11892 9696
f 6112 8853 2942
f 518 9697 11893
f 6113 2943 8854
f 4173 10151 3903
f 1398 2920 10155
f 4174 3904 10152
f 1399 10156 2921
f 4175 2487 4662
f 4175 6731 2487
f 4176 4663 2488
f 4176 2488 6732
f 1172 2889 4177
f 5605 2168 10525
f 1173 4178 2890
f 5606 10526 2169
f 3593 2897 4179
f 10462 2897 530
f 3594 4180 2898
f 10463 531 2898
f 9042 4181 10809
f 4181 75 10809
f 9043 10810 4182
f 4182 10810 76
f 3008 4183 6903
f 8562 10506 8558
f 3009 6904 4184
f 8563 8559 10507
f 4185 9507 4183
f 12255 5747 9507
f 4186 4184 9508
f 12256 9508 5748
f 3814 6434 4187
f 7134 471 4048
f 3815 4188 6435
f 7135 4049 472
f 710 4189 4916
f 935 4189 8960
f 711 4917 4190
f 936 8961 4190
f 2467 6358 4191
f 4191 3135 1810
f 2468 4192 6359
f 4192 1811 3136
f 4193 8039 11872
f 4193 266 2831
f 4194 11873 8040
f 4194 2832 267
f 1103 2401 8747
f 12017 1851 8747
f 1104 8748 2402
f 12018 8748 1852
f 581 7652 4197
f 4197 7652 2493
f 582 4198 7653
f 4198 2494 7653
f 2572 5144 4199
f 7853 3553 10712
f 2573 4200 5145
f 7854 10713 3554
f 4201 6558 1452
f 4723 9395 6933
f 4202 1453 6559
f 4724 6934 9396
f 2636 8909 10460
f 2636 8915 6340
f 2637 10461 8910
f 2637 6341 8916
f 1183 4205 11750
f 7437 5193 4376
f 1184 11751 4206
f 7438 4377 5194
f 8948 1596 3069
f 6150 6618 10101
f 8949 3070 1597
f 6151 10102 6619
f 8831 5440 4209
f 11710 8827 8831
f 8832 4210 5441
f 11711 8832 8828
f 2712 7610 4211
f 4211 1701 2712
f 2712 4212 7611
f 4212 2712 1701
f 4213 5696 3237
f 8243 984 4213
f 4214 3238 5697
f 8244 4214 985
f 4215 12635 5165
f 6372 12635 7345
f 4216 5166 12636
f 6373 7346 12636
f 1496 4217 8396
f 11498 11502 5737
f 1497 8397 4218
f 11499 5738 11503
f 9217 7937 8805
f 8805 12143 9209
f 9218 8806 7938
f 8806 9210 12144
f 2998 4141 7839
f 2481 8377 7278
f 2999 7840 4142
f 2482 7279 8378
f 9213 5006 4223
f 8192 12147 5577
f 9214 4224 5007
f 8193 5578 12148
f 2481 7278 4225
f 11446 11448 4818
f 2482 4226 7279
f 11447 4819 11449
f 7650 3114 9836
f 12063 9102 9836
f 7651 9837 3115
f 12064 9837 9103
f 1645 10265 4229
f 11125 3487 724
f 1646 4230 10266
f 11126 725 3488
f 4462 9481 4235
f 3639 8518 6468
f 4463 4236 9482
f 3640 6469 8519
f 4233 3343 9024
f 6624 511 11989
f 4234 9025 3344
f 6625 11990 512
f 4231 1911 11187
f 4631 11187 1911
f 4232 11188 1912
f 4632 1912 11188
f 10279 4237 2268
f 5324 1865 2268
f 10280 2269 4238
f 5325 2269 1866
f 7620 1968 4239
f 11949 2200 1814
f 7621 4240 1969
f 11950 1815 2201
f 10380 11566 2463
f 5040 1532 2463
f 10381 2464 11567
f 5041 2464 1533
f 7628 7620 4239
f 9880 10625 7628
f 7629 4240 7621
f 9881 7629 10626
f 4245 8489 513
f 5040 8791 8795
f 4246 514 8490
f 5041 8796 8792
f 9912 2887 4247
f 2104 8932 7063
f 9913 4248 2888
f 2105 7064 8933
f 11424 6604 7154
f 11424 11458 2690
f 11425 7155 6605
f 11425 2691 11459
f 9977 5406 4251
f 4914 179 1778
f 9978 4252 5407
f 4915 1779 180
f 11608 4253 4251
f 4251 4253 9977
f 11609 4252 4254
f 4252 9978 4254
f 3603 91 11344
f 11344 2192 3603
f 3604 11345 92
f 11345 3604 2193
f 4257 12621 3685
f 2708 1077 6416
f 4258 3686 12622
f 2709 6417 1078
f 9948 3049 11562
f 12003 9075 6316
f 9949 11563 3050
f 12004 6317 9076
f 6196 990 4261
f 6208 2040 6192
f 6197 4262 991
f 6209 6193 2041
f 2184 12080 4255
f 10413 2184 8199
f 2185 4256 12081
f 10414 8200 2185
f 2743 8186 4265
f 908 2743 4265
f 2744 4266 8187
f 909 4266 2744
f 4267 950 8550
f 11635 3703 950
f 4268 8551 951
f 11636 951 3704
f 4814 2885 4269
f 11890 3782 4269
f 4815 4270 2886
f 11891 4270 3783
f 4737 2167 11794
f 2167 7079 11794
f 4738 11795 2167
f 2167 11795 7079
f 4273 2648 8448
f 12053 5890 10143
f 4274 8449 2649
f 12054 10144 5891
f 11448 9789 8278
f 6786 2076 929
f 11449 8279 9790
f 6787 930 2077
f 2160 4277 9314
f 1181 6644 436
f 2161 9315 4278
f 1182 437 6645
f 2700 4279 1260
f 6010 752 4279
f 2701 1261 4280
f 6011 4280 753
f 7152 7393 2912
f 7393 3178 10677
f 7153 2913 7394
f 7394 10678 3179
f 3043 1611 4283
f 1611 3174 4283
f 3044 4284 1612
f 1612 4284 3175
f 1236 4285 7473
f 5832 11625 3211
f 1237 7474 4286
f 5833 3212 11626
f 1919 4287 9241
f 10073 1915 507
f 1920 9242 4288
f 10074 508 1916
f 7236 3619 9354
f 1222 2479 4812
f 7237 9355 3620
f 1223 4813 2480
f 4287 6066 8348
f 10073 507 4287
f 4288 8349 6067
f 10074 4288 508
f 5607 9360 4293
f 4293 1139 9870
f 5608 4294 9361
f 4294 9871 1140
f 2672 5767 4295
f 6382 3241 2672
f 2673 4296 5768
f 6383 2673 3242
f 4297 4970 10233
f 8211 8209 389
f 4298 10234 4971
f 8212 390 8210
f 6699 4299 997
f 5177 10209 1830
f 6700 998 4300
f 5178 1831 10210
f 4301 11237 2391
f 4526 5896 6501
f 4302 2392 11238
f 4527 6502 5897
f 4303 843 12435
f 9264 4303 6128
f 4304 12436 844
f 9265 6129 4304
f 4305 6870 1623
f 4305 1623 6519
f 4306 1624 6871
f 4306 6520 1624
f 4245 4307 8489
f 11378 11382 2140
f 4246 8490 4308
f 11379 2141 11383
f 4309 2938 4822
f 2938 4309 5336
f 4310 4823 2939
f 2939 5337 4310
f 4311 1484 1800
f 4311 11442 7461
f 4312 1801 1485
f 4312 7462 11443
f 4313 11804 2924
f 4532 11332 4313
f 4314 2925 11805
f 4533 4314 11333
f 11346 11744 4315
f 4311 11346 11442
f 11347 4316 11745
f 4312 11443 11347
f 4317 2277 7467
f 4982 10388 4317
f 4318 7468 2278
f 4983 4318 10389
f 8033 6282 901
f 11123 901 10720
f 8034 902 6283
f 11124 10721 902
f 438 4321 5171
f 10743 5589 438
f 439 5172 4322
f 10744 439 5590
f 6868 4323 11151
f 4323 10892 11155
f 6869 11152 4324
f 4324 11156 10893
f 8757 11157 11584
f 11157 150 3854
f 8758 11585 11158
f 11158 3855 151
f 7075 4327 7972
f 1340 7191 6638
f 7076 7973 4328
f 1341 6639 7192
f 10537 3004 1206
f 5131 8715 8721
f 10538 1207 3005
f 5132 8722 8716
f 742 1849 4331
f 11786 11490 7875
f 743 4332 1850
f 11787 7876 11491
f 9710 12231 4333
f 4333 805 9274
f 9711 4334 12232
f 4334 9275 806
f 7932 4335 7812
f 4335 1310 11352
f 7932 7813 4336
f 4336 11352 1310
f 1553 3067 4337
f 5581 4705 11876
f 1554 4338 3068
f 5582 11877 4706
f 7830 4339 12319
f 4045 10173 1333
f 7830 12320 4340
f 4045 1333 10174
f 5722 3591 4341
f 12094 839 10599
f 5723 4342 3592
f 12095 10600 840
f 4890 1246 6044
f 1246 4890 3098
f 4891 6045 1247
f 1247 3099 4891
f 3341 6682 4345
f 3964 8031 1879
f 3342 4346 6683
f 3965 1880 8032
f 4347 7335 11107
f 4347 240 7335
f 4348 11108 7336
f 4348 7336 241
f 3341 4349 6682
f 4349 3341 7023
f 3342 6683 4350
f 4350 7024 3342
f 1460 4351 2692
f 11107 1460 4347
f 1461 2693 4352
f 11108 4348 1461
f 4357 11868 4353
f 1754 4353 397
f 4358 4354 11869
f 1755 398 4354
f 12374 4355 2616
f 10773 8432 2616
f 12375 2617 4356
f 10774 2617 8433
f 4357 7676 11868
f 9622 5858 9479
f 4358 11869 7677
f 9623 9480 5859
f 8314 8056 9888
f 8056 8314 10211
f 8315 9889 8057
f 8057 10212 8315
f 5402 5794 4361
f 4361 5794 8217
f 5403 4362 5795
f 4362 8218 5795
f 2118 12388 2741
f 4646 6954 355
f 2119 2742 12389
f 4647 356 6955
f 4365 602 1014
f 12313 7946 6662
f 4366 1015 603
f 12314 6663 7947
f 6776 10270 9657
f 6775 9656 10269
f 4368 1158 8286
f 4368 657 3563
f 4369 8287 1159
f 4369 3564 658
f 5495 3295 509
f 509 1617 5495
f 5496 510 3296
f 510 5496 1618
f 11732 7648 4372
f 9310 11318 4372
f 11733 4373 7649
f 9311 4373 11319
f 9642 7986 4374
f 7986 7114 4374
f 9643 4375 7987
f 7987 4375 7115
f 7437 4376 8215
f 7877 11418 7077
f 7438 8216 4377
f 7878 7078 11419
f 6656 200 4378
f 10255 8946 4378
f 10256 4379 8947
f 6657 4379 201
f 4380 4860 11714
f 4380 11714 3319
f 4381 11715 4861
f 4381 3320 11715
f 4382 10307 4524
f 2766 6572 6056
f 4383 4525 10308
f 2767 6057 6573
f 9071 1325 12271
f 8394 4380 6668
f 9072 12272 1326
f 8395 6669 4381
f 4386 8203 1270
f 10177 5981 2090
f 4387 1271 8204
f 10178 2091 5982
f 4388 519 11702
f 896 4388 3424
f 4389 11703 520
f 897 3425 4389
f 5416 1272 4390
f 10700 10697 606
f 5417 4391 1272
f 10701 606 10697
f 9187 4392 5169
f 1111 6238 9646
f 9188 5170 4393
f 1112 9647 6239
f 10323 634 4394
f 9618 12189 634
f 10324 4395 635
f 9619 635 12190
f 4396 8921 6942
f 10700 606 6100
f 4397 6943 8921
f 10701 6101 606
f 1836 9350 878
f 1836 7469 4801
f 1837 879 9351
f 1837 4802 7470
f 1795 4400 10789
f 5451 9505 339
f 1796 10790 4401
f 5452 340 9506
f 4402 5499 898
f 12485 5907 12489
f 4403 899 5500
f 12486 12490 5908
f 6230 744 9967
f 6230 9324 744
f 6231 9968 745
f 6231 745 9325
f 2349 1768 4406
f 11074 3215 9842
f 2350 4407 1769
f 11075 9843 3216
f 1768 6408 7353
f 1402 11223 8288
f 1769 7354 6409
f 1403 8289 11224
f 10223 10227 4410
f 4410 10413 8199
f 10224 4411 10228
f 4411 8200 10414
f 2952 12471 1680
f 8990 6701 2952
f 2953 1681 12472
f 8991 2953 6702
f 3508 4414 1988
f 4414 2312 1988
f 3509 1989 4415
f 4415 1989 2313
f 3096 4416 4958
f 4416 3096 1742
f 3097 4959 4417
f 4417 1743 3097
f 3756 890 8879
f 8879 6428 11348
f 3757 8880 891
f 8880 11349 6429
f 4420 10545 11143
f 10541 1857 1204
f 4421 11144 10546
f 10542 1205 1858
f 9668 4741 4422
f 1101 7333 653
f 9669 4423 4742
f 1102 654 7334
f 8164 4424 3784
f 4424 2192 11344
f 8165 3785 4425
f 4425 11345 2193
f 8610 2078 4426
f 12535 10890 12537
f 8611 4427 2079
f 12536 12538 10891
f 12108 11572 4428
f 12108 4428 7855
f 12109 4429 11573
f 12109 7856 4429
f 4492 8479 4430
f 4430 1155 9989
f 4493 4431 8480
f 4431 9990 1156
f 5424 466 4432
f 4432 466 3749
f 5425 4433 467
f 4433 3750 467
f 1504 11472 4039
f 4850 11472 1504
f 1505 4040 11473
f 4851 1505 11473
f 5545 4436 2397
f 7672 4436 813
f 5546 2398 4437
f 7673 814 4437
f 4438 2847 6831
f 10305 4129 11310
f 4439 6832 2848
f 10306 11311 4130
f 1877 4900 4440
f 10725 3601 8895
f 1878 4441 4901
f 10726 8896 3602
f 1174 11412 11034
f 12063 6946 9102
f 1175 11035 11413
f 12064 9103 6947
f 2814 1822 4444
f 756 6292 4444
f 2815 4445 1823
f 757 4445 6293
f 9393 4446 1230
f 6224 12481 1230
f 9394 1231 4447
f 6225 1231 12482
f 2642 4448 469
f 9499 3110 7514
f 2643 470 4449
f 9500 7515 3111
f 4450 11470 839
f 12439 5716 9251
f 4451 840 11471
f 12440 9252 5717
f 3661 4452 1793
f 8673 6540 7349
f 3662 1794 4453
f 8674 7350 6541
f 5223 7435 4454
f 8502 9038 10864
f 5224 4455 7436
f 8503 10865 9039
f 1724 4456 12398
f 12406 1033 11520
f 1725 12399 4457
f 12407 11521 1034
f 4458 1240 8721
f 569 8725 3309
f 4459 8722 1241
f 570 3310 8726
f 5743 4460 8570
f 8570 9172 7204
f 5744 8571 4461
f 8571 7205 9173
f 10261 4462 4235
f 421 4462 3353
f 10262 4236 4463
f 422 3354 4463
f 9172 4464 1559
f 5412 6741 1559
f 9173 1560 4465
f 5413 1560 6742
f 4466 12499 2958
f 12353 10205 6092
f 4467 2959 12500
f 12354 6093 10206
f 9126 10386 6402
f 10386 10183 8994
f 9127 6403 10387
f 10387 8995 10184
f 12104 4470 6452
f 12104 6254 4470
f 12105 6453 4471
f 12105 4471 6255
f 964 4472 9014
f 964 7918 4472
f 965 9015 4473
f 965 4473 7919
f 1434 4474 4960
f 9022 1434 6054
f 1435 4961 4475
f 9023 6055 1435
f 4476 11355 12237
f 11430 9227 7508
f 4477 12238 11356
f 11431 7509 9228
f 9700 4478 2393
f 8454 6988 4478
f 9701 2394 4479
f 8455 4479 6989
f 7648 7780 7976
f 7976 7723 7648
f 7649 7977 7781
f 7977 7649 7724
f 8823 4528 2275
f 4484 9944 3436
f 8824 2276 4529
f 4485 3437 9945
f 255 2034 6406
f 9048 6148 10221
f 256 6407 2035
f 9049 10222 6149
f 3347 8497 4486
f 2493 6242 8274
f 3348 4487 8498
f 2494 8275 6243
f 4488 613 8697
f 3287 5153 9592
f 4489 8698 614
f 3288 9593 5154
f 4490 2757 12227
f 3142 2757 4490
f 4491 12228 2757
f 3142 4491 2757
f 1686 4492 3446
f 3446 4492 4430
f 1687 3447 4493
f 3447 4431 4493
f 4494 7035 5469
f 10553 431 1625
f 4495 5470 7036
f 10554 1626 432
f 12285 457 2339
f 2339 821 9908
f 12286 2340 458
f 2340 9909 822
f 4498 11060 10637
f 7453 1315 12045
f 4499 10638 11061
f 7454 12046 1316
f 4500 9906 7734
f 10826 1581 9906
f 4501 7735 9907
f 10827 9907 1582
f 4023 10814 4502
f 7453 10814 10637
f 4024 4503 10815
f 7454 10638 10815
f 4504 1270 8203
f 9876 6030 5708
f 4505 8204 1271
f 9877 5709 6031
f 8233 6956 6958
f 819 2186 8233
f 8234 6959 6957
f 820 8234 2187
f 8773 4508 6030
f 8727 8775 8773
f 8774 6031 4509
f 8728 8774 8776
f 8642 3157 11526
f 12151 6200 11526
f 8643 11527 3158
f 12152 11527 6201
f 9302 3469 4512
f 4512 3469 7970
f 9303 4513 3470
f 4513 7971 3470
f 2883 4514 7616
f 1319 4514 8602
f 2884 7617 4515
f 1320 8603 4515
f 7309 4516 9598
f 1589 4516 5382
f 7310 9599 4517
f 1590 5383 4517
f 4874 423 2126
f 11456 12287 8463
f 4875 2127 424
f 11457 8464 12288
f 1802 2557 4520
f 2557 10693 4520
f 1803 4521 2558
f 2558 4521 10694
f 2377 359 10488
f 10484 8867 2377
f 2378 10489 360
f 10485 2378 8868
f 11480 4524 6872
f 4382 4524 433
f 11481 6873 4525
f 4383 434 4525
f 4766 4301 4526
f 4526 4301 2391
f 4767 4527 4302
f 4527 2392 4302
f 4528 8928 6228
f 9944 6406 4482
f 4529 6229 8929
f 9945 4483 6407
f 2525 9447 4530
f 8495 7937 3265
f 2526 4531 9448
f 8496 3266 7938
f 4532 3293 5801
f 10509 4532 462
f 4533 5802 3294
f 10510 463 4533
f 5911 4534 9979
f 4530 9447 3265
f 5912 9980 4535
f 4531 3266 9448
f 3153 2568 9391
f 2568 5786 9391
f 3154 9392 2569
f 2569 9392 5787
f 4538 10591 9538
f 10832 8060 9538
f 4539 9539 10592
f 10833 9539 8061
f 391 2555 10237
f 391 10237 4046
f 392 10238 2556
f 392 4047 10238
f 7220 4542 10141
f 4542 644 10141
f 7221 10142 4543
f 4543 10142 644
f 3337 10940 4544
f 3337 8588 712
f 3338 4545 10941
f 3338 713 8589
f 10848 8251 888
f 10848 6664 3283
f 10849 889 8252
f 10849 3284 6665
f 3426 2369 4548
f 1327 5557 10358
f 3427 4549 2370
f 1328 10359 5558
f 3794 8249 4550
f 8249 583 11261
f 3795 4551 8250
f 8250 11262 584
f 4552 9884 1996
f 5862 4552 1996
f 4553 1997 9885
f 5863 1997 4553
f 4554 4448 1482
f 4583 4554 1482
f 4555 1483 4449
f 4584 1483 4555
f 8302 11612 111
f 97 10275 6436
f 8303 112 11613
f 98 6437 10276
f 4558 10145 378
f 2710 4558 9087
f 4559 379 10146
f 2711 9088 4559
f 4560 10293 3307
f 4560 3307 7597
f 4561 3308 10294
f 4561 7598 3308
f 1585 2216 7506
f 4516 7309 9237
f 1586 7507 2217
f 4517 9238 7310
f 4564 515 1392
f 10820 1392 7488
f 4565 1393 516
f 10821 7489 1393
f 7496 6756 2598
f 2598 6694 7496
f 7497 2598 6756
f 2598 7497 6694
f 4568 12024 8022
f 4568 8022 12023
f 5619 4569 2182
f 7984 4241 10380
f 5620 2183 4570
f 7985 10381 4242
f 10908 1791 4571
f 1302 4571 1791
f 10909 4572 1792
f 1303 1792 4572
f 1667 10720 11089
f 11089 6352 1667
f 1668 11090 10721
f 11090 1668 6353
f 3168 4575 12503
f 2138 9708 4033
f 3169 12504 4576
f 2139 4034 9709
f 2855 10199 4577
f 2855 5996 6226
f 2856 4578 10200
f 2856 6227 5997
f 6855 10378 4579
f 281 4579 10378
f 6856 4580 10379
f 282 10379 4580
f 3120 11189 4956
f 9702 3120 6554
f 3121 4957 11190
f 9703 6555 3121
f 4583 1482 10757
f 9304 6505 4583
f 4584 10758 1483
f 9305 4584 6506
f 6554 4956 11643
f 6554 3120 4956
f 6555 11644 4957
f 6555 4957 3121
f 4587 3504 7381
f 10327 1145 3504
f 4588 7382 3505
f 10328 3505 1146
f 4589 6523 11911
f 8002 2499 1286
f 4590 11912 6524
f 8003 1287 2500
f 4591 2322 1699
f 11050 4591 1699
f 4592 1700 2323
f 11051 1700 4592
f 9144 4593 11468
f 4027 11468 4593
f 9145 11469 4594
f 4028 4594 11469
f 4595 1820 1338
f 7041 8043 8332
f 4596 1339 1821
f 7042 8333 8044
f 4597 691 10803
f 8859 1579 4023
f 4598 10804 692
f 8860 4024 1580
f 8919 960 3980
f 9787 6182 8408
f 8920 3981 961
f 9788 8409 6183
f 8614 4601 3484
f 9040 1905 6070
f 8615 3485 4602
f 9041 6071 1906
f 8286 1158 6632
f 3343 6632 1158
f 6633 1159 8287
f 3344 1159 6633
f 4605 4191 8759
f 952 9367 11227
f 4606 8760 4192
f 953 11228 9368
f 1834 8835 8138
f 7441 8835 1834
f 1835 8139 8836
f 7442 1835 8836
f 6861 12647 4609
f 4609 12647 726
f 6862 4610 12648
f 4610 727 12648
f 4611 6366 1244
f 4636 4607 7441
f 4612 1245 6367
f 4637 7442 4608
f 4613 11334 1606
f 4613 1606 3394
f 4614 1607 11335
f 4614 3395 1607
f 10219 10215 4615
f 11276 10219 4615
f 10220 4616 10216
f 11277 4616 10220
f 431 4617 4086
f 10553 4617 431
f 432 4087 4618
f 10554 432 4618
f 3398 4619 7732
f 3398 3454 4619
f 3399 7733 4620
f 3399 4620 3455
f 11376 4621 3573
f 5629 539 3573
f 11377 3574 4622
f 5630 3574 540
f 4623 2371 657
f 3745 7369 4623
f 4624 658 2372
f 3746 4624 7370
f 6284 4625 9201
f 3026 11663 3180
f 6285 9202 4626
f 3027 3181 11664
f 2154 8793 607
f 607 5493 6849
f 2155 608 8794
f 608 6850 5494
f 9620 4629 9624
f 9624 10013 11663
f 9621 9625 4630
f 9625 11664 10014
f 1134 4631 10384
f 4631 9795 11187
f 1135 10385 4632
f 4632 11188 9796
f 1166 9760 4633
f 1166 8221 3452
f 1167 4634 9761
f 1167 3453 8222
f 4397 4635 606
f 4396 606 4635
f 1244 10311 4611
f 2324 10311 1244
f 1245 4612 10312
f 2325 1245 10312
f 3966 4638 8656
f 4918 10027 10954
f 3967 8657 4639
f 4919 10955 10028
f 621 4640 3078
f 9358 3078 4640
f 622 3079 4641
f 9359 4641 3079
f 4642 3000 5030
f 11880 2218 10426
f 4643 5031 3001
f 11881 10427 2219
f 9282 12003 3497
f 11322 12003 6316
f 9283 3498 12004
f 11323 6317 12004
f 4363 6954 4646
f 4646 4884 4363
f 4364 4647 6955
f 4647 4364 4885
f 4648 4201 8318
f 12309 4648 1208
f 4649 8319 4202
f 12310 1209 4649
f 12643 12331 9606
f 9999 12331 1096
f 12644 9607 12332
f 10000 1097 12332
f 2725 4652 4470
f 2725 2875 4652
f 2726 4471 4653
f 2726 4653 2876
f 2853 4069 4654
f 8996 9191 5903
f 2854 4655 4070
f 8997 5904 9192
f 2180 8342 4656
f 9016 9020 12021
f 2181 4657 8343
f 9017 12022 9021
f 2978 4658 7766
f 9762 1647 4658
f 2979 7767 4659
f 9763 4659 1648
f 6128 11147 9526
f 9278 5364 4644
f 6129 9527 11148
f 9279 4645 5365
f 5947 10315 8188
f 4175 10315 854
f 5948 8189 10316
f 4176 855 10316
f 349 4664 7610
f 1785 9546 1789
f 349 7611 4665
f 1786 1790 9547
f 11710 8831 4209
f 11722 4209 2375
f 11711 4210 8832
f 11723 2376 4210
f 4664 9366 4668
f 7974 1782 1179
f 4665 4669 9366
f 7975 1179 1782
f 10287 559 4670
f 559 2946 12137
f 10288 4671 560
f 560 12138 2947
f 803 1595 4672
f 10415 6880 525
f 804 4673 1595
f 10416 525 6880
f 4670 4674 12625
f 4670 559 4674
f 4671 12626 4675
f 4671 4675 560
f 1113 4676 8412
f 11726 5854 4680
f 1114 8413 4677
f 11727 4681 5855
f 6699 4678 1141
f 10329 6472 7694
f 6700 1142 4679
f 10330 7695 6473
f 1113 4680 4676
f 3966 4676 9467
f 1114 4677 4681
f 3967 9468 4677
f 3182 2574 4682
f 3182 6222 9465
f 3183 4683 2575
f 3183 9466 6223
f 4684 7037 12241
f 4486 4684 12241
f 4685 12242 7038
f 4487 12242 4685
f 3643 295 4686
f 8723 295 2285
f 3644 4687 296
f 8724 2286 296
f 1470 8799 2539
f 2539 8799 333
f 1471 2540 8800
f 2540 334 8800
f 5919 2715 4690
f 4690 7481 10237
f 5920 4691 2716
f 4691 10238 7482
f 4692 8698 593
f 4692 593 8697
f 4693 481 2100
f 2100 2696 11546
f 4694 2101 482
f 2101 11547 2697
f 4699 4695 1956
f 2521 11064 5525
f 4700 1957 4696
f 2522 5526 11065
f 730 12201 4697
f 12201 7126 4789
f 731 4698 12202
f 12202 4790 7127
f 4699 12562 4695
f 4699 3675 825
f 4700 4696 12563
f 4700 826 3676
f 4701 2760 9369
f 4075 6562 7130
f 4702 9370 2761
f 4076 7131 6563
f 1031 4703 3986
f 10649 9540 12494
f 1032 3987 4704
f 10650 12495 9541
f 974 4705 10852
f 3766 4705 7321
f 975 10853 4706
f 3767 7322 4706
f 1462 8909 4707
f 4707 8909 2636
f 1463 4708 8910
f 4708 2637 8910
f 4709 4562 8450
f 11770 7506 4709
f 4710 8451 4563
f 11771 4710 7507
f 486 4711 4707
f 5283 10075 7966
f 487 4708 4712
f 5284 7967 10076
f 4717 4713 8749
f 10452 2719 8749
f 4718 8750 4714
f 10453 8750 2720
f 6354 720 10121
f 9221 3315 6600
f 6355 10122 721
f 9222 6601 3316
f 11907 4717 3006
f 5714 4717 11907
f 11908 3007 4718
f 5715 11908 4718
f 3450 864 4719
f 4719 5372 3450
f 3451 4720 865
f 4720 3451 5373
f 11454 4721 8350
f 11390 4721 8272
f 11455 8351 4722
f 11391 8273 4722
f 8318 4723 6895
f 1450 4723 3679
f 8319 6896 4724
f 1451 3680 4724
f 7712 4725 1107
f 2829 1508 7926
f 7713 1108 4726
f 2830 7927 1509
f 4209 5440 9874
f 9874 5440 4293
f 4210 9875 5441
f 9875 4294 5441
f 10888 2899 4729
f 7423 5876 4984
f 10889 4730 2900
f 7424 4985 5877
f 4727 9870 4731
f 8118 10085 792
f 4728 4732 9871
f 8119 793 10086
f 4733 4737 7810
f 9858 10706 2684
f 4734 7811 4738
f 9859 2685 10707
f 1022 9158 4735
f 1022 4735 3734
f 1023 4736 9159
f 1023 3735 4736
f 10706 399 4737
f 399 11244 4737
f 10707 4738 400
f 400 4738 11245
f 4050 10117 4739
f 12120 4739 6723
f 4051 4740 10118
f 12121 6724 4740
f 9668 10978 4741
f 6874 4741 3820
f 9669 4742 10979
f 6875 3821 4742
f 5417 1272 4743
f 5416 4743 1272
f 10910 4744 1841
f 1841 4744 1518
f 10911 1842 4745
f 1842 1519 4745
f 2794 11840 4746
f 4746 4750 5780
f 2795 4747 11841
f 4747 5781 4751
f 6833 11736 4748
f 4752 10549 11736
f 6834 4749 11737
f 4753 11737 10550
f 2794 2353 11840
f 2353 7389 11840
f 2795 11841 2354
f 2354 11841 7390
f 4752 3239 10549
f 9223 12631 3239
f 4753 10550 3240
f 9224 3240 12632
f 5106 4754 9407
f 4754 2733 8974
f 5107 9408 4755
f 4755 8975 2734
f 6976 6474 12550
f 4084 12116 6972
f 6977 12551 6475
f 4085 6973 12117
f 4075 4758 4882
f 497 11720 4102
f 4076 4883 4759
f 498 4103 11721
f 5790 4760 2343
f 8618 7067 2343
f 5791 2344 4761
f 8619 2344 7068
f 8811 1714 4762
f 1714 1708 4762
f 8812 4763 1715
f 1715 4763 1709
f 4764 3043 6767
f 3043 10731 856
f 4765 6768 3044
f 3044 857 10732
f 4766 4526 1708
f 1714 4766 1708
f 4767 1709 4527
f 1715 1709 4767
f 1498 7210 4768
f 12102 5894 8072
f 1499 4769 7211
f 12103 8073 5895
f 4770 8008 1035
f 12525 12529 4770
f 4771 1036 8009
f 12526 4771 12530
f 4772 11698 3528
f 7371 11698 4772
f 4773 3529 11699
f 7372 4773 11699
f 2561 4972 4774
f 539 8677 9572
f 2562 4775 4973
f 540 9573 8678
f 8924 4776 12531
f 667 4772 11884
f 8925 12532 4777
f 668 11885 4773
f 5944 741 12060
f 5943 12059 740
f 3544 4779 8891
f 4779 4776 2403
f 3545 8892 4780
f 4780 2404 4777
f 11594 4781 6584
f 6374 784 2461
f 11595 6585 4782
f 6375 2462 785
f 4783 11641 7778
f 4783 9752 347
f 4784 7779 11642
f 4784 348 9753
f 4785 3730 1516
f 796 8608 1516
f 4786 1517 3731
f 797 1517 8609
f 4787 1859 244
f 4787 244 8304
f 4788 245 1860
f 4788 8305 245
f 4789 10986 12201
f 4789 9245 10986
f 4790 12202 10987
f 4790 10987 9246
f 4791 1438 11482
f 12197 4791 11482
f 4792 11483 1439
f 12198 11483 4792
f 1770 9006 4793
f 1766 1770 6759
f 1771 4794 9007
f 1767 6760 1771
f 4795 1252 1984
f 1984 8461 4795
f 4796 1985 1253
f 1985 4796 8462
f 7571 4797 7522
f 3919 2421 4797
f 7572 7523 4798
f 3920 4798 2422
f 4799 3804 1748
f 11072 6818 5955
f 4800 1749 3805
f 11073 5956 6819
f 4801 9371 4398
f 1836 4801 9350
f 4802 4399 9372
f 1837 9351 4802
f 1500 4803 646
f 8767 8763 4803
f 1501 647 4804
f 8768 4804 8764
f 10335 11359 1960
f 2134 1960 9419
f 10336 1961 11360
f 2135 9420 1961
f 547 9229 4807
f 7968 6220 7964
f 548 4808 9230
f 7969 7965 6221
f 11359 4809 1960
f 8170 4809 11394
f 11360 1961 4810
f 8171 11395 4810
f 8904 8419 4811
f 8903 4811 8418
f 2479 4289 4812
f 4289 1569 4812
f 2480 4813 4290
f 4290 4813 1570
f 4814 8877 1522
f 8170 9809 4809
f 4815 1523 8878
f 8171 4810 9810
f 4536 4816 687
f 7808 4816 6462
f 4537 688 4817
f 7809 6463 4817
f 2072 3629 4818
f 2072 4818 4275
f 2073 4819 3630
f 2073 4276 4819
f 11189 3120 7301
f 1448 642 7301
f 11190 7302 3121
f 1449 7302 643
f 10470 4822 8606
f 4822 10470 4309
f 10471 8607 4823
f 4823 4310 10471
f 10946 4824 7397
f 7379 10946 1440
f 10947 7398 4825
f 7380 1441 10947
f 2074 6344 4826
f 4444 2074 6348
f 2075 4827 6345
f 4445 6349 2075
f 4828 1528 12215
f 3506 7397 12215
f 4829 12216 1529
f 3507 12216 7398
f 790 2845 4830
f 11211 790 4830
f 791 4831 2846
f 11212 4831 791
f 8241 3499 4832
f 10235 1903 4832
f 8242 4833 3499
f 10236 4833 1904
f 7818 3716 4834
f 9610 3716 499
f 7819 4835 3717
f 9611 500 3717
f 1855 4836 8112
f 2264 4836 3758
f 1856 8113 4837
f 2265 3759 4837
f 4838 343 3069
f 7760 9417 4918
f 4839 3070 344
f 7761 4919 9418
f 1978 4840 7021
f 4840 6242 10816
f 1979 7022 4841
f 4841 10817 6243
f 6428 4842 11617
f 714 10421 367
f 6429 11618 4843
f 715 368 10422
f 4844 475 4571
f 5338 9219 9840
f 4845 4572 476
f 5339 9841 9220
f 2114 8442 11778
f 2114 11776 3273
f 2115 11779 8443
f 2115 3274 11777
f 377 5991 12595
f 1688 9956 7841
f 377 12596 5991
f 1688 7842 9956
f 2725 4850 2875
f 1195 10834 11099
f 2726 2876 4851
f 1196 11100 10835
f 4852 6214 1563
f 2624 4852 1563
f 4853 1564 6215
f 2625 1564 4853
f 3542 3018 4854
f 8636 3018 6970
f 3543 4855 3019
f 8637 6971 3019
f 1602 4856 3852
f 4856 1602 11241
f 1603 3853 4857
f 4857 11242 1603
f 1653 2760 4858
f 6843 11357 8010
f 1654 4859 2761
f 6844 8011 11358
f 7847 11145 4860
f 4380 10480 4860
f 7848 4861 11146
f 4381 4861 10481
f 523 4862 4538
f 4862 523 10723
f 524 4539 4863
f 4863 10724 524
f 1693 7197 4864
f 8188 3379 7146
f 1694 4865 7198
f 8189 7147 3380
f 3938 5804 4866
f 4866 5804 8090
f 3939 4867 5805
f 4867 8091 5805
f 1195 10213 4868
f 2363 7954 636
f 1196 4869 10214
f 2363 637 7955
f 10203 4870 251
f 4001 251 4870
f 10204 252 4871
f 4002 4871 252
f 750 3229 4872
f 4876 4872 9926
f 751 4873 3230
f 4877 9927 4873
f 617 11276 12287
f 6280 4518 2314
f 618 12288 11277
f 6281 2315 4519
f 750 4872 4876
f 910 9823 9626
f 751 4877 4873
f 911 9627 9824
f 9457 2922 8586
f 2922 1329 8586
f 9458 8587 2923
f 2923 8587 1330
f 4880 9542 12325
f 4880 9574 4886
f 4881 12326 9543
f 4881 4887 9575
f 4882 497 6236
f 497 4882 11720
f 4883 6237 498
f 498 11721 4883
f 4884 12384 4363
f 9544 2226 868
f 4885 4364 12385
f 9545 869 2227
f 4880 4886 9542
f 12511 12513 10611
f 4881 9543 4887
f 12512 10612 12514
f 4888 8843 4884
f 4888 4884 2986
f 4889 4885 8844
f 4889 2987 4885
f 4890 4343 3098
f 4701 9369 8628
f 4891 3099 4344
f 4702 8629 9370
f 1183 11750 4892
f 4892 11750 10731
f 1184 4893 11751
f 4893 10732 11751
f 3259 4894 716
f 716 7258 10153
f 3260 717 4895
f 717 10154 7259
f 4291 7375 4896
f 4287 8348 10073
f 4292 4897 7376
f 4288 10074 8349
f 2907 4345 4898
f 7950 12505 12131
f 2908 4899 4346
f 7951 12132 12506
f 4900 440 4440
f 12211 8078 10017
f 4901 4441 441
f 12212 10018 8079
f 2901 8845 4902
f 2901 8675 12361
f 2902 4903 8846
f 2902 12362 8676
f 1353 4904 4291
f 6072 1158 10753
f 1354 4292 4905
f 1159 6073 10754
f 1907 4906 3329
f 3329 4906 6442
f 1908 3330 4907
f 3330 6443 4907
f 11598 5957 1039
f 11598 1039 10665
f 11599 1040 5958
f 11599 10666 1040
f 12291 12295 4910
f 12295 4013 4910
f 12292 4911 12296
f 12296 4911 4014
f 2056 2270 4912
f 9854 2270 3605
f 2057 4913 2271
f 9855 3606 2271
f 1778 9981 4914
f 8156 11969 6652
f 1779 4915 9982
f 8157 6653 11970
f 12261 710 4916
f 4916 3462 7889
f 12262 4917 711
f 4917 7890 3463
f 2733 6777 9417
f 6777 2733 4754
f 2734 9418 6778
f 6778 4755 2734
f 1619 7788 4920
f 4920 7788 3794
f 1620 4921 7789
f 4921 3795 7789
f 4922 3191 7658
f 5650 8068 10356
f 4923 7659 3192
f 5651 10357 8069
f 2994 4924 7752
f 12607 4924 12601
f 2995 7753 4925
f 12608 12602 4925
f 3038 7410 4926
f 3038 4926 1203
f 3038 4927 7410
f 3038 1203 4927
f 4928 12558 1555
f 6046 1555 2176
f 4929 1556 12559
f 6047 2177 1556
f 6110 9445 4930
f 8626 9455 12257
f 6111 4931 9446
f 8627 12258 9456
f 8420 1170 6707
f 8420 2853 1170
f 8421 6708 1171
f 8421 1171 2854
f 12257 2152 10531
f 9455 2152 12257
f 12258 10532 2153
f 9456 12258 2153
f 10235 4832 4936
f 7266 10079 4566
f 10236 4937 4833
f 7267 4567 10080
f 4938 11504 4942
f 11141 943 4658
f 4939 4943 11505
f 11142 4659 944
f 3289 4940 2116
f 986 2116 4940
f 3290 2117 4941
f 987 4941 2117
f 11141 4942 943
f 943 4942 3722
f 11142 944 4943
f 944 3723 4943
f 8560 992 9463
f 3530 8560 6536
f 8561 9464 992
f 3531 6537 8561
f 8881 11510 4946
f 7583 337 10423
f 8882 4947 11511
f 7584 10424 338
f 5903 4948 12599
f 1422 4948 4940
f 5904 12600 4949
f 1423 4941 4949
f 1410 12169 4950
f 337 7583 12169
f 1411 4951 12170
f 338 12170 7584
f 9383 4952 3235
f 8604 1686 3235
f 9384 3236 4953
f 8605 3236 1687
f 371 4944 4954
f 7901 11794 7079
f 371 4955 4945
f 7902 7079 11795
f 4956 4581 11643
f 4956 3786 4581
f 4957 11644 4582
f 4957 4582 3787
f 4958 11369 3096
f 3030 10131 4958
f 4959 3097 11370
f 3031 4959 10132
f 2499 8661 4960
f 6792 2499 11213
f 2500 4961 8662
f 6793 11214 2500
f 4958 10131 1189
f 1189 10131 5755
f 4959 1190 10132
f 1190 5756 10132
f 3802 2318 4964
f 9654 9674 3802
f 3803 4965 2319
f 9655 3803 9675
f 4966 3946 7762
f 4962 4966 12273
f 4967 7763 3947
f 4963 12274 4967
f 10065 11592 2240
f 2891 2240 11592
f 10066 2241 11593
f 2892 11593 2241
f 4970 9257 3776
f 4970 11464 5380
f 4971 3777 9258
f 4971 5381 11465
f 1432 9530 4972
f 3585 1432 4972
f 1433 4973 9531
f 3586 4973 1433
f 7960 4974 5034
f 2465 4974 1980
f 7961 5035 4975
f 2466 1981 4975
f 2124 4976 4104
f 9704 8346 150
f 2125 4105 4977
f 9705 151 8347
f 4978 11117 12191
f 8058 4978 945
f 4979 12192 11118
f 8059 946 4979
f 4980 8430 3418
f 4980 3418 3728
f 4981 3419 8431
f 4981 3729 3419
f 5927 10388 4982
f 4982 1153 5927
f 5928 4983 10389
f 4983 5928 1154
f 4984 1520 10685
f 4984 10685 7423
f 4985 10686 1521
f 4985 7424 10686
f 4986 3812 7431
f 11882 4986 1812
f 4987 7432 3813
f 11883 1813 4987
f 8516 4988 1317
f 2118 4992 4988
f 8517 1318 4989
f 2119 4989 4993
f 4990 3510 1083
f 1762 3510 4990
f 4991 1084 3511
f 1763 4991 3511
f 4988 4992 1317
f 3974 1317 4992
f 4989 1318 4993
f 3975 4993 1318
f 4994 4990 1083
f 8984 7230 8988
f 4995 1084 4991
f 8985 8989 7231
f 937 4996 10613
f 2644 10169 9243
f 938 10614 4997
f 2645 9244 10170
f 8364 5921 4998
f 2274 183 8360
f 8364 4999 5922
f 2274 8361 183
f 581 5000 7652
f 9556 3718 9441
f 582 7653 5001
f 9557 9442 3719
f 1121 11685 5002
f 2274 8360 11688
f 1121 5003 11685
f 2274 11689 8361
f 5008 4011 5004
f 528 10201 3390
f 5009 5005 4012
f 529 3391 10202
f 12143 8805 3649
f 12143 12147 4223
f 12144 3650 8806
f 12144 4224 12148
f 2614 9122 12122
f 9122 10201 528
f 2615 12123 9123
f 9123 529 10202
f 4055 5010 11010
f 2660 11014 7475
f 4056 11011 5011
f 2661 7476 11015
f 3607 837 5012
f 6338 5012 837
f 3608 5013 838
f 6339 838 5013
f 6168 10436 5014
f 5014 5018 5973
f 6169 5015 10437
f 5015 5974 5019
f 1712 5016 1895
f 1645 11149 1712
f 1713 1896 5017
f 1646 1713 11150
f 10436 12469 7885
f 5014 10436 7885
f 10437 7886 12470
f 5015 7886 10437
f 5020 3555 1262
f 8104 9768 5020
f 5021 1263 3556
f 8105 5021 9769
f 9642 5022 2823
f 10003 6841 2441
f 9643 2824 5023
f 10004 2442 6842
f 2944 5024 1298
f 7604 6668 5024
f 2945 1299 5025
f 7605 5025 6669
f 621 5026 3641
f 3078 5026 621
f 622 3642 5027
f 3079 622 5027
f 5028 1701 4211
f 6942 8921 1701
f 5029 4212 1701
f 6943 1701 8921
f 3000 866 5030
f 5030 7361 8771
f 3001 5031 867
f 5031 8772 7362
f 5032 11655 3544
f 3544 8891 9848
f 5033 3545 11656
f 3545 9849 8892
f 7492 7960 5034
f 884 7252 10351
f 7493 5035 7961
f 885 10352 7253
f 5036 8940 6994
f 6390 1532 8940
f 5037 6995 8941
f 6391 8941 1533
f 309 9205 5038
f 12133 7786 10005
f 310 5039 9206
f 12134 10006 7787
f 6825 5040 11566
f 11566 5040 2463
f 6826 11567 5041
f 11567 2464 5041
f 5042 10161 11524
f 4456 12406 11520
f 5043 11525 10162
f 4457 11521 12407
f 5044 1974 6676
f 5044 6100 1974
f 5045 6677 1975
f 5045 1975 6101
f 8414 5046 3065
f 6781 3065 6376
f 8415 3066 5047
f 6782 6377 3066
f 3460 11466 10807
f 3460 11201 11466
f 3461 10808 11467
f 3461 11467 11202
f 311 5050 3124
f 5050 5446 6670
f 312 3125 5051
f 5051 6671 5447
f 4094 5052 1358
f 1358 5134 10432
f 4095 1359 5053
f 1359 10433 5135
f 2174 11894 9801
f 1160 6014 2174
f 2175 9802 11895
f 1161 2175 6015
f 5056 410 1619
f 5386 5056 7162
f 5057 1620 411
f 5387 7163 5057
f 4476 5058 2505
f 9764 1427 10605
f 4477 2506 5059
f 9765 10606 1428
f 5060 653 11338
f 6550 1296 11412
f 5061 11339 654
f 6551 11413 1297
f 2002 5062 11602
f 2002 6204 8491
f 2003 11603 5063
f 2003 8492 6205
f 9251 5716 5064
f 11712 11173 12100
f 9252 5065 5717
f 11713 12101 11174
f 5066 3784 4424
f 9666 12175 5066
f 5067 4425 3785
f 9667 5067 12176
f 8912 12352 3362
f 8911 3361 12352
f 10972 2407 4023
f 2407 10714 9471
f 10973 4024 2408
f 2408 9472 10715
f 3703 8306 5071
f 8310 3377 5071
f 3704 5072 8307
f 8311 5072 3378
f 10693 2768 5073
f 972 5073 4384
f 10694 5074 2769
f 973 4385 5074
f 4785 5075 12177
f 1516 5075 4785
f 4786 12178 5076
f 1517 4786 5076
f 6647 8812 5077
f 6646 5077 8811
f 1638 3133 5078
f 11012 5078 3133
f 1638 5079 3134
f 11013 3134 5079
f 8390 4605 5080
f 4605 8759 5080
f 8391 5081 4606
f 4606 5081 8760
f 5078 11012 5082
f 1631 7150 11008
f 5079 5083 11013
f 1632 11009 7151
f 5084 9014 712
f 10852 12574 974
f 5085 713 9015
f 10853 975 12575
f 4299 5086 2749
f 5086 600 2749
f 4300 2750 5087
f 5087 2750 601
f 4199 7853 10712
f 2632 7853 4199
f 4200 10713 7854
f 2633 4200 7854
f 5090 1258 1264
f 1258 5090 4428
f 5091 1265 1259
f 1259 4429 5091
f 1682 5092 5098
f 5100 10478 9852
f 1683 5099 5093
f 5101 9853 10479
f 257 5094 10822
f 113 11312 3758
f 258 10823 5095
f 114 3759 11313
f 9920 1682 5096
f 5096 1682 6342
f 9921 5097 1683
f 5097 6343 1683
f 5092 2445 12521
f 8227 7792 1684
f 5093 12522 2446
f 8228 1685 7793
f 10478 5100 9920
f 5092 5100 2445
f 10479 9921 5101
f 5093 2446 5101
f 12455 5102 10998
f 8669 2070 8665
f 12456 10999 5103
f 8670 8666 2071
f 1344 9652 5104
f 5108 7387 5104
f 1345 5105 9653
f 5109 5105 7388
f 5106 2877 2230
f 5106 2230 2054
f 5107 2231 2878
f 5107 2055 2231
f 354 7483 5108
f 6124 342 9632
f 354 5109 7483
f 6125 9633 342
f 11478 3428 5110
f 2624 6769 12641
f 11479 5111 3429
f 2625 12642 6770
f 1924 3010 5112
f 6919 6206 6576
f 1925 5113 3011
f 6920 6577 6207
f 5114 9268 1090
f 5114 4988 8516
f 5115 1091 9269
f 5115 8517 4989
f 1331 2867 5116
f 2006 1331 9061
f 1332 5117 2868
f 2007 9062 1332
f 3410 7958 5118
f 3410 5118 1130
f 3411 5119 7959
f 3411 1131 5119
f 127 801 5120
f 127 5120 800
f 5121 2477 7575
f 4295 8207 7575
f 5122 7576 2478
f 4296 7576 8208
f 6567 6894 5123
f 6566 5123 6893
f 1431 6894 2791
f 1431 2790 6893
f 11842 5125 11846
f 11846 5125 7433
f 11843 11847 5126
f 11847 7434 5126
f 1621 5127 3309
f 3028 10539 5519
f 1622 3310 5128
f 3029 5520 10540
f 1244 5129 2324
f 8184 2324 5129
f 1245 2325 5130
f 8185 5130 2325
f 5131 5951 4329
f 5131 4329 8715
f 5132 4330 5952
f 5132 8716 4330
f 5133 12432 2363
f 5133 2363 12431
f 5052 5134 1358
f 5134 9183 3321
f 5053 1359 5135
f 5135 3322 9184
f 12597 2622 5136
f 5613 5136 2622
f 12598 5137 2623
f 5614 2623 5137
f 6490 3571 5138
f 5138 9034 5058
f 6491 5139 3572
f 5139 5059 9035
f 5140 4082 9648
f 3221 5706 648
f 5141 9649 4083
f 3222 649 5707
f 9628 5142 3245
f 8116 4717 10805
f 9629 3246 5143
f 8117 10806 4718
f 6688 7373 5144
f 6864 5144 10399
f 6689 5145 7374
f 6865 10400 5145
f 5146 3211 11625
f 5146 7402 3211
f 5147 11626 3212
f 5147 3212 7403
f 5148 860 8777
f 860 5148 993
f 5149 8778 861
f 861 994 5149
f 6163 11168 5150
f 6163 5150 11167
f 8777 860 5151
f 3705 5151 10619
f 8778 5152 861
f 3706 10620 5152
f 9592 5153 613
f 5150 11169 11167
f 9593 614 5154
f 5150 11168 11170
f 1861 5155 442
f 5155 4595 10165
f 1862 443 5156
f 5156 10166 4596
f 12548 8821 4731
f 11038 6190 12552
f 12549 4732 8822
f 11039 12553 6191
f 10167 10163 7252
f 5597 1081 1268
f 10168 7253 10164
f 5598 1269 1082
f 1950 10970 5161
f 5380 1950 5161
f 1951 5162 10971
f 5381 5162 1951
f 5163 2849 5167
f 615 8562 9181
f 5164 5168 2850
f 616 9182 8563
f 11997 4215 5165
f 1875 7425 5557
f 11998 5166 4216
f 1876 5558 7426
f 2849 12392 5167
f 1816 3371 8134
f 2850 5168 12393
f 1817 8135 3372
f 10135 5169 5702
f 2415 9187 5169
f 10136 5703 5170
f 2416 5170 9188
f 3913 5171 2833
f 3917 11692 3913
f 3914 2834 5172
f 3918 3914 11693
f 5173 1018 7640
f 10691 5177 1018
f 5174 7641 1019
f 10692 1019 5178
f 5531 5175 2411
f 5175 4811 8903
f 5532 2412 5176
f 5176 8904 4811
f 10691 997 5177
f 997 7922 5177
f 10692 5178 998
f 998 5178 7923
f 993 5179 10924
f 9894 6286 8448
f 994 10925 5180
f 9895 8449 6287
f 11476 4319 11123
f 4319 901 11123
f 11477 11124 4320
f 4320 11124 902
f 3942 5183 8942
f 3942 1917 6174
f 3943 8943 5184
f 3943 6175 1918
f 3160 3714 5185
f 5185 5261 3160
f 3161 5186 3715
f 5186 3161 5262
f 12001 5187 2046
f 1889 5187 1885
f 12002 2047 5188
f 1890 1886 5188
f 11235 5189 3629
f 11235 7363 5189
f 11236 3630 5190
f 11236 5190 7364
f 10932 3184 2260
f 1338 3184 10932
f 10933 2261 3185
f 1339 10933 3185
f 10665 1039 2758
f 9924 7498 9356
f 10666 2759 1040
f 9925 9357 7499
f 12576 6560 5195
f 1006 11450 11444
f 12577 5196 6561
f 1007 11445 11451
f 427 5197 3104
f 1994 6266 12221
f 428 3105 5198
f 1995 12222 6267
f 5199 8536 8106
f 8536 5199 5195
f 5200 8107 8537
f 8537 5196 5200
f 7770 5201 1143
f 3174 3137 5201
f 7771 1144 5202
f 3175 5202 3138
f 535 5203 11740
f 5203 535 1374
f 536 11741 5204
f 5204 1375 536
f 5205 1718 744
f 5205 2146 1718
f 5206 745 1719
f 5206 1719 2147
f 9850 5207 821
f 10095 9908 821
f 9851 822 5208
f 10096 822 9909
f 4013 2608 5209
f 2608 8952 10573
f 4014 5210 2609
f 2609 10574 8953
f 565 5211 5129
f 10739 9706 7706
f 566 5130 5212
f 10740 7707 9707
f 5213 11064 2521
f 6222 5213 9235
f 5214 2522 11065
f 6223 9236 5214
f 5215 1266 6851
f 6168 8883 5215
f 5216 6852 1267
f 6169 5216 8884
f 10712 5217 2297
f 5217 7891 2297
f 10713 2298 5218
f 5218 2298 7892
f 7658 5219 1649
f 12035 7463 1649
f 7659 1650 5220
f 12036 1650 7464
f 5221 6342 1682
f 6729 5221 1682
f 5222 1683 6343
f 6730 1683 5222
f 7758 5223 1577
f 4454 9038 5223
f 7759 1578 5224
f 4455 5224 9039
f 2232 2234 5225
f 8213 2234 1424
f 2233 5226 2235
f 8214 1424 2235
f 3697 3279 10880
f 6226 3697 10880
f 3698 10881 3280
f 6227 10881 3698
f 11028 8606 5229
f 884 2599 5229
f 11029 5230 8607
f 885 5230 2600
f 4189 935 5231
f 9734 935 5459
f 4190 5232 936
f 9735 5460 936
f 2717 2782 5233
f 1474 10033 5233
f 2718 5234 2783
f 1475 5234 10034
f 704 5235 3305
f 3305 5235 3884
f 705 3306 5236
f 3306 3885 5236
f 5237 2320 4195
f 5237 7706 2320
f 5238 4196 2321
f 5238 2321 7707
f 5239 5020 1262
f 3968 11374 1262
f 5240 1263 5021
f 3969 1263 11375
f 1122 12523 5241
f 6849 8382 607
f 1123 5242 12524
f 6850 608 8383
f 5239 1262 11374
f 5239 11374 8201
f 5240 11375 1263
f 5240 8202 11375
f 5806 11371 5245
f 6861 11371 9177
f 5807 5246 11372
f 6862 9178 11372
f 9477 8255 1416
f 6594 8255 2747
f 9478 1417 8256
f 6595 2748 8256
f 2066 6861 10428
f 5235 7996 10428
f 2067 10429 6862
f 5236 10429 7997
f 12410 5251 382
f 10434 1917 10430
f 12411 383 5252
f 10435 10431 1918
f 1710 5253 7494
f 1710 10870 5253
f 1711 7495 5254
f 1711 5254 10871
f 8090 835 7690
f 8280 1808 8966
f 8091 7691 836
f 8281 8967 1809
f 3625 7804 5257
f 661 5257 2387
f 3626 5258 7805
f 662 2388 5258
f 5259 5253 2477
f 10215 2477 5121
f 5260 2478 5254
f 10216 5122 2478
f 5261 878 3160
f 5261 6843 8010
f 5262 3161 879
f 5262 8011 6844
f 5263 2654 7051
f 2654 5263 11259
f 5264 7052 2655
f 2655 11260 5264
f 3931 589 5265
f 2690 11458 589
f 3932 5266 590
f 2691 590 11459
f 2610 3968 5267
f 9928 5501 9744
f 2611 5268 3969
f 9929 9745 5502
f 2058 5269 9620
f 9620 5269 8000
f 2059 9621 5270
f 9621 8001 5270
f 1922 5565 5271
f 5229 8606 12049
f 1923 5272 5566
f 5230 12050 8607
f 8948 3069 5273
f 3069 343 5273
f 8949 5274 3070
f 3070 5274 344
f 3623 9916 5275
f 5279 3623 5275
f 3624 5276 9917
f 5280 5276 3624
f 2727 5277 1665
f 9004 2727 6153
f 2728 1666 5278
f 9005 6154 2728
f 9728 9732 3623
f 1344 1899 9728
f 9729 3624 9733
f 1345 9729 1900
f 5281 9004 6153
f 9262 7873 2172
f 5282 6154 9005
f 9263 2173 7874
f 10075 5283 8239
f 5283 6159 8239
f 10076 8240 5284
f 5284 8240 6160
f 5285 3217 11671
f 5285 9682 3217
f 5286 11672 3218
f 5286 3218 9683
f 5287 5283 7966
f 7061 5287 10687
f 5288 7967 5284
f 7062 10688 5288
f 1047 5289 4575
f 4575 9708 2138
f 1047 4576 5290
f 4576 2139 9709
f 939 5291 12400
f 10083 2970 9255
f 940 12401 5292
f 10084 9256 2971
f 5293 9300 1895
f 5293 6155 947
f 5294 1896 9301
f 5294 948 6156
f 7234 5295 3621
f 3621 5295 11570
f 7235 3622 5296
f 3622 11571 5296
f 2142 5293 5297
f 7484 10107 2142
f 2143 5298 5294
f 7485 2143 10108
f 1865 6980 5299
f 11995 4603 10025
f 1866 5300 6981
f 11996 10026 4604
f 2567 11267 5301
f 11267 3891 7591
f 2567 5302 11267
f 11267 7592 3892
f 10245 5303 4233
f 5299 10025 1865
f 10246 4234 5304
f 5300 1866 10026
f 9714 2567 5305
f 2567 5301 5305
f 9714 5306 2567
f 2567 5306 5302
f 5307 6002 2451
f 8564 11109 10327
f 5308 2452 6003
f 8565 10328 11110
f 7013 10695 242
f 6430 242 10695
f 7014 243 10696
f 6431 10696 243
f 2182 12043 5311
f 736 6390 7140
f 2183 5312 12044
f 737 7141 6391
f 5313 976 10155
f 10795 1789 976
f 5314 10156 977
f 10796 977 1790
f 5315 3726 1722
f 1722 10573 8952
f 5316 1723 3727
f 1723 8953 10574
f 12298 5964 12042
f 12297 12041 5963
f 3189 5917 5318
f 5318 7421 3189
f 3190 5319 5918
f 5319 3190 7422
f 12609 5320 1321
f 1321 5320 9079
f 12610 1322 5321
f 1322 9080 5321
f 2068 5322 1540
f 2068 3893 5322
f 2069 1541 5323
f 2069 5323 3894
f 4237 10543 2268
f 10543 4237 655
f 4238 2269 10544
f 10544 656 4238
f 8452 6484 10793
f 8801 10793 3129
f 8453 10794 6485
f 8802 3130 10794
f 3800 5328 7486
f 3800 7075 5328
f 3801 7487 5329
f 3801 5329 7076
f 9071 5330 1325
f 4621 11376 1891
f 9072 1326 5331
f 4622 1892 11377
f 12629 7682 2206
f 8150 7682 4670
f 12630 2207 7683
f 8151 4671 7683
f 5334 10555 4163
f 1625 4494 10553
f 5335 4164 10556
f 1626 10554 4495
f 5336 1919 9241
f 5336 4309 1919
f 5337 9242 1920
f 5337 1920 4310
f 5338 9630 9219
f 4458 9630 5338
f 5339 9220 9631
f 4459 5339 9631
f 1273 7837 5340
f 1571 10607 12265
f 1274 5341 7838
f 1572 12266 10608
f 11115 12485 1508
f 2829 11115 1508
f 11116 1509 12486
f 2830 1509 11116
f 5344 1492 9118
f 5344 625 5348
f 5345 9119 1493
f 5345 5349 626
f 3738 6939 5346
f 11237 3738 5346
f 3738 5347 6939
f 11238 5347 3738
f 5344 5348 1492
f 5348 1000 8510
f 5345 1493 5349
f 5349 8511 1001
f 6238 5350 11486
f 11655 6978 1702
f 6239 11487 5351
f 11656 1703 6979
f 8146 3874 5352
f 11502 596 5737
f 8147 5353 3875
f 11503 5738 597
f 10854 2859 5354
f 2859 12231 9710
f 10855 5355 2860
f 2860 9711 12232
f 526 5356 6134
f 9379 7025 2244
f 527 6135 5357
f 9380 2245 7026
f 6216 12507 4793
f 12507 1770 4793
f 6217 4794 12508
f 12508 4794 1771
f 12333 11490 11786
f 4770 11530 2968
f 12334 11787 11491
f 4771 2969 11531
f 1974 5362 455
f 10934 6004 8324
f 1975 456 5363
f 10935 8325 6005
f 5364 9526 1530
f 5364 1530 7173
f 5365 1531 9527
f 5365 7174 1531
f 5366 7148 1944
f 5621 5366 1944
f 5367 1945 7149
f 5622 1945 5367
f 4037 5368 1828
f 7573 5368 4037
f 4038 1829 5369
f 7574 4038 5369
f 1932 9892 2806
f 11913 8314 9892
f 1933 2807 9893
f 11914 9893 8315
f 5372 3559 5267
f 3559 5372 4719
f 5373 5268 3560
f 3560 4720 5373
f 12259 5374 1639
f 9487 2928 5374
f 12260 1640 5375
f 9488 5375 2929
f 10438 2511 12017
f 10438 380 2511
f 10439 12018 2512
f 10439 2512 381
f 2650 10321 5378
f 9322 9326 7051
f 2651 5379 10322
f 9323 7052 9327
f 841 4970 5380
f 841 11420 7082
f 842 5381 4971
f 842 7083 11421
f 5382 1360 1589
f 11973 1360 5382
f 5383 1590 1361
f 11974 5383 1361
f 7073 5384 12011
f 10607 1571 11002
f 7074 12012 5385
f 10608 11003 1572
f 5386 7162 2688
f 2060 10482 11278
f 5387 2689 7163
f 2061 11279 10483
f 5388 1806 823
f 5937 5733 12556
f 5389 824 1807
f 5938 12557 5734
f 4512 5390 1109
f 9469 4478 12566
f 4513 1110 5391
f 9470 12567 4479
f 1806 5388 5392
f 6745 8340 1806
f 1807 5393 5389
f 6746 1807 8341
f 4102 11720 5394
f 11909 4102 10317
f 4103 5395 11721
f 11910 10318 4103
f 5396 2405 2314
f 7222 2314 6136
f 5397 2315 2406
f 7223 6137 2315
f 10763 5398 8477
f 8475 7816 2130
f 10764 8478 5399
f 8476 2131 7817
f 2903 5400 11615
f 2903 1897 11925
f 2904 11616 5401
f 2904 11926 1898
f 874 9864 9584
f 9864 8552 5794
f 875 9585 9865
f 9865 5795 8553
f 9132 8534 575
f 9132 575 11814
f 9133 576 8535
f 9133 11815 576
f 8098 5406 970
f 970 10021 6821
f 8099 971 5407
f 971 6822 10022
f 8526 914 5408
f 914 10053 5408
f 8527 5409 915
f 915 5409 10054
f 24 5410 7132
f 5410 24 228
f 11 7133 5411
f 5411 229 11
f 12487 1559 4464
f 7377 12487 4464
f 12488 4465 1560
f 7378 4465 12488
f 6788 2345 5414
f 6146 5414 11762
f 6789 5415 2346
f 6147 11763 5415
f 5416 1210 3581
f 3063 12615 12619
f 5417 3582 1211
f 3064 12620 12616
f 7112 7736 2818
f 6654 7112 2818
f 7113 2819 7737
f 6655 2819 7113
f 1598 345 5420
f 3118 1598 5420
f 1599 5421 346
f 3119 5421 1599
f 2592 5422 6082
f 1334 7406 5900
f 2593 6083 5423
f 1335 5901 7407
f 5424 6322 466
f 5822 1510 1565
f 5425 467 6323
f 5823 1566 1511
f 5426 10523 4878
f 7226 2096 9509
f 5427 4879 10524
f 7227 9510 2097
f 5428 2096 677
f 9509 2096 5428
f 5429 678 2097
f 9510 5429 2097
f 5822 5430 1510
f 5430 7379 1510
f 5823 1511 5431
f 5431 1511 7380
f 5436 6252 5432
f 5923 907 5432
f 5437 5433 6253
f 5924 5433 907
f 5892 5434 12021
f 3305 1356 10984
f 5893 12022 5435
f 3306 10985 1357
f 5436 907 3128
f 5432 907 5436
f 5437 3128 907
f 5433 5437 907
f 9714 5305 5438
f 363 781 8865
f 9714 5439 5306
f 363 8866 781
f 5440 8831 1526
f 4293 5440 7905
f 5441 1527 8832
f 4294 7906 5441
f 7512 12496 5442
f 5442 363 8865
f 7513 5443 12496
f 5443 8866 363
f 2684 10706 5444
f 2684 7529 8235
f 2685 5445 10707
f 2685 8236 7530
f 5050 311 5446
f 2743 10423 8186
f 5051 5447 312
f 2744 8187 10424
f 5448 9310 3520
f 3149 6372 3520
f 5449 3521 9311
f 3150 3521 6373
f 8197 8631 5450
f 8196 5450 8630
f 10789 12537 5451
f 5451 12537 10886
f 10790 5452 12538
f 5452 10887 12538
f 7268 5453 3526
f 5453 9608 3526
f 7269 3527 5454
f 5454 3527 9609
f 5455 2780 2030
f 2780 5455 10727
f 5456 2031 2781
f 2781 10728 5456
f 5457 272 1921
f 7201 8460 7262
f 5458 1921 272
f 7201 7263 8460
f 5459 10846 9734
f 4924 1609 6314
f 5460 9735 10847
f 4925 6315 1610
f 6464 3778 5461
f 484 5461 3778
f 6465 5462 3779
f 484 3779 5462
f 9886 1488 5463
f 2729 5463 7185
f 9887 5464 1489
f 2730 7186 5464
f 2786 11810 5465
f 6018 7522 9128
f 2787 5466 11811
f 6019 9129 7523
f 5467 10828 2110
f 7222 5467 2110
f 5468 2111 10829
f 7223 2111 5468
f 5469 7035 10783
f 8592 2120 7998
f 5470 10784 7036
f 8593 7999 2121
f 5471 12159 10639
f 7734 8735 3699
f 5472 10640 12160
f 7735 3700 8736
f 5763 8624 481
f 6889 2100 481
f 5764 482 8625
f 6890 482 2101
f 10651 7678 5475
f 5475 8735 10651
f 10652 5476 7679
f 5476 10652 8736
f 9959 7459 5477
f 7365 4506 9959
f 9960 5478 7460
f 7366 9960 4507
f 2493 5479 4197
f 2493 8274 8497
f 2494 4198 5480
f 2494 8498 8275
f 5481 3112 2578
f 10710 5481 2692
f 5482 2579 3113
f 10711 2693 5482
f 5483 2784 3500
f 5457 2784 5483
f 5484 3501 2785
f 5458 5484 2785
f 5332 2228 5485
f 10761 8530 5485
f 5333 5486 2229
f 10762 5486 8531
f 11376 5487 1119
f 7847 4860 10480
f 11377 1120 5488
f 7848 10481 4861
f 3108 9389 5489
f 9570 3108 5489
f 3109 5490 9390
f 9571 5490 3109
f 403 4398 5491
f 9513 3633 403
f 404 5492 4399
f 9514 404 3634
f 4627 1092 5493
f 607 8793 5493
f 4628 5494 1093
f 608 5494 8794
f 5495 4370 3295
f 7897 10057 5495
f 5496 3296 4371
f 7898 5496 10058
f 5497 9071 2768
f 9104 5497 2768
f 5498 2769 9072
f 9105 2769 5498
f 8825 1787 5499
f 1376 7168 8889
f 8826 5500 1788
f 1377 8890 7169
f 9928 3555 5501
f 9435 9276 4822
f 9929 5502 3556
f 9436 4823 9277
f 8251 5503 888
f 2533 677 10171
f 8252 889 5504
f 2534 10172 678
f 5505 2148 6494
f 5505 10165 2148
f 5506 6495 2149
f 5506 2149 10166
f 2413 5507 3565
f 698 3565 11193
f 2414 3566 5508
f 699 11194 3566
f 5507 2507 5509
f 11193 3565 5507
f 5508 5510 2508
f 11194 5508 3566
f 7616 5511 2883
f 5511 275 2883
f 7617 2884 5512
f 5512 2884 276
f 11296 5513 185
f 12572 11365 3872
f 11297 184 5514
f 12573 3873 11366
f 9397 5515 6719
f 3858 7057 5882
f 9398 6720 5516
f 3859 5883 7058
f 2214 5517 8901
f 2214 486 5517
f 2215 8902 5518
f 2215 5518 487
f 8833 3452 5519
f 5519 10539 1621
f 8834 5520 3453
f 5520 1622 10540
f 1075 5521 9781
f 11488 5521 1075
f 1076 9782 5522
f 11489 1076 5522
f 4408 6016 5523
f 1402 4408 11223
f 4409 5524 6017
f 1403 11224 4409
f 5525 11064 4695
f 4695 2612 10349
f 5526 4696 11065
f 4696 10350 2613
f 5527 3047 1573
f 2403 9838 8887
f 5528 1574 3048
f 2404 8888 9839
f 11653 5529 11661
f 11657 7928 5621
f 11654 11662 5530
f 11658 5622 7929
f 3808 12090 5531
f 1695 12509 5531
f 3809 5532 12091
f 1696 5532 12510
f 7514 5533 931
f 7427 931 5533
f 7515 932 5534
f 7428 5534 932
f 3796 2014 5535
f 10207 2535 8231
f 3797 5536 2015
f 10208 8232 2536
f 5537 4558 2710
f 5537 2710 12299
f 5538 2711 4559
f 5538 12300 2711
f 4079 461 11137
f 11137 461 11078
f 4079 11138 461
f 11138 11078 461
f 1551 10301 5541
f 6527 5541 1936
f 1552 5542 10302
f 6528 1937 5542
f 5543 5110 4573
f 5543 11478 5110
f 5544 4574 5111
f 5544 5111 11479
f 1448 5545 642
f 10751 3313 10755
f 1449 643 5546
f 10752 10756 3314
f 93 10779 5547
f 5422 93 5547
f 94 5548 10780
f 5423 5548 94
f 12025 5549 794
f 5549 3137 3174
f 12026 795 5550
f 5550 3175 3138
f 3379 5551 2483
f 7920 7282 7916
f 3380 2484 5552
f 7921 7917 7283
f 11384 2381 5553
f 11748 809 5553
f 11385 5554 2382
f 11749 5554 810
f 250 5555 12427
f 10675 12427 5555
f 250 12428 5556
f 10676 5556 12428
f 10358 5557 4548
f 4548 5557 7425
f 10359 4549 5558
f 4549 7426 5558
f 5559 4094 1358
f 10716 12386 8456
f 5560 1359 4095
f 10717 8457 12387
f 5561 7069 10059
f 10059 6470 5561
f 5562 10060 7070
f 10060 5562 6471
f 5563 7021 4840
f 5563 7567 7021
f 5564 4841 7022
f 5564 7022 7568
f 5271 5565 1085
f 5020 12263 12267
f 5272 1086 5566
f 5021 12268 12264
f 2604 10478 5567
f 5567 10838 2604
f 2605 5568 10479
f 5568 2605 10839
f 7939 5569 3655
f 3691 3655 5569
f 7940 3656 5570
f 3692 5570 3656
f 1436 9247 3607
f 1436 9662 7181
f 1437 3608 9248
f 1437 7182 9663
f 9983 8192 5573
f 9979 5573 5911
f 9984 5574 8193
f 9980 5912 5574
f 5255 5579 5575
f 12416 11390 8272
f 5256 5576 5580
f 12417 8273 11391
f 11516 5577 3687
f 5577 11516 5569
f 11517 3688 5578
f 5578 5570 11517
f 12416 9770 11390
f 9770 3982 2800
f 12417 11391 9771
f 9771 2801 3983
f 4337 10419 5581
f 11876 4337 5581
f 4338 5582 10420
f 11877 5582 4338
f 567 5583 9193
f 567 6026 11568
f 568 9194 5584
f 568 11569 6027
f 5688 5585 1378
f 9292 2632 6864
f 5689 1379 5586
f 9293 6865 2633
f 5587 3643 4686
f 4129 6964 10193
f 5588 4687 3644
f 4130 10194 6965
f 438 5589 4321
f 4321 5589 11647
f 439 4322 5590
f 4322 11648 5590
f 5591 1191 1504
f 4161 8689 12414
f 5592 1505 1192
f 4162 12415 8690
f 579 10850 5593
f 10472 4073 579
f 580 5594 10851
f 10473 580 4074
f 5979 5595 2751
f 9830 7748 2751
f 5980 2752 5596
f 9831 2752 7749
f 5597 10163 1081
f 5597 7869 10163
f 5598 1082 10164
f 5598 10164 7870
f 5599 8487 5523
f 5599 585 4152
f 5600 5524 8488
f 5600 4153 585
f 3253 12007 5601
f 9821 479 5601
f 3254 5602 12008
f 9822 5602 480
f 6670 8881 5603
f 683 1627 5603
f 6671 5604 8882
f 684 5604 1628
f 4177 5605 10525
f 4177 6808 5605
f 4178 10526 5606
f 4178 5606 6809
f 5607 3357 9360
f 12112 8120 3357
f 5608 9361 3358
f 12113 3358 8121
f 3631 4964 5609
f 3631 5609 2322
f 3632 5610 4965
f 3632 2323 5610
f 1772 5611 8499
f 4156 8446 11070
f 1773 8500 5612
f 4157 11071 8447
f 5613 2622 2618
f 2618 8656 9957
f 5614 2619 2623
f 2619 9958 8657
f 8188 5615 3379
f 3379 5615 5551
f 8189 3380 5616
f 3380 5552 5616
f 3907 9026 5617
f 12127 5617 2668
f 3908 5618 9027
f 12128 2669 5618
f 5820 852 5619
f 7984 4569 5619
f 5821 5620 853
f 7985 5620 4570
f 5621 1972 7826
f 5621 7928 1972
f 5622 7827 1973
f 5622 1973 7929
f 6566 8154 5623
f 1331 11740 2867
f 6567 5624 8155
f 1332 2868 11741
f 12088 8066 5625
f 1199 706 10345
f 12089 5626 8067
f 1200 10346 707
f 2475 6346 5627
f 5157 9089 5627
f 2476 5628 6347
f 5158 5628 9090
f 5629 3573 4621
f 6442 12139 4621
f 5630 4622 3574
f 6443 4622 12140
f 3164 968 5631
f 5631 9144 11468
f 3165 5632 969
f 5632 11469 9145
f 5633 11623 9221
f 11627 11623 5633
f 5634 9222 11624
f 11628 5634 11624
f 3205 5635 1490
f 5635 3205 3984
f 3206 1491 5636
f 5636 3985 3206
f 5637 413 3471
f 1494 5637 3471
f 5638 3472 414
f 1495 3472 5638
f 11915 5639 4273
f 5366 9493 1294
f 11916 4274 5640
f 5367 1295 9494
f 1275 2254 5641
f 2254 3609 5641
f 1276 5642 2255
f 2255 5642 3610
f 5643 11548 3034
f 10787 10791 7863
f 5644 3035 11549
f 10788 7864 10792
f 7545 2926 5645
f 2926 5639 7826
f 7546 5646 2927
f 2927 7827 5640
f 7963 3959 9151
f 7962 9150 3958
f 5648 12195 11631
f 5648 11631 5042
f 5649 5043 11632
f 5649 11632 12196
f 1464 5650 4922
f 4922 5650 3191
f 1465 4923 5651
f 4923 3192 5651
f 5652 2829 2825
f 2825 307 11929
f 5653 2826 2830
f 2826 11930 308
f 6652 1534 5654
f 4359 8094 10211
f 6653 5655 1535
f 4360 10212 8095
f 3866 12631 5656
f 2425 6590 5656
f 3867 5657 12632
f 2426 5657 6591
f 5658 7276 7272
f 1924 5658 3010
f 5659 7273 7277
f 1925 3011 5659
f 3215 3414 5660
f 3215 8825 4402
f 3216 5661 3415
f 3216 4403 8826
f 615 9181 5662
f 7893 615 6739
f 616 5663 9182
f 7894 6740 616
f 2383 7614 5664
f 10698 3962 2383
f 2384 5665 7615
f 10699 2384 3963
f 11217 5666 2808
f 11608 7614 2383
f 11218 2809 5667
f 11609 2384 7615
f 2601 1300 5668
f 12449 11185 9231
f 2602 5669 1301
f 12450 9232 11186
f 9829 847 5670
f 10325 5670 5674
f 9829 5671 847
f 10326 5675 5671
f 2517 675 5672
f 2519 7851 7359
f 2518 5673 676
f 2520 7360 7852
f 5670 847 5674
f 5674 9525 10950
f 5671 5675 847
f 5675 10951 9525
f 5676 2626 323
f 11052 11056 6032
f 5677 324 2627
f 11053 6033 11057
f 1418 2948 5678
f 6952 1418 5678
f 1419 5679 2949
f 6953 5679 1419
f 7321 2262 5680
f 2262 5625 5680
f 7322 5681 2263
f 2263 5681 5626
f 3122 5682 1214
f 11730 5682 10667
f 3123 1215 5683
f 11731 10668 5683
f 7575 788 5684
f 11524 5684 788
f 7576 5685 789
f 11525 789 5685
f 1012 3534 5686
f 7043 8088 3377
f 1013 5687 3535
f 7044 3378 8089
f 1378 3333 5688
f 4544 10940 3333
f 1379 5689 3334
f 4545 3334 10941
f 5690 10454 3992
f 6068 3219 5690
f 5691 3993 10455
f 6069 5691 3220
f 5692 3850 11205
f 3024 2216 5692
f 5693 11206 3851
f 3025 5693 2217
f 5694 315 8733
f 171 8851 7055
f 8734 316 5695
f 172 7056 8852
f 7029 4394 5696
f 634 12189 4394
f 7030 5697 4395
f 635 4395 12190
f 1736 5698 1372
f 3229 11026 1736
f 1737 1373 5699
f 3230 1737 11027
f 7053 5700 2570
f 2570 5700 3693
f 7054 2571 5701
f 2571 3694 5701
f 5702 5169 10283
f 5702 10283 8070
f 5703 10284 5170
f 5703 8071 10284
f 5704 8745 2485
f 11440 2700 1260
f 5705 2486 8746
f 11441 1261 2701
f 5797 5140 5706
f 5706 5140 11834
f 5798 5707 5141
f 5707 11835 5141
f 9876 5708 3039
f 3039 5708 3422
f 9877 3040 5709
f 3040 3423 5709
f 1680 5710 2952
f 4031 5710 10382
f 1681 2953 5711
f 4032 10383 5711
f 2308 5712 980
f 6132 7232 5712
f 2309 981 5713
f 6133 5713 7233
f 12453 5714 10922
f 6996 5714 3915
f 12454 10923 5715
f 6997 3916 5715
f 5716 843 5064
f 843 5716 12435
f 5717 5065 844
f 844 12436 5717
f 8006 5718 10801
f 12603 1795 8719
f 8007 10802 5719
f 12604 8720 1796
f 6192 5720 8813
f 8813 5720 1045
f 6193 8814 5721
f 8814 1046 5721
f 11470 5722 839
f 839 5722 4341
f 11471 840 5723
f 840 4342 5723
f 5724 2092 1952
f 488 9059 5724
f 5725 1953 2093
f 489 5725 9060
f 870 4015 5726
f 4015 5251 12410
f 871 5727 4016
f 4016 12411 5252
f 3874 732 5728
f 3874 5728 10661
f 3875 5729 733
f 3875 10662 5729
f 5730 311 679
f 5730 5735 7090
f 5731 680 312
f 5731 7091 5736
f 5732 6379 1098
f 5732 1098 6378
f 823 5733 5937
f 823 4520 5733
f 824 5938 5734
f 824 5734 4521
f 5735 7110 3921
f 5735 5730 679
f 5736 3922 7111
f 5736 680 5731
f 5352 5737 8146
f 5352 1336 5737
f 5353 8147 5738
f 5353 5738 1337
f 5229 2596 5739
f 5739 2596 1936
f 5230 5740 2597
f 5740 1937 2597
f 1300 5757 5741
f 7841 5741 10868
f 1301 5742 5758
f 7842 10869 5742
f 5473 3241 5743
f 5743 3241 4460
f 5474 5744 3242
f 5744 4461 3242
f 3142 5745 9719
f 3142 4490 5745
f 3142 9719 5746
f 3142 5746 4491
f 1716 9660 3371
f 3371 9660 7158
f 1717 3372 9661
f 3372 7159 9661
f 5749 419 2954
f 7802 10958 4866
f 5750 2955 420
f 7803 4867 10959
f 9606 5751 12643
f 2429 2409 5751
f 9607 12644 5752
f 2430 5752 2410
f 2326 5753 6050
f 8312 10708 5753
f 2327 6051 5754
f 8313 5754 10709
f 9000 3996 2543
f 8045 2543 10494
f 9001 2544 3997
f 8046 10495 2544
f 4926 10868 5757
f 5757 10868 5741
f 4927 5758 10869
f 5758 5742 10869
f 3734 4735 5759
f 3734 11268 3184
f 3735 5760 4736
f 3735 3185 11269
f 2966 5761 1661
f 12580 1185 11738
f 2967 1662 5762
f 12581 11739 1186
f 1845 9866 5763
f 11133 1845 5763
f 1846 5764 9867
f 11134 5764 1846
f 5765 4158 2988
f 12611 5225 7116
f 5766 2989 4159
f 12612 7117 5226
f 5767 1406 4295
f 1406 9866 1845
f 5768 4296 1407
f 1407 1846 9867
f 3607 5012 5769
f 3607 5769 1436
f 3608 5770 5013
f 3608 1437 5770
f 5771 6058 811
f 5774 811 2060
f 5772 812 6059
f 5775 2061 812
f 5773 2613 374
f 5773 374 2612
f 8877 5774 9534
f 5771 811 5774
f 8878 9535 5775
f 5772 5775 812
f 5733 5776 12556
f 357 5776 2944
f 5734 12557 5777
f 358 2945 5777
f 2032 5778 12653
f 3992 10671 7555
f 2033 12654 5779
f 3993 7556 10672
f 5780 4750 9860
f 7443 9856 2606
f 5781 9861 4751
f 7444 2607 9857
f 2519 3257 10281
f 10281 7851 2519
f 2520 10282 3258
f 10282 2520 7852
f 7950 11866 1928
f 11866 7004 1928
f 7951 1929 11867
f 11867 1929 7005
f 5786 7156 3331
f 1538 8548 3331
f 5787 3332 7157
f 1539 3332 8549
f 6396 5788 2662
f 10123 3617 2662
f 6397 2663 5789
f 10124 2663 3618
f 5790 2343 11171
f 5790 11171 6556
f 5791 11172 2344
f 5791 6557 11172
f 5792 11438 6236
f 9053 1752 9175
f 5793 6237 11439
f 9054 9176 1753
f 5794 6763 2355
f 5794 2355 8584
f 5795 2356 6764
f 5795 8585 2356
f 12056 12052 1745
f 12055 1744 12051
f 5797 1764 5140
f 493 12013 9364
f 5798 5141 1765
f 494 9365 12014
f 5799 3504 1145
f 2359 10635 1145
f 5800 1146 3505
f 2360 1146 10636
f 1073 5801 7746
f 4313 11332 11804
f 1074 7747 5802
f 4314 11805 11333
f 5803 11407 259
f 5803 259 11406
f 835 8090 5804
f 10217 2228 11564
f 836 5805 8091
f 10218 11565 2229
f 2066 10149 5806
f 2070 6771 10496
f 2067 5807 10150
f 2071 10497 6772
f 11072 9748 5808
f 9748 2256 5808
f 11073 5809 9749
f 9749 5809 2257
f 11538 5810 10486
f 6294 8962 2782
f 11539 10487 5811
f 6295 2783 8963
f 5812 1536 3071
f 6598 5812 10948
f 5813 3072 1537
f 6599 10949 5813
f 5814 817 3313
f 3313 10751 11382
f 5815 3314 818
f 3314 11383 10752
f 3071 1536 5816
f 8458 663 5816
f 3072 5817 1537
f 8459 5817 664
f 8381 586 5818
f 586 6785 9197
f 8381 5819 586
f 586 9198 6785
f 10946 5820 1440
f 1440 5820 7100
f 10947 1441 5821
f 1441 7101 5821
f 5424 10031 10189
f 6360 10031 5424
f 5425 10190 10032
f 6361 5425 10032
f 154 289 11350
f 11350 128 154
f 155 11351 290
f 11351 155 129
f 8962 5826 2704
f 11570 5295 12305
f 8963 2705 5827
f 11571 12306 5296
f 519 5828 4746
f 5828 8493 10830
f 520 4747 5829
f 5829 10831 8494
f 5830 5163 982
f 6560 9166 8683
f 5831 983 5164
f 6561 8684 9167
f 5832 4285 11625
f 4285 8235 8763
f 5833 11626 4286
f 4286 8764 8236
f 1450 2871 5834
f 12171 5838 1730
f 1451 5835 2872
f 12172 1731 5839
f 2592 10199 5836
f 2592 5836 5422
f 2593 5837 10200
f 2593 5423 5837
f 5834 2871 5838
f 2871 3583 5838
f 5835 5839 2872
f 2872 5839 3584
f 5840 3373 4996
f 9243 5840 4996
f 5841 4997 3374
f 9244 4997 5841
f 5842 9742 10641
f 5672 1474 9736
f 5843 10642 9743
f 5673 9737 1475
f 2545 5844 6110
f 2545 1254 5844
f 2546 6111 5845
f 2546 5845 1255
f 4688 1470 5846
f 1470 8392 7716
f 4689 5847 1471
f 1471 7717 8393
f 3110 5848 5533
f 11155 11151 4323
f 3111 5534 5849
f 11156 4324 11152
f 10579 5850 921
f 3832 8930 10575
f 10580 922 5851
f 3833 10576 8931
f 691 5852 10803
f 7284 9896 691
f 692 10804 5853
f 7285 692 9897
f 5854 352 10468
f 352 9069 5656
f 5855 10469 353
f 353 5657 9070
f 5856 2776 2287
f 5856 6034 2776
f 5857 2288 2777
f 5857 2777 6035
f 1065 9479 5858
f 12461 4910 9316
f 1066 5859 9480
f 12462 9317 4911
f 1041 11097 5860
f 3170 6835 10824
f 1042 5861 11098
f 3171 10825 6836
f 5862 11522 1855
f 1855 8112 5862
f 5863 1856 11523
f 1856 5863 8113
f 5864 11536 6986
f 7782 8512 1633
f 5865 6987 11537
f 7783 1634 8513
f 5866 11378 11870
f 3944 5866 2439
f 5867 11871 11379
f 3945 2440 5867
f 5868 2972 3798
f 2778 12390 3798
f 5869 3799 2973
f 2779 3799 12391
f 3808 5531 5870
f 12086 9461 12564
f 3809 5871 5532
f 12087 12565 9462
f 1103 9682 9344
f 7286 9682 1103
f 1104 9345 9683
f 7287 1104 9683
f 4181 3059 5874
f 3059 6684 11402
f 4182 5875 3060
f 3060 11403 6685
f 1242 7883 5965
f 4688 5878 11848
f 1243 5966 7884
f 4689 11849 5879
f 5878 7883 11848
f 10619 11706 5876
f 5879 11849 7884
f 10620 5877 11707
f 1673 5880 945
f 1673 11066 5880
f 1674 946 5881
f 1674 5881 11067
f 3858 5882 5515
f 5515 11768 11772
f 3859 5516 5883
f 5516 11773 11769
f 5884 1128 4052
f 4052 5432 5884
f 5885 4053 1129
f 4053 5885 5433
f 575 5886 11814
f 5886 12467 2433
f 576 11815 5887
f 5887 2434 12468
f 6779 5888 6783
f 10551 6783 5888
f 6780 6784 5889
f 10552 5889 6784
f 4273 5639 5890
f 5890 12053 4273
f 4274 5891 5640
f 5891 4274 12054
f 5892 6996 3909
f 5892 3909 5434
f 5893 3910 6997
f 5893 5435 3910
f 1498 4768 5894
f 11556 748 1498
f 1499 5895 4769
f 11557 1499 749
f 2391 8076 5896
f 4526 2391 5896
f 2392 5897 8077
f 4527 5897 2392
f 483 10425 7389
f 4160 5902 5898
f 483 7390 10425
f 4160 5899 5902
f 325 5900 7406
f 5900 325 7648
f 326 7407 5901
f 5901 7649 326
f 5898 5902 2328
f 5899 2328 5902
f 8086 4948 5903
f 2857 5903 9191
f 8087 5904 4949
f 2858 9192 5904
f 12251 3567 5905
f 5905 3567 8140
f 12252 5906 3568
f 5906 8141 3568
f 760 5907 11115
f 760 9846 5907
f 761 11116 5908
f 761 5908 9847
f 5909 2034 255
f 2034 12251 5905
f 5910 256 2035
f 2035 5906 12252
f 3265 4534 5911
f 3263 3265 9799
f 3266 5912 4535
f 3264 9800 3266
f 673 3764 5913
f 5864 673 11536
f 674 5914 3765
f 5865 11537 674
f 5915 12477 8142
f 3016 5915 9399
f 5916 8143 12478
f 3017 9400 5916
f 5917 3189 11844
f 6256 11844 5106
f 5918 11845 3190
f 6257 5107 11845
f 1952 2715 5919
f 1432 1952 9530
f 1953 5920 2716
f 1433 9531 1953
f 8364 2822 5921
f 7512 2822 12496
f 8364 5922 2822
f 7513 12496 2822
f 2603 907 5923
f 250 12420 12423
f 2603 5924 907
f 250 12424 12420
f 2244 10517 5925
f 7441 2244 5925
f 2245 5926 10518
f 7442 5926 2245
f 1153 1069 5927
f 1069 8052 5927
f 1154 5928 1070
f 1070 5928 8053
f 1002 1863 5929
f 4080 5929 1863
f 1003 5930 1864
f 4081 1864 5930
f 5561 4021 5931
f 7758 5931 4021
f 5562 5932 4022
f 7759 4022 5932
f 1132 9481 5933
f 1954 1132 5933
f 1133 5934 9482
f 1955 5934 1133
f 65 71 5935
f 5935 71 20
f 66 5936 72
f 5936 7 72
f 9823 11987 5937
f 823 5937 11987
f 9824 5938 11988
f 824 11988 5938
f 5939 89 7754
f 4556 89 5939
f 5940 7755 90
f 4557 5940 90
f 5941 3267 7831
f 8294 3758 6248
f 5942 7832 3268
f 8295 6249 3759
f 4778 5943 1946
f 4778 12493 5943
f 4778 1947 5944
f 4778 5944 12493
f 5945 5069 8765
f 5069 10714 2407
f 5946 8766 5070
f 5070 2408 10715
f 10315 5947 854
f 3743 854 5947
f 10316 855 5948
f 3744 5948 855
f 9638 10771 5949
f 2136 1675 10767
f 9639 5950 10772
f 2137 10768 1676
f 2686 4329 5951
f 8751 2686 5951
f 2687 5952 4330
f 8752 5952 2687
f 5953 2555 391
f 5953 4860 10113
f 5954 392 2556
f 5954 10114 4861
f 408 5955 6818
f 408 6517 10990
f 409 6819 5956
f 409 10991 6518
f 5957 6792 11213
f 4892 380 8992
f 5958 11214 6793
f 4893 8993 381
f 8326 5959 7577
f 5959 3999 2586
f 8327 7578 5960
f 5960 2587 4000
f 3243 5961 2553
f 9954 8106 1907
f 3244 2554 5962
f 9955 1908 8107
f 12041 5317 12051
f 12051 5317 5796
f 12042 12052 5317
f 12052 5796 5317
f 333 5965 7833
f 1242 5965 333
f 334 7834 5966
f 1243 334 5966
f 5967 2224 7457
f 3691 2224 5967
f 5968 7458 2225
f 3692 5968 2225
f 5969 3601 10725
f 5981 3601 9658
f 5970 10726 3602
f 5982 9659 3602
f 8078 3532 5971
f 2190 5971 3532
f 8079 5972 3533
f 2191 3533 5972
f 5969 9485 2455
f 9485 10409 2455
f 5970 2456 9486
f 9486 2456 10410
f 1427 5975 3828
f 5975 9724 3747
f 1428 3829 5976
f 5976 3748 9725
f 5591 5977 2950
f 7980 2950 5977
f 5592 2951 5978
f 7981 5978 2951
f 695 5979 8970
f 695 3901 12069
f 696 8971 5980
f 696 12070 3902
f 5981 9658 665
f 5981 665 2090
f 5982 666 9659
f 5982 2091 666
f 347 8538 5983
f 4783 347 11641
f 348 5984 8539
f 4784 11642 348
f 6544 5985 7557
f 11367 5985 6544
f 6545 7558 5986
f 11368 6545 5986
f 5987 12595 5991
f 1638 8897 9774
f 5988 5991 12596
f 1638 9774 8898
f 5989 5275 628
f 12124 628 669
f 5990 629 5276
f 12125 670 629
f 5991 5988 435
f 5991 435 5987
f 12124 669 11286
f 11286 669 6360
f 12125 11287 670
f 11287 6361 670
f 8160 734 5994
f 7061 10687 10253
f 8161 5995 735
f 7062 10254 10688
f 4577 1446 5996
f 2855 4577 5996
f 4578 5997 1447
f 2856 5997 4578
f 5998 600 3950
f 4854 6847 8847
f 5999 3951 601
f 4855 8848 6848
f 12167 6000 3402
f 10003 3402 6000
f 12168 3403 6001
f 10004 6001 3403
f 3950 6002 5307
f 600 6002 3950
f 3951 5308 6003
f 601 3951 6003
f 6004 4211 752
f 6004 752 8324
f 6005 753 4212
f 6005 8325 753
f 2305 6695 6006
f 2305 6006 9225
f 2305 6007 6696
f 2305 9226 6007
f 12402 798 6008
f 6008 798 12601
f 12403 6009 799
f 6009 12602 799
f 6010 4279 2700
f 10411 2018 12327
f 6011 2701 4280
f 10412 12328 2019
f 3041 3225 6012
f 3225 3291 9259
f 3042 6013 3226
f 3226 9260 3292
f 6014 4335 5054
f 6014 11894 2174
f 6015 5055 4336
f 6015 2175 11895
f 11252 1797 6016
f 1797 5599 6016
f 11252 6017 1797
f 1797 6017 5600
f 9128 11810 6018
f 693 1396 6018
f 9129 6019 11811
f 694 6019 1397
f 3086 625 6020
f 5348 3086 9063
f 3087 6021 626
f 5349 9064 3087
f 12655 1871 6022
f 10689 1871 2974
f 12656 6023 1872
f 10690 2975 1872
f 4842 6024 6020
f 10353 3086 6020
f 4843 6021 6025
f 10354 6021 3087
f 8041 6026 11085
f 4096 6026 567
f 8042 11086 6027
f 4097 568 6027
f 6028 275 289
f 289 154 9969
f 6029 290 276
f 290 9970 155
f 6030 4504 8773
f 6030 1270 4504
f 6031 8774 4505
f 6031 4505 1271
f 6032 6028 289
f 6028 6032 11056
f 6033 290 6029
f 6029 11057 6033
f 6034 1364 2776
f 4108 11426 11653
f 6035 2777 1365
f 4109 11654 11427
f 6036 9249 2932
f 9179 5301 6036
f 6037 2933 9250
f 9180 6037 5302
f 10880 3279 12197
f 3279 4791 12197
f 10881 12198 3280
f 3280 12198 4792
f 6040 9403 6258
f 2628 6040 7327
f 6041 6259 9404
f 2629 7328 6041
f 2731 7640 10263
f 7640 2731 5173
f 2732 10264 7641
f 7641 5174 2732
f 11810 2786 6044
f 4890 6044 2786
f 11811 6045 2787
f 4891 2787 6045
f 4928 1555 6046
f 6046 408 11416
f 4929 6047 1556
f 6047 11417 409
f 3106 6048 6574
f 5408 6048 11221
f 3107 6575 6049
f 5409 11222 6049
f 10569 7387 6050
f 3063 2326 6050
f 10570 6051 7388
f 3064 6051 2327
f 6052 3886 3412
f 3412 4566 6610
f 6053 3413 3887
f 3413 6611 4567
f 4005 9022 6054
f 4005 6054 8416
f 4006 6055 9023
f 4006 8417 6055
f 602 2766 6056
f 7065 9130 6456
f 603 6057 2767
f 7066 6457 9131
f 3396 495 6058
f 6058 495 811
f 3397 6059 496
f 6059 812 496
f 4468 2527 6060
f 6060 2527 10920
f 4469 6061 2528
f 6061 10921 2528
f 742 4331 6062
f 742 9832 10964
f 743 6063 4332
f 743 10965 9833
f 6064 3880 1478
f 8316 8400 6064
f 6065 1479 3881
f 8317 6065 8401
f 11600 4291 6066
f 7179 923 11604
f 11601 6067 4292
f 7180 11605 924
f 2503 6068 6578
f 12135 6068 2503
f 2504 6579 6069
f 12136 2504 6069
f 6070 4601 9040
f 6070 10741 4601
f 6071 9041 4602
f 6071 4602 10742
f 6072 1353 8598
f 10753 1353 6072
f 6073 8599 1354
f 10754 6073 1354
f 3259 2295 6074
f 6074 8801 831
f 3260 6075 2296
f 6075 832 8802
f 11127 6634 3432
f 11127 10601 9634
f 11128 3433 6635
f 11128 9635 10602
f 6078 2006 6992
f 2393 4478 6988
f 6079 6993 2007
f 2394 6989 4479
f 4189 5231 6080
f 4189 6080 6084
f 4190 6081 5232
f 4190 6085 6081
f 1334 8622 6082
f 1334 6082 5422
f 1335 6083 8623
f 1335 5423 6083
f 6084 4916 4189
f 8282 3462 4916
f 6085 4190 4917
f 8283 4917 3463
f 5650 6086 8068
f 6086 5650 1464
f 5651 8069 6087
f 6087 1465 5651
f 5722 6088 3591
f 9274 8905 6088
f 5723 3592 6089
f 9275 6089 8906
f 876 12245 10992
f 12245 876 9114
f 877 10993 12246
f 12246 9115 877
f 6525 6092 3076
f 3076 6092 10205
f 6526 3077 6093
f 3077 10206 6093
f 6094 2918 1199
f 8588 11462 12633
f 6095 1200 2919
f 8589 12634 11463
f 6096 4277 557
f 10511 6096 557
f 6097 558 4278
f 10512 558 6097
f 1669 6098 786
f 8614 9040 4601
f 1670 787 6099
f 8615 4602 9041
f 6100 606 4396
f 6100 4396 1974
f 6101 4397 606
f 6101 1975 4397
f 226 234 6102
f 226 11316 11651
f 227 6103 235
f 227 11652 11317
f 3373 10390 6104
f 3255 9340 208
f 3374 6105 10391
f 3256 209 9341
f 6106 6610 3143
f 10093 3143 949
f 6107 3144 6611
f 10094 949 3144
f 6108 10249 1780
f 1780 7914 6108
f 6109 1781 10250
f 1781 6109 7915
f 4560 7597 6110
f 5844 4560 6110
f 4561 6111 7598
f 5845 6111 4561
f 8853 6112 4167
f 4888 4167 6112
f 8854 4168 6113
f 4889 6113 4168
f 6114 1275 7998
f 1275 7431 2254
f 6115 7999 1276
f 1276 2255 7432
f 10563 10777 6116
f 10777 2058 9473
f 10564 6117 10778
f 10778 9474 2059
f 6118 1881 1976
f 5643 11544 11548
f 6119 1977 1882
f 5644 11549 11545
f 6120 925 3635
f 3635 2246 6120
f 6121 3636 926
f 3636 6121 2247
f 9779 6122 2329
f 6122 577 2329
f 9780 2330 6123
f 6123 2330 578
f 5108 342 6124
f 7387 5108 6124
f 5109 6125 342
f 7388 6125 5109
f 1374 6126 5203
f 11578 8454 12564
f 1375 5204 6127
f 11579 12565 8455
f 9264 6128 1970
f 4660 1970 6128
f 9265 1971 6129
f 4661 6129 1971
f 3842 6130 7057
f 8092 10763 3842
f 3843 7058 6131
f 8093 3843 10764
f 702 6132 2308
f 2308 6132 5712
f 703 2309 6133
f 2309 5713 6133
f 1982 526 6134
f 1982 10647 12390
f 1983 6135 527
f 1983 12391 10648
f 5121 6136 4615
f 6136 11276 4615
f 5122 4616 6137
f 6137 4616 11277
f 6138 2531 2841
f 2841 4154 11677
f 6139 2842 2532
f 2842 11678 4155
f 6140 1958 7361
f 9785 4117 1958
f 6141 7362 1959
f 9786 1959 4118
f 12019 10409 6142
f 6142 3408 9449
f 12020 6143 10410
f 6143 9450 3409
f 1137 6144 553
f 553 10854 5354
f 1138 554 6145
f 554 5355 10855
f 6146 7750 361
f 7994 5071 3377
f 6147 362 7751
f 7995 3378 5072
f 255 10221 6148
f 6148 10745 255
f 256 6149 10222
f 6149 256 10746
f 3363 6150 4207
f 6150 10101 8948
f 3364 4208 6151
f 6151 8949 10102
f 3134 6152 1638
f 3133 1638 6152
f 5281 6153 2172
f 6153 11294 2172
f 5282 2173 6154
f 6154 2173 11295
f 1895 6155 5293
f 6155 1895 8308
f 1896 5294 6156
f 6156 8309 1896
f 6157 2395 4169
f 9772 4591 2395
f 6158 4170 2396
f 9773 2396 4592
f 6159 1010 3303
f 6159 3303 8239
f 6160 3304 1011
f 6160 8240 3304
f 8330 4147 6161
f 6161 4147 7563
f 8331 6162 4148
f 6162 7564 4148
f 3200 6163 3196
f 3199 3196 6163
f 10994 3732 6164
f 5404 10994 6164
f 10995 6165 3733
f 5405 6165 10995
f 6166 8769 3028
f 6166 3925 1143
f 6167 3029 8770
f 6167 1144 3926
f 6168 5014 2770
f 2770 12627 6168
f 6169 2771 5015
f 2771 6169 12628
f 3627 8520 6170
f 3627 6170 6166
f 3628 6171 8521
f 3628 6167 6171
f 6172 1772 7837
f 11070 7678 10241
f 6173 7838 1773
f 11071 10242 7679
f 3942 6174 5183
f 6174 11219 5183
f 3943 5184 6175
f 6175 5184 11220
f 6176 8467 12584
f 2000 9902 7313
f 6177 12585 8468
f 2001 7314 9903
f 10785 858 6178
f 3919 8616 6950
f 10786 6179 859
f 3920 6951 8617
f 6180 8658 2869
f 8658 6180 7916
f 6181 2870 8659
f 8659 7917 6181
f 9787 4599 6182
f 4599 9106 6182
f 9788 6183 4600
f 4600 6183 9107
f 6184 3381 11752
f 6590 6184 8869
f 6185 11753 3382
f 6591 8870 6185
f 6186 3323 1905
f 6186 1905 6182
f 6187 1906 3324
f 6187 6183 1906
f 6188 2399 10419
f 6184 11752 8869
f 6189 10420 2400
f 6185 8870 11753
f 11038 9779 11492
f 2329 11492 9779
f 11039 11493 9780
f 2330 9780 11493
f 4261 5720 6192
f 2040 4261 6192
f 4262 6193 5721
f 2041 6193 4262
f 8681 3609 6194
f 6418 9636 8237
f 8682 6195 3610
f 6419 8238 9637
f 12337 11139 6196
f 12337 6196 4261
f 12338 6197 11140
f 12338 4262 6197
f 2998 6198 1954
f 1954 6198 1132
f 2999 1955 6199
f 1955 1133 6199
f 6200 4163 541
f 8020 6200 541
f 6201 542 4164
f 8021 542 6201
f 6202 7723 1934
f 1934 6576 6206
f 6203 1935 7724
f 1935 6207 6577
f 12219 6204 222
f 12223 6204 2002
f 12220 223 6205
f 12224 2003 6205
f 6717 6202 6206
f 6202 1934 6206
f 6718 6207 6203
f 6203 6207 1935
f 6208 8809 9686
f 4640 7331 367
f 6209 9687 8810
f 4641 368 7332
f 11129 3277 3790
f 11129 8691 3277
f 11130 3791 3278
f 11130 3278 8692
f 3760 3756 6212
f 3756 8879 6212
f 3761 6213 3757
f 3757 6213 8880
f 12348 6214 4852
f 6214 3685 12621
f 12349 4853 6215
f 6215 12622 3686
f 3774 3929 8705
f 8705 3929 2650
f 3775 8706 3930
f 8706 2651 3930
f 6218 9606 12331
f 4650 573 6218
f 6219 12332 9607
f 4651 6219 574
f 7903 1026 6220
f 7964 6220 1026
f 7904 6221 1027
f 7965 1027 6221
f 4682 12494 6222
f 3182 4682 6222
f 4683 6223 12495
f 3183 6223 4683
f 9028 6224 4446
f 4446 6224 1230
f 9029 4447 6225
f 4447 1231 6225
f 6226 285 2855
f 285 6226 3643
f 6227 2856 286
f 286 3644 6227
f 7047 11215 6228
f 6228 8928 7047
f 7048 6229 11216
f 6229 7048 8929
f 4404 6234 6230
f 6230 9967 12102
f 4405 6231 6235
f 6231 12103 9968
f 2407 9471 1376
f 1376 9471 7168
f 2408 1377 9472
f 1377 7169 9472
f 7865 6234 9720
f 1901 6230 6234
f 7866 9721 6235
f 1902 6235 6231
f 1752 9053 6236
f 6236 3476 1752
f 1753 6237 9054
f 6237 1753 3477
f 9646 6238 4392
f 6238 11486 4392
f 9647 4393 6239
f 6239 4393 11487
f 3753 6240 2335
f 6240 3675 6244
f 3754 2336 6241
f 6241 6245 3676
f 4840 11093 6242
f 8274 6242 11093
f 4841 6243 11094
f 8275 11094 6243
f 2335 6240 6244
f 7017 2335 6244
f 2336 6245 6241
f 7018 6245 2336
f 10333 4033 6246
f 2954 6250 9459
f 10334 6247 4034
f 2955 9460 6251
f 3267 6248 7589
f 6248 3267 8294
f 3268 7590 6249
f 6249 8295 3268
f 6250 10333 6246
f 5075 1043 12177
f 6251 6247 10334
f 5076 12178 1044
f 6252 5884 5432
f 2798 5884 6252
f 6253 5433 5885
f 2799 6253 5885
f 1124 563 6254
f 6258 3569 1124
f 1125 6255 564
f 6259 1125 3570
f 5917 11844 6256
f 9443 1279 5917
f 5918 6257 11845
f 9444 5918 1280
f 6258 1124 6254
f 11669 6254 3122
f 6259 6255 1125
f 11670 3123 6255
f 7702 6697 6260
f 3982 10492 6260
f 7703 6261 6698
f 3983 6261 10493
f 6452 6262 12104
f 6452 8219 7325
f 6453 12105 6263
f 6453 7326 8220
f 3671 11386 671
f 6697 671 11386
f 3672 672 11387
f 6698 11387 672
f 6266 5197 427
f 10639 11139 5197
f 6267 428 5198
f 10640 5198 11140
f 6268 10450 3271
f 6268 11046 2638
f 6269 3272 10451
f 6269 2639 11047
f 2920 6270 449
f 2920 1398 6270
f 2921 450 6271
f 2921 6271 1399
f 6272 1636 3032
f 2796 1636 8538
f 6273 3033 1637
f 2797 8539 1637
f 9443 6274 12376
f 6270 685 6274
f 9444 12377 6275
f 6271 6275 686
f 1416 5247 6276
f 1416 11367 6544
f 1417 6277 5248
f 1417 6545 11368
f 6278 5010 766
f 6278 766 7549
f 6279 767 5011
f 6279 7550 767
f 12287 4518 6280
f 8463 12287 6280
f 12288 6281 4519
f 8464 6281 12288
f 4852 2624 6282
f 6282 2624 12641
f 4853 6283 2625
f 6283 12642 2625
f 6284 551 4625
f 11967 6284 7295
f 6285 4626 552
f 11968 7296 6285
f 2934 1290 6286
f 1290 8448 6286
f 2935 6287 1291
f 1291 6287 8449
f 6288 3722 2495
f 3722 6288 1561
f 6289 2496 3723
f 3723 1562 6289
f 7551 3108 9570
f 7551 9570 2670
f 7552 9571 3109
f 7552 2671 9571
f 6292 8402 2814
f 6292 2814 4444
f 6293 2815 8403
f 6293 4445 2815
f 2293 6294 10029
f 1201 11802 7656
f 2294 10030 6295
f 1202 7657 11803
f 222 12223 9160
f 6204 12223 222
f 223 9161 12224
f 6205 223 12224
f 7865 9720 6298
f 2903 12303 9720
f 7866 6299 9721
f 2904 9721 12304
f 6300 1228 3307
f 1732 8968 10273
f 6301 3308 1229
f 1733 10274 8969
f 3151 6302 4562
f 11328 3151 317
f 3152 4563 6303
f 11329 318 3152
f 6304 1926 3601
f 6304 3601 5981
f 6305 3602 1927
f 6305 5982 3602
f 6306 3426 4193
f 8344 2014 3426
f 6307 4194 3427
f 8345 3427 2015
f 6308 2489 12313
f 6308 1926 6304
f 6309 12314 2490
f 6309 6305 1927
f 6310 2341 3287
f 6310 12005 2341
f 6311 3288 2342
f 6311 2342 12006
f 11036 5704 6312
f 11036 6312 7933
f 11037 6313 5705
f 11037 7934 6313
f 5459 8956 6338
f 5459 6338 1609
f 5460 6339 8957
f 5460 1610 6339
f 11322 6316 2588
f 9948 2588 6316
f 11323 2589 6317
f 9949 6317 2589
f 8845 6318 4902
f 1176 6318 503
f 8846 4903 6319
f 1177 504 6319
f 1392 958 6320
f 12501 958 2459
f 1393 6321 959
f 12502 2460 959
f 5424 10189 6322
f 6322 10189 11018
f 5425 6323 10190
f 6323 11019 10190
f 1631 11161 6324
f 1631 6324 10323
f 1632 6325 11162
f 1632 10324 6325
f 6326 6152 1635
f 6326 1635 7962
f 6327 1635 6152
f 6327 7963 1635
f 2513 10279 6328
f 3657 8392 6328
f 2514 6329 10280
f 3658 6329 8393
f 3375 1466 6330
f 1466 10370 10366
f 3376 6331 1467
f 1467 10367 10371
f 6332 1839 6336
f 8976 6332 6336
f 6333 6337 1840
f 8977 6337 6333
f 6334 4129 2361
f 93 9521 10779
f 6335 2362 4130
f 94 10780 9522
f 754 8976 6336
f 2743 754 9373
f 755 6337 8977
f 2744 9374 755
f 6314 6338 9604
f 6314 1609 6338
f 6315 9605 6339
f 6315 6339 1610
f 10037 6340 11886
f 6644 10041 436
f 10038 11887 6341
f 6645 437 10042
f 2106 1675 6342
f 5221 2106 6342
f 2107 6343 1676
f 5222 6343 2107
f 4826 6344 2080
f 8783 7764 6420
f 4827 2081 6345
f 8784 6421 7765
f 9409 6346 1726
f 1726 6346 2475
f 9410 1727 6347
f 1727 2476 6347
f 2074 4826 6348
f 6348 9594 11474
f 2075 6349 4827
f 6349 11475 9595
f 3012 6350 2150
f 9288 2150 6350
f 3013 2151 6351
f 9289 6351 2151
f 6352 421 3353
f 6352 9698 421
f 6353 3354 422
f 6353 422 9699
f 1372 6354 4139
f 4139 6354 10515
f 1373 4140 6355
f 4140 10516 6355
f 6356 63 11780
f 63 8580 11830
f 6357 11781 64
f 64 11831 8581
f 4191 6358 3135
f 9926 4872 9930
f 4192 3136 6359
f 9927 9931 4873
f 3683 6360 2764
f 2764 6360 5424
f 3684 2765 6361
f 2765 5425 6361
f 6362 4733 7810
f 6362 7810 4654
f 6363 7811 4734
f 6363 4655 7811
f 9413 5249 6364
f 11874 1486 9803
f 9414 6365 5250
f 11875 9804 1487
f 5925 8839 6366
f 10735 912 10739
f 5926 6367 8840
f 10736 10740 913
f 7800 3938 10962
f 10962 10958 1549
f 7801 10963 3939
f 10963 1550 10959
f 11552 2893 1052
f 8257 5080 2893
f 11553 1053 2894
f 8258 2894 5081
f 6372 5448 3520
f 6372 2630 5448
f 6373 3521 5449
f 6373 5449 2631
f 6374 4781 11594
f 4781 10309 10476
f 6375 11595 4782
f 4782 10477 10310
f 5046 6376 3065
f 6376 5046 12289
f 5047 3066 6377
f 6377 12290 5047
f 12517 6378 11812
f 6378 127 800
f 12518 11813 6379
f 6379 801 127
f 6380 7537 1998
f 1998 5320 6380
f 6381 1999 7538
f 1999 6381 5321
f 6382 2672 4295
f 4295 7575 6382
f 6383 4296 2673
f 4296 6383 7576
f 5040 6384 1532
f 8940 1532 7670
f 5041 1533 6385
f 8941 7671 1533
f 7473 4165 6386
f 6386 2174 2469
f 7474 6387 4166
f 6387 2470 2175
f 6388 2678 807
f 807 9393 10799
f 6389 808 2679
f 808 10800 9394
f 6390 8940 5036
f 6390 5036 7140
f 6391 5037 8941
f 6391 7141 5037
f 5907 9846 6392
f 2349 11074 9842
f 5908 6393 9847
f 2350 9843 11075
f 173 329 6394
f 11742 329 8954
f 174 6395 330
f 11743 8955 330
f 1732 6396 8968
f 4139 10515 1732
f 1733 8969 6397
f 4140 1733 10516
f 6398 3605 10143
f 9854 3605 6398
f 6399 10144 3606
f 9855 6399 3606
f 931 6400 2792
f 10331 931 7427
f 932 2793 6401
f 10332 7428 932
f 2529 10494 6402
f 8994 6402 10386
f 2530 6403 10495
f 8995 10387 6403
f 6404 1308 3647
f 2260 9584 3647
f 6405 3648 1309
f 2261 3648 9585
f 4484 9048 10221
f 4484 10221 9944
f 4485 10222 9049
f 4485 9945 10222
f 3482 4408 6408
f 4408 1402 6408
f 3483 6409 4409
f 4409 6409 1403
f 6414 6410 12483
f 4311 6410 6414
f 6415 12484 6411
f 4312 6415 6411
f 8685 10259 6412
f 3061 3359 6412
f 8686 6413 10260
f 3062 6413 3360
f 1484 4311 6414
f 1484 9168 2122
f 1485 6415 4312
f 1485 2123 9169
f 6416 4257 1629
f 4257 6416 12621
f 6417 1630 4258
f 4258 12622 6417
f 1020 10299 6418
f 8237 1020 6418
f 1021 6419 10300
f 8238 6419 1021
f 2982 6420 7764
f 2982 1189 6420
f 2983 7765 6421
f 2983 6421 1190
f 6422 2563 5900
f 10689 2563 11496
f 6423 5901 2564
f 10690 11497 2564
f 107 6424 37
f 10011 6424 8223
f 10012 8224 6425
f 108 38 6425
f 6426 12352 3361
f 6426 11066 1673
f 6427 3362 12352
f 6427 1674 11067
f 8879 890 6428
f 10353 6428 890
f 8880 6429 891
f 10354 891 6429
f 6430 109 6424
f 5309 9423 6430
f 6431 6425 110
f 5310 6431 9424
f 11248 8379 6432
f 6432 764 10523
f 11249 6433 8380
f 6433 10524 765
f 4187 6434 12045
f 7453 12045 6434
f 4188 12046 6435
f 7454 6435 12046
f 6436 111 11612
f 10906 6436 4556
f 6437 11613 112
f 10907 4557 6437
f 6438 2594 11788
f 5708 11062 1746
f 6439 11789 2595
f 5709 1747 11063
f 706 6440 5625
f 6108 6440 706
f 707 5626 6441
f 6109 707 6441
f 459 3329 6442
f 10970 10966 5497
f 460 6443 3330
f 10971 5498 10967
f 6927 6444 12568
f 9934 2046 545
f 6928 12569 6445
f 9935 546 2047
f 2204 6446 2694
f 2694 6446 8673
f 2205 2695 6447
f 2695 8674 6447
f 3741 6448 9987
f 1029 9330 6444
f 3742 9988 6449
f 1030 6445 9331
f 1252 6450 1984
f 12315 1252 3954
f 1253 1985 6451
f 12316 3955 1253
f 2048 8219 6452
f 4652 2048 6452
f 2049 6453 8220
f 4653 6453 2049
f 6454 6450 386
f 386 3828 6454
f 6455 387 6451
f 387 6455 3829
f 7065 6456 10133
f 3045 604 6456
f 7066 10134 6457
f 3046 6457 605
f 6458 1538 2379
f 2379 6652 9146
f 6459 2380 1539
f 2380 9147 6653
f 7152 6460 5784
f 4938 4942 11141
f 7153 5785 6461
f 4939 11142 4943
f 6462 6458 3962
f 3962 10698 6462
f 6463 3963 6459
f 3963 6463 10699
f 6464 5461 2252
f 2252 2297 7891
f 6465 2253 5462
f 2253 7892 2298
f 6466 3088 6747
f 1883 3088 6466
f 6467 6748 3089
f 1884 6467 3089
f 6468 1911 4231
f 4231 1132 6468
f 6469 4232 1912
f 4232 6469 1133
f 4021 6470 4127
f 4127 6470 1567
f 4022 4128 6471
f 4128 1568 6471
f 4678 6472 10329
f 1585 6472 4678
f 4679 10330 6473
f 1586 4679 6473
f 3199 6474 3196
f 6474 3199 12550
f 3200 3196 6475
f 6475 12551 3200
f 9381 6476 9385
f 2802 6476 9381
f 9382 9386 6477
f 2803 9382 6477
f 11635 6478 3703
f 6478 8917 3703
f 11636 3704 6479
f 6479 3704 8918
f 1327 6480 5557
f 6480 10928 6476
f 1328 5558 6481
f 6481 6477 10929
f 10537 6482 3004
f 3004 6482 9813
f 10538 3005 6483
f 3005 9814 6483
f 9730 6484 3100
f 3129 10793 6484
f 9731 3101 6485
f 3130 6485 10794
f 2559 6486 912
f 1598 10759 2559
f 2560 913 6487
f 1599 2560 10760
f 925 6488 2481
f 6120 6488 925
f 926 2482 6489
f 6121 926 6489
f 6490 1444 3571
f 3665 1444 12421
f 6491 3572 1445
f 3666 12422 1445
f 7924 6492 3502
f 1284 3502 6492
f 7925 3503 6493
f 1285 6493 3503
f 811 6494 2547
f 8328 10482 2547
f 812 2548 6495
f 8329 2548 10483
f 468 10819 6496
f 468 6496 10818
f 5804 7776 6497
f 7776 468 10818
f 5805 6498 7777
f 7777 10819 468
f 5354 6499 10531
f 2739 6499 12100
f 5355 10532 6500
f 2740 12101 6500
f 4526 6501 2501
f 2501 6501 11854
f 4527 2502 6502
f 2502 11855 6502
f 6503 9346 5477
f 10173 9346 6503
f 6504 5478 9347
f 10174 6504 9347
f 3724 3430 6505
f 11488 1075 6505
f 3725 6506 3431
f 11489 6506 1076
f 1581 2812 6507
f 8438 8502 10702
f 1582 6508 2813
f 8439 10703 8503
f 6509 5408 11221
f 6509 8526 5408
f 6510 11222 5409
f 6510 5409 8527
f 7230 7945 6511
f 12412 532 5400
f 7231 6512 7945
f 12413 5401 532
f 6513 3629 2072
f 3629 6513 2200
f 6514 2073 3630
f 3630 2201 6514
f 270 6515 2002
f 270 11554 7618
f 271 2003 6516
f 271 7619 11555
f 408 882 6517
f 12340 6517 10892
f 409 6518 883
f 12341 10893 6518
f 7553 6519 3611
f 3611 9491 1458
f 7554 3612 6520
f 3612 1459 9492
f 2347 775 6521
f 775 8110 8144
f 2348 6522 776
f 776 8145 8111
f 9682 6523 9344
f 4589 1286 6523
f 9683 9345 6524
f 4590 6524 1287
f 1613 10109 6525
f 1613 6525 9134
f 1614 6526 10110
f 1614 9135 6526
f 1551 6527 11590
f 1551 5541 6527
f 1552 11591 6528
f 1552 6528 5542
f 8803 6529 956
f 6529 4550 956
f 8804 957 6530
f 6530 957 4551
f 8242 3499 6531
f 8241 6531 3499
f 3530 6536 6532
f 6532 1903 7260
f 3531 6533 6537
f 6533 7261 1904
f 4115 1429 6534
f 2656 4115 6534
f 4116 6535 1430
f 2657 6535 4116
f 6536 1903 6532
f 11798 6531 8241
f 6537 6533 1904
f 11799 8242 6531
f 1686 6538 4492
f 8604 6538 1686
f 1687 4493 6539
f 8605 1687 6539
f 6540 9552 4452
f 3661 6540 4452
f 6541 4453 9553
f 3662 4453 6541
f 1742 6542 1061
f 6542 7792 1061
f 1743 1062 6543
f 6543 1062 7793
f 12653 12205 6548
f 1016 12653 2620
f 12654 6549 12206
f 1017 2621 12654
f 2134 9419 6546
f 2134 10231 12225
f 2135 6547 9420
f 2135 12226 10232
f 12582 2620 6548
f 12653 6548 2620
f 12583 6549 2621
f 12654 2621 6549
f 5060 11338 6550
f 5060 6550 905
f 5061 6551 11339
f 5061 906 6551
f 6552 1836 3193
f 611 6552 7106
f 6553 3194 1837
f 612 7107 6553
f 6554 4585 9975
f 11639 6554 1090
f 6555 9976 4586
f 11640 1091 6555
f 6556 1071 5790
f 6556 6388 9758
f 6557 5791 1072
f 6557 9759 6389
f 573 4650 6558
f 6558 3860 573
f 574 6559 4651
f 6559 574 3861
f 6560 8683 1006
f 5195 6560 1006
f 6561 1007 8684
f 5196 1007 6561
f 6562 2760 4701
f 2760 6562 4858
f 6563 4702 2761
f 2761 4859 6563
f 6564 12173 10952
f 2992 6564 2076
f 6565 10953 12174
f 2993 2077 6565
f 1867 6566 5623
f 8903 6640 1867
f 1868 5624 6567
f 8904 1868 6641
f 1697 5084 6568
f 5084 712 10852
f 1698 6569 5085
f 5085 10853 713
f 2289 3980 6570
f 6570 4522 12525
f 2290 6571 3981
f 6571 12526 4523
f 4382 6572 10307
f 4382 7518 6572
f 4383 10308 6573
f 4383 6573 7519
f 6048 1218 6574
f 1218 12421 6574
f 6049 6575 1219
f 1219 6575 12422
f 6576 10277 1924
f 1924 5112 6576
f 6577 1925 10278
f 1925 6577 5113
f 11606 8229 1185
f 3053 7166 1185
f 11607 1186 8230
f 3054 1186 7167
f 6580 9676 2122
f 2122 2495 7138
f 6581 2123 9677
f 2123 7139 2496
f 6582 11800 8741
f 4968 2891 11592
f 6583 8742 11801
f 4969 11593 2892
f 6584 4781 1756
f 8300 7732 1756
f 6585 1757 4782
f 8301 1757 7733
f 6586 792 1512
f 2475 792 11314
f 6587 1513 793
f 2476 11315 793
f 6592 6588 2465
f 319 1087 6588
f 6593 2466 6589
f 320 6589 1088
f 1212 6590 8869
f 10904 1212 352
f 1213 8870 6591
f 10905 353 1213
f 319 6588 6592
f 9768 10301 12263
f 320 6593 6589
f 9769 12264 10302
f 4063 12253 2373
f 12253 2747 2373
f 4064 2374 12254
f 12254 2374 2748
f 4255 91 6596
f 9091 10673 91
f 4256 6597 92
f 9092 92 10674
f 5118 5812 6598
f 1130 5118 6598
f 5119 6599 5813
f 1131 6599 5119
f 4715 6600 7288
f 9221 6600 4715
f 4716 7289 6601
f 9222 4716 6601
f 6602 11422 140
f 6596 6602 140
f 6603 141 11423
f 6597 141 6603
f 6604 2690 4824
f 11424 2690 6604
f 6605 4825 2691
f 11425 6605 2691
f 11554 2839 6606
f 6606 115 163
f 11555 6607 2840
f 6607 164 116
f 6608 313 2224
f 313 6608 6596
f 6609 2225 314
f 314 6597 6609
f 5745 6052 6610
f 6052 3412 6610
f 5746 6611 6053
f 6053 6611 3413
f 1728 6612 4633
f 1728 3002 6612
f 1729 4634 6613
f 1729 6613 3003
f 6614 910 9626
f 3495 910 6614
f 6615 9627 911
f 3496 6615 911
f 6616 12639 281
f 196 299 7646
f 6617 282 12640
f 197 7647 300
f 6618 6150 4171
f 2942 8853 9696
f 6619 4172 6151
f 2943 9697 8854
f 3551 6620 1174
f 6620 3551 1575
f 3552 1175 6621
f 6621 1576 3552
f 105 6622 281
f 6622 4579 281
f 106 282 6623
f 6623 282 4580
f 10245 4233 6624
f 4233 511 6624
f 10246 6625 4234
f 4234 6625 512
f 6626 11915 6630
f 884 10351 2599
f 6627 6631 11916
f 885 2600 10352
f 1472 9451 6628
f 6628 2841 1472
f 1473 6629 9452
f 6629 1473 2842
f 10351 6630 2599
f 2934 11028 6630
f 10352 2600 6631
f 2935 6631 11029
f 4603 6632 10025
f 4603 8286 6632
f 4604 10026 6633
f 4604 6633 8287
f 6634 770 3432
f 770 6634 9362
f 6635 3433 771
f 771 9363 6635
f 9638 6636 10771
f 10091 1067 3834
f 9639 10772 6637
f 10092 3835 1068
f 1706 7400 6638
f 9362 6638 770
f 1707 6639 7401
f 9363 771 6639
f 6640 6566 1867
f 6566 12118 5123
f 6641 1868 6567
f 6567 5123 12119
f 9249 6642 4880
f 9574 4880 6642
f 9250 4881 6643
f 9575 6643 4881
f 8901 5517 6644
f 1181 4277 6644
f 8902 6645 5518
f 1182 6645 4278
f 364 5077 6646
f 1136 364 6650
f 364 6647 5077
f 1136 6651 364
f 3283 8190 6648
f 10812 6648 1410
f 3284 6649 8191
f 10813 1411 6649
f 6642 6650 6646
f 364 6646 6650
f 6643 6647 6651
f 364 6651 6647
f 8156 6652 3321
f 3321 6652 5654
f 8157 3322 6653
f 3322 5655 6653
f 6654 11532 7112
f 6654 1187 1615
f 6655 7113 11533
f 6655 1616 1188
f 200 6656 8048
f 8048 7756 9057
f 8049 9058 7757
f 201 8049 6657
f 6658 1791 10908
f 6658 569 5127
f 6659 10909 1792
f 6659 5128 570
f 8946 9057 7756
f 8946 10255 9057
f 8947 7757 9058
f 8947 9058 10256
f 4365 1014 6662
f 1014 8037 8899
f 4366 6663 1015
f 1015 8900 8038
f 888 2922 6664
f 10848 888 6664
f 889 6665 2923
f 10849 6665 889
f 1279 10325 6666
f 7144 1279 6666
f 1280 6667 10326
f 7145 6667 1280
f 12271 8394 6668
f 7604 4384 6668
f 12272 6669 8395
f 7605 6669 4385
f 6670 5446 11510
f 8881 6670 11510
f 6671 11511 5447
f 8882 11511 6671
f 375 7244 6672
f 375 6672 10938
f 376 6673 7245
f 376 10939 6673
f 2014 12655 5535
f 1871 12655 2014
f 2015 5536 12656
f 1872 2015 12656
f 3464 6676 9352
f 8779 3464 9952
f 3465 9353 6677
f 8780 9953 3465
f 1518 6678 11040
f 1518 4744 9170
f 1519 11041 6679
f 1519 9171 4745
f 6680 11398 11298
f 5720 6680 1045
f 6681 11299 11399
f 5721 1046 6681
f 6682 1879 8031
f 6682 11233 1879
f 6683 8032 1880
f 6683 1880 11234
f 169 2515 6684
f 11402 6684 2515
f 170 6685 2516
f 11403 2516 6685
f 2549 10669 6686
f 389 4297 10233
f 2550 6687 10670
f 390 10234 4298
f 6688 3259 716
f 2572 3259 6688
f 6689 717 3260
f 2573 6689 3260
f 3917 11896 6690
f 7990 3917 8687
f 3918 6691 11897
f 7991 8688 3918
f 6692 530 3219
f 6692 3689 530
f 6693 3220 531
f 6693 531 3690
f 6694 8059 1352
f 6694 1352 8058
f 2305 4079 6695
f 4079 11137 6695
f 2305 6696 4079
f 4079 6696 11138
f 6697 2393 1370
f 9715 12374 6905
f 6698 1371 2394
f 9716 6906 12375
f 2753 6699 1141
f 2753 4299 6699
f 2754 1142 6700
f 2754 6700 4300
f 6701 12471 2952
f 8298 12471 6701
f 6702 2953 12472
f 8299 6702 12472
f 3012 2038 6703
f 7134 6703 8556
f 3013 6704 2039
f 7135 8557 6704
f 5231 935 6705
f 5231 12402 6008
f 5232 6706 936
f 5232 6009 12403
f 3289 6707 1422
f 3289 3285 6707
f 3290 1423 6708
f 3290 6708 3286
f 6709 5479 2928
f 9487 11637 2928
f 6710 2929 5480
f 9488 2929 11638
f 4699 6711 3675
f 3675 11901 9300
f 4700 3676 6712
f 3676 9301 11902
f 6713 3149 6717
f 6713 2194 7425
f 6714 6718 3150
f 6714 7426 2195
f 6715 1645 11901
f 1645 6715 10265
f 6716 11902 1646
f 1646 10266 6716
f 12078 2194 6717
f 2194 6713 6717
f 12079 6718 2195
f 2195 6718 6714
f 845 9397 6719
f 845 6719 11083
f 846 6720 9398
f 846 11084 6720
f 6721 591 9644
f 4043 591 6721
f 6722 9645 592
f 4044 6722 592
f 6723 1671 3893
f 6727 8465 1671
f 6724 3894 1672
f 6728 1672 8466
f 9546 6725 1789
f 6725 976 1789
f 9547 1790 6726
f 6726 1790 977
f 6727 1671 6723
f 4739 6727 6723
f 6728 6724 1672
f 4740 6724 6728
f 5098 6729 1682
f 7792 8227 12521
f 5099 1683 6730
f 7793 12522 8228
f 6731 9918 632
f 2869 8658 632
f 6732 633 9919
f 2870 633 8659
f 457 6733 6292
f 6733 11518 11550
f 458 6293 6734
f 6734 11551 11519
f 1804 9081 6735
f 6735 7541 1804
f 1805 6736 9082
f 6736 1805 7542
f 12463 6737 9411
f 6739 12459 2895
f 12464 9412 6738
f 6740 2896 12460
f 6739 615 5662
f 6739 5662 12459
f 6740 5663 616
f 6740 12460 5663
f 3631 2322 6741
f 11818 10191 2322
f 3632 6742 2323
f 11819 2323 10192
f 6743 2365 1514
f 10105 1514 3868
f 6744 1515 2366
f 10106 3869 1515
f 6745 1806 5392
f 3191 6745 10442
f 6746 5393 1807
f 3192 10443 6746
f 6747 3088 11006
f 6743 1514 10105
f 6748 11007 3089
f 6744 10106 1515
f 6749 3651 10335
f 8861 638 7956
f 6750 10336 3652
f 8862 7957 639
f 6751 3067 1553
f 11294 11203 3067
f 6752 1554 3068
f 11295 3068 11204
f 6753 9740 8687
f 9259 3291 6753
f 6754 8688 9741
f 9260 6754 3292
f 6755 12428 250
f 6755 250 12427
f 6756 1355 4937
f 6756 4936 1355
f 1394 6757 1404
f 6757 6382 1404
f 1395 1405 6758
f 6758 1405 6383
f 8646 6759 5358
f 12507 6216 10718
f 8647 5359 6760
f 12508 10719 6217
f 2529 6761 10494
f 6420 2306 6761
f 2530 10495 6762
f 6421 6762 2307
f 8552 3442 6763
f 3442 9185 6763
f 8553 6764 3443
f 3443 6764 9186
f 6765 9142 3440
f 9142 12481 1710
f 6766 3441 9143
f 9143 1711 12482
f 11917 6767 3732
f 12017 6767 1851
f 11918 3733 6768
f 12018 1852 6768
f 2624 433 6769
f 433 4524 11480
f 2625 6770 434
f 434 11481 4525
f 1222 4812 6771
f 10257 6771 2070
f 1223 6772 4813
f 10258 2071 6772
f 6773 3396 3782
f 6773 3782 8958
f 6774 3783 3397
f 6774 8959 3783
f 6775 4367 9656
f 4367 6775 2351
f 6776 9657 4367
f 4367 2352 6776
f 6777 10027 4918
f 6777 4918 9417
f 6778 4919 10028
f 6778 9418 4919
f 5888 6779 9690
f 12193 505 9690
f 5889 9691 6780
f 12194 9691 506
f 3065 6781 8398
f 11334 8572 3041
f 3066 8399 6782
f 11335 3042 8573
f 4368 3563 6783
f 3563 6779 6783
f 4369 6784 3564
f 3564 6784 6780
f 12541 3779 484
f 12541 484 3778
f 6786 8701 4275
f 6786 11353 2076
f 6787 4276 8702
f 6787 2077 11354
f 6788 3747 2541
f 2541 2345 6788
f 6789 2542 3748
f 2542 6789 2346
f 3084 1946 6790
f 1946 5943 6790
f 3085 6791 1947
f 1947 6791 5944
f 5957 380 6792
f 6792 380 5376
f 5958 6793 381
f 6793 5377 381
f 1555 2788 6794
f 6794 2788 10331
f 1556 6795 2789
f 6795 10332 2789
f 6796 1092 543
f 6796 543 3557
f 6797 544 1093
f 6797 3558 544
f 1362 6798 11175
f 6798 1362 11328
f 1363 11176 6799
f 6799 11329 1363
f 2240 11931 6800
f 1490 6796 6800
f 2241 6801 11932
f 1491 6801 6797
f 4137 6802 11826
f 1462 12497 8909
f 4138 11827 6803
f 1463 8910 12498
f 6804 3946 4966
f 11474 9594 3946
f 6805 4967 3947
f 11475 3947 9595
f 3145 179 6806
f 11782 179 5052
f 3146 6807 180
f 11783 5053 180
f 1629 876 6808
f 1629 6812 8590
f 1630 6809 877
f 1630 8591 6813
f 6810 7794 2196
f 3619 6810 2196
f 6811 2197 7795
f 3620 2197 6811
f 1629 6808 6812
f 6812 6808 4177
f 1630 6813 6809
f 6813 4178 6809
f 7768 6814 3500
f 6814 12363 8582
f 7769 3501 6815
f 6815 8583 12364
f 3480 12145 2218
f 3480 10950 12145
f 3481 2219 12146
f 3481 12146 10951
f 7918 11076 1748
f 1748 11076 11072
f 7919 1749 11077
f 1749 11073 11077
f 10951 6817 1121
f 10950 1121 6816
f 9580 7579 2640
f 7187 2640 208
f 9581 2641 7580
f 7188 209 2641
f 6823 12539 2535
f 2016 9389 3108
f 6824 2536 12540
f 2017 3109 9390
f 1528 6825 7982
f 11870 7822 1528
f 1529 7983 6826
f 11871 1529 7823
f 1915 6827 507
f 4287 507 9241
f 1916 508 6828
f 4288 9242 508
f 1651 5313 6829
f 7714 1593 9026
f 1652 6830 5314
f 7715 9027 1594
f 6831 2698 10982
f 11310 2698 6831
f 6832 10983 2699
f 11311 6832 2699
f 6833 8406 4055
f 1246 3094 9239
f 6834 4056 8407
f 1247 9240 3095
f 10824 6835 1041
f 1041 6835 6062
f 10825 1042 6836
f 1042 6063 6836
f 3385 896 6837
f 3385 6837 11690
f 3386 6838 897
f 3386 11691 6838
f 4666 2036 6839
f 1008 8671 2036
f 4667 6840 2037
f 1009 2037 8672
f 9634 5022 6841
f 6841 5022 9642
f 9635 6842 5023
f 6842 9643 5023
f 11357 6843 1653
f 1653 6843 2242
f 11358 1654 6844
f 1654 2243 6844
f 2670 6845 2964
f 6845 9985 3603
f 2671 2965 6846
f 6846 3604 9986
f 2749 600 6847
f 8847 6847 600
f 2750 6848 601
f 8848 601 6848
f 8382 6849 5241
f 5241 6849 3022
f 8383 5242 6850
f 5242 3023 6850
f 6851 2893 5080
f 6851 5080 8759
f 6852 5081 2894
f 6852 8760 5081
f 659 1986 6853
f 1986 10637 11060
f 660 6854 1987
f 1987 11061 10638
f 6855 7323 210
f 6855 210 10378
f 6856 211 7324
f 6856 10379 211
f 6857 8652 8644
f 6857 2578 3999
f 6858 8645 8653
f 6858 4000 2579
f 6859 5438 2112
f 6859 2112 10069
f 6860 2113 5439
f 6860 10070 2113
f 5245 11371 6861
f 2066 5245 6861
f 5246 6862 11372
f 2067 6862 5246
f 2164 6815 6863
f 2164 6863 6814
f 6864 10399 1378
f 6864 1378 9292
f 6865 1379 10400
f 6865 9293 1379
f 11892 517 6866
f 12092 7914 6866
f 11893 6867 518
f 12093 6867 7915
f 742 10964 3327
f 10964 9499 3327
f 743 3328 10965
f 10965 3328 9500
f 2682 6870 9087
f 2682 827 7126
f 2683 9088 6871
f 2683 7127 828
f 6872 6308 8023
f 3428 11480 6872
f 6873 8024 6309
f 3429 6873 11481
f 6874 3820 990
f 6874 990 7720
f 6875 991 3821
f 6875 7721 991
f 6812 6876 11878
f 2190 6876 5971
f 6813 11879 6877
f 2191 5972 6877
f 6878 4211 7610
f 7015 1785 3844
f 6879 7611 4212
f 7016 3845 1786
f 4672 1595 6880
f 4673 6880 1595
f 10131 3030 12269
f 3030 3036 12269
f 10132 12270 3031
f 3031 12270 3037
f 2719 11937 6883
f 2719 6883 8749
f 2720 6884 11938
f 2720 8750 6884
f 6883 870 6885
f 870 5726 6885
f 6884 6886 871
f 871 6886 5727
f 6887 1224 10185
f 10081 4638 7978
f 6888 10186 1225
f 10082 7979 4639
f 10653 6889 5473
f 6889 481 8624
f 10654 5474 6890
f 6890 8625 482
f 11973 6891 9904
f 3870 1362 11175
f 11974 9905 6892
f 3871 11176 1363
f 5123 5124 6893
f 5124 1431 6893
f 5123 6894 5124
f 5124 6894 1431
f 6895 4723 1450
f 6895 1450 5834
f 6896 1451 4724
f 6896 5835 1451
f 594 6897 3903
f 3903 6897 11903
f 595 3904 6898
f 3904 11904 6898
f 3514 748 6899
f 11556 6899 748
f 3515 6900 749
f 11557 749 6900
f 6905 1502 6901
f 12370 1502 7849
f 6906 6902 1503
f 12371 7850 1503
f 2196 6903 2303
f 6903 4183 10506
f 2197 2304 6904
f 6904 10507 4184
f 12374 2616 6905
f 6905 2616 1502
f 12375 6906 2617
f 6906 1503 2617
f 1128 6907 4048
f 4048 6907 12037
f 1129 4049 6908
f 4049 12038 6908
f 2154 3936 6909
f 2154 6911 8793
f 2155 6910 3937
f 2155 8794 6912
f 10181 2154 6909
f 6909 4613 10181
f 10182 6910 2155
f 6910 10182 4614
f 6972 7391 6913
f 10347 3335 3741
f 6973 6914 7392
f 10348 3742 3336
f 2427 6915 12355
f 2427 9318 6915
f 2428 12356 6916
f 2428 6916 9319
f 327 6917 83
f 10466 200 8048
f 328 84 6918
f 10467 8049 201
f 6919 5112 8039
f 6919 6576 5112
f 6920 8040 5113
f 6920 5113 6577
f 2762 9517 6921
f 10384 6921 1134
f 2763 6922 9518
f 10385 1135 6922
f 2226 6923 10376
f 11177 11892 6923
f 2227 10377 6924
f 11178 6924 11893
f 4380 3319 6925
f 6925 3319 5633
f 4381 6926 3320
f 6926 5634 3320
f 6927 3814 6444
f 6434 3814 6927
f 6928 6445 3815
f 6435 6928 3815
f 5024 6929 1298
f 1298 6929 1372
f 5025 1299 6930
f 1299 1373 6930
f 4347 1460 6931
f 6931 1460 6148
f 4348 6932 1461
f 6932 6149 1461
f 9395 1452 6933
f 6933 1452 8944
f 9396 6934 1453
f 6934 8945 1453
f 2958 6935 1820
f 12499 6935 2958
f 2959 1821 6936
f 12500 2959 6936
f 6937 5939 99
f 10906 4556 5939
f 6938 100 5940
f 10907 5940 4557
f 4543 644 6939
f 4542 6939 644
f 526 6940 3073
f 6940 7293 3073
f 527 3074 6941
f 6941 3074 7294
f 10934 6942 5028
f 6942 1701 5028
f 10935 5029 6943
f 6943 5029 1701
f 3743 11679 6944
f 854 3743 6944
f 3744 6945 11680
f 855 6945 3744
f 4442 9102 6946
f 6952 6946 9971
f 4443 6947 9103
f 6953 9972 6947
f 347 6948 2796
f 6948 9636 2796
f 348 2797 6949
f 6949 2797 9637
f 4217 6950 858
f 858 6950 8616
f 4218 859 6951
f 859 8617 6951
f 11408 6952 905
f 4442 6946 6952
f 11409 906 6953
f 4443 6953 6947
f 5114 6954 8176
f 8176 6954 4363
f 5115 8177 6955
f 8177 4364 6955
f 6956 2186 5818
f 2186 6956 8233
f 6957 5819 2187
f 2187 8234 6957
f 6956 1024 6958
f 1024 3549 6958
f 6957 6959 1025
f 1025 6959 3550
f 1948 718 6960
f 718 7319 6962
f 1949 6961 719
f 719 6963 7320
f 6960 718 6962
f 6960 6962 7909
f 6961 6963 719
f 6961 7910 6963
f 3643 6964 285
f 6964 3643 5587
f 3644 286 6965
f 6965 5588 3644
f 4113 6966 3559
f 9690 505 6966
f 4114 3560 6967
f 9691 6967 506
f 6968 4239 1968
f 6968 10360 6564
f 6969 1969 4240
f 6969 6565 10361
f 6970 5243 2610
f 6966 6970 2610
f 6971 2611 5244
f 6967 2611 6971
f 4756 7391 6972
f 4756 6972 6976
f 4757 6973 7392
f 4757 6977 6973
f 2275 6228 6974
f 6606 9712 6974
f 2276 6975 6229
f 6607 6975 9713
f 2146 9377 6976
f 12116 6976 6972
f 2147 6977 9378
f 12117 6973 6977
f 6978 9848 880
f 5537 6978 880
f 6979 881 9849
f 5538 881 6979
f 1018 6980 7640
f 1018 5299 6980
f 1019 7641 6981
f 1019 6981 5300
f 3080 11796 6982
f 6982 4601 3080
f 3081 6983 11797
f 6983 3081 4602
f 5360 1035 6984
f 1832 6984 1035
f 5361 6985 1036
f 1833 1036 6985
f 1633 8512 6986
f 1633 10109 4123
f 1634 6987 8513
f 1634 4124 10110
f 6988 6078 2393
f 6988 9501 6078
f 6989 2394 6079
f 6989 6079 9502
f 9989 1155 9429
f 9429 1232 3667
f 9990 9430 1156
f 9430 3668 1233
f 1370 2393 6992
f 2393 6078 6992
f 1371 6993 2394
f 2394 6993 6079
f 9429 6994 2279
f 11239 2279 6994
f 9430 2280 6995
f 11240 6995 2280
f 7943 5714 6996
f 10916 453 11858
f 7944 6997 5715
f 10917 11859 454
f 8312 3460 6998
f 3460 10807 8130
f 8313 6999 3461
f 3461 8131 10808
f 2299 7000 12183
f 9890 7000 8568
f 2300 12184 7001
f 9891 8569 7001
f 1728 7002 1206
f 8715 10537 1206
f 1729 1207 7003
f 8716 1207 10538
f 7000 7004 12183
f 7000 1928 7004
f 7001 12184 7005
f 7001 7005 1929
f 7008 7006 8063
f 7007 8062 7006
f 7006 900 7007
f 2167 11244 10394
f 7006 7008 900
f 2167 10394 11245
f 438 762 7009
f 7009 762 8406
f 439 7010 763
f 7010 8407 763
f 490 5670 7011
f 3159 490 7011
f 490 7012 5671
f 3159 7012 490
f 7013 27 10011
f 8648 7013 132
f 7014 10012 28
f 8649 133 7014
f 6878 1785 7015
f 752 6878 7015
f 6879 7016 1786
f 753 7016 6879
f 10107 10811 7017
f 7017 1838 2335
f 10108 7018 10811
f 7018 2336 1838
f 7015 3844 7019
f 7019 3844 10019
f 7016 7020 3845
f 7020 10020 3845
f 7567 2835 7021
f 9164 2835 6018
f 7568 7022 2836
f 9165 6019 2836
f 7023 3341 2156
f 7023 2156 4514
f 7024 2157 3342
f 7024 4515 2157
f 526 7025 9379
f 526 3073 7025
f 527 9380 7026
f 527 7026 3074
f 7027 5773 2612
f 7027 2612 4695
f 7028 2613 5773
f 7028 4696 2613
f 7029 5696 4213
f 4213 8124 7029
f 7030 4214 5697
f 4214 7030 8125
f 2692 5481 7031
f 10745 1460 2692
f 2693 7032 5482
f 10746 2693 1461
f 10045 7033 1099
f 1099 7033 4123
f 10046 1100 7034
f 1100 4124 7034
f 7035 1625 6118
f 1625 7035 4494
f 7036 6119 1626
f 1626 4495 7036
f 12241 7037 11330
f 9097 6220 1643
f 12242 11331 7038
f 9098 1644 6221
f 2086 7039 1151
f 10143 10147 6398
f 2087 1152 7040
f 10144 6399 10148
f 10165 4595 7041
f 4595 1338 7041
f 10166 7042 4596
f 4596 7042 1339
f 8168 1012 7043
f 1012 5686 7043
f 8169 7044 1013
f 1013 7044 5687
f 2204 2694 7045
f 8554 2204 9548
f 2205 7046 2695
f 8555 9549 2205
f 1468 4181 7047
f 10417 7047 8928
f 1469 7048 4182
f 10418 8929 7048
f 7049 194 3888
f 7049 9886 8430
f 7050 3889 195
f 7050 8431 9887
f 2658 7051 2654
f 2658 9322 7051
f 2659 2655 7052
f 2659 7052 9323
f 4145 5700 7053
f 1843 4145 7053
f 4146 7054 5701
f 1844 7054 4146
f 7055 315 5694
f 7055 5694 11975
f 7056 5695 316
f 7056 11976 5695
f 1464 4922 7057
f 6130 1464 7057
f 1465 7058 4923
f 6131 7058 1465
f 7059 3473 802
f 802 9791 11117
f 7060 802 3473
f 802 11118 9792
f 734 7061 10253
f 734 11576 7061
f 735 10254 7062
f 735 7062 11577
f 3247 2104 7063
f 734 3247 11576
f 3248 7064 2105
f 735 11577 3248
f 602 6056 7065
f 1014 602 7065
f 603 7066 6057
f 1015 7066 603
f 8618 995 7067
f 11000 12394 2814
f 8619 7068 996
f 11001 2815 12395
f 7069 1581 10826
f 7069 2812 1581
f 7070 10827 1582
f 7070 1582 2813
f 1992 5519 7071
f 3583 1992 7071
f 1993 7072 5520
f 3584 7072 1993
f 4035 10850 8594
f 10850 4035 4803
f 4036 8595 10851
f 10851 4804 4036
f 7075 9662 1436
f 7075 3800 9662
f 7076 1437 9663
f 7076 9663 3801
f 7077 4376 2144
f 4376 7077 8215
f 7078 2145 4377
f 4377 8216 7078
f 4955 371 7079
f 4954 7079 371
f 5380 9825 7080
f 841 5380 11420
f 5381 7081 9826
f 842 11421 5381
f 7082 1802 1806
f 7082 11420 1802
f 7083 1807 1803
f 7083 1803 11421
f 240 2990 7084
f 9048 2990 6931
f 241 7085 2991
f 9049 6932 2991
f 138 7086 10179
f 246 7086 144
f 139 10180 7087
f 247 145 7087
f 11048 2088 7088
f 5195 7228 2088
f 11049 7089 2089
f 5196 2089 7229
f 4265 5730 7090
f 7090 3921 7094
f 4266 7091 5731
f 7091 7095 3922
f 6612 12309 7092
f 12309 1208 7092
f 6613 7093 12310
f 12310 7093 1209
f 4265 7090 7094
f 9717 4265 11724
f 4266 7095 7091
f 9718 11725 4266
f 7096 6612 1730
f 5838 7096 1730
f 7097 1731 6613
f 5839 1731 7097
f 12249 11205 7098
f 8685 12249 7098
f 12250 7099 11206
f 8686 7099 12250
f 10189 7100 11018
f 11018 7100 1193
f 10190 11019 7101
f 11019 1194 7101
f 4686 3092 7102
f 3092 12311 7102
f 4687 7103 3093
f 3093 7103 12312
f 3100 4179 7104
f 7104 9730 3100
f 3101 7105 4180
f 7105 3101 9731
f 7106 3193 10747
f 7106 6552 3193
f 7107 10748 3194
f 7107 3194 6553
f 1147 7108 9536
f 1147 10519 7108
f 1148 9537 7109
f 1148 7109 10520
f 7110 5735 679
f 3124 7110 679
f 7111 680 5736
f 3125 680 7111
f 5418 1758 7112
f 5418 7112 11532
f 5419 7113 1759
f 5419 11533 7113
f 773 12167 7752
f 6000 12167 773
f 774 7753 12168
f 6001 774 12168
f 11506 5765 7116
f 5765 12611 7116
f 11507 7117 5766
f 5766 7117 12612
f 2735 1678 7118
f 9852 11103 5100
f 2736 7119 1679
f 9853 5101 11104
f 7120 8885 1117
f 3599 7120 11274
f 7121 1118 8886
f 3600 11275 7121
f 7122 3416 1938
f 1938 4838 7122
f 7123 1939 3417
f 1939 7123 4839
f 7124 803 4672
f 2469 9801 7124
f 7125 4673 804
f 2470 7125 9802
f 6870 7126 2028
f 2682 7126 6870
f 6871 2029 7127
f 2683 6871 7127
f 6622 204 7128
f 230 7128 204
f 6623 7129 205
f 231 205 7129
f 7130 6562 4701
f 8108 7130 4701
f 7131 4702 6563
f 8109 4702 7131
f 7132 196 7646
f 7132 10159 196
f 7133 7647 197
f 7133 197 10160
f 4187 7134 8556
f 7134 4187 12045
f 4188 8557 7135
f 7135 12046 4188
f 3976 7136 653
f 3976 11935 7136
f 3977 654 7137
f 3977 7137 11936
f 6580 2122 7138
f 7280 6580 7138
f 6581 7139 2123
f 7281 7139 6581
f 5311 7140 4492
f 5311 736 7140
f 5312 4493 7141
f 5312 7141 737
f 2260 7142 9584
f 11268 7142 2260
f 2261 9585 7143
f 11269 2261 7143
f 7144 3480 2218
f 7144 2218 5318
f 7145 2219 3481
f 7145 5319 2219
f 4864 7146 1693
f 7146 11195 1693
f 4865 1694 7147
f 7147 1694 11196
f 7148 4108 1944
f 4108 7148 11426
f 7149 1945 4109
f 4109 11427 7149
f 2940 7150 4394
f 7150 2940 11008
f 2941 4395 7151
f 7151 11009 2941
f 7152 4938 6460
f 2912 4938 7152
f 7153 6461 4939
f 2913 7153 4939
f 3155 7154 5430
f 11428 3155 669
f 3156 5431 7155
f 11429 670 3156
f 3331 7429 3317
f 3317 8731 11508
f 3332 3318 7430
f 3318 11509 8732
f 2507 3375 7158
f 9083 11704 3375
f 2508 7159 3376
f 9084 3376 11705
f 2912 7160 4938
f 10681 11508 10677
f 2913 4939 7161
f 10682 10678 11509
f 5056 1619 7162
f 1619 7824 11708
f 5057 7163 1620
f 1620 11709 7825
f 4836 7164 1859
f 11659 1859 7164
f 4837 1860 7165
f 11660 7165 1860
f 7166 11606 1185
f 7166 2503 6578
f 7167 1186 11607
f 7167 6579 2504
f 12544 10127 5499
f 1787 12544 5499
f 12545 5500 10128
f 1788 5500 12545
f 7170 121 11246
f 154 121 7170
f 7171 11247 122
f 155 7171 122
f 3695 412 7172
f 3696 7172 412
f 4259 7173 3049
f 8727 3049 7173
f 4260 3050 7174
f 8728 7174 3050
f 7175 3305 2222
f 3952 7175 2222
f 7176 2223 3306
f 3953 2223 7176
f 3508 2950 7177
f 10996 3508 7177
f 3509 7178 2951
f 10997 7178 3509
f 4154 7179 11677
f 4154 923 7179
f 4155 11678 7180
f 4155 7180 924
f 9247 1436 7181
f 5571 7181 3526
f 9248 7182 1437
f 5572 3527 7182
f 7183 9122 2614
f 6320 7183 7488
f 7184 2615 9123
f 6321 7489 7184
f 7185 1488 8632
f 7185 5463 1488
f 7186 8633 1489
f 7186 1489 5464
f 970 6821 7187
f 2640 7187 6821
f 971 7188 6822
f 2641 6822 7188
f 2729 7189 10197
f 2729 7185 9318
f 2730 10198 7190
f 2730 9319 7186
f 9688 1340 4327
f 4327 3462 9688
f 9689 4328 1341
f 4328 9689 3463
f 2972 2678 7193
f 2751 10641 8970
f 2973 7194 2679
f 2752 8971 10642
f 7195 3462 4327
f 7195 7889 3462
f 7196 4328 3463
f 7196 3463 7890
f 2582 7197 3999
f 3999 7197 6857
f 2583 4000 7198
f 4000 6858 7198
f 2252 7199 1583
f 1583 10884 728
f 2253 1584 7200
f 1584 729 10885
f 1608 8423 7201
f 1608 7201 8422
f 11018 1193 7202
f 7202 1193 7871
f 11019 7203 1194
f 7203 7872 1194
f 1559 11818 7204
f 1400 9772 8514
f 1560 7205 11819
f 1401 8515 9773
f 264 7206 148
f 11336 7206 264
f 265 149 7207
f 11337 265 7207
f 2413 7208 5507
f 2413 11221 7208
f 2414 5508 7209
f 2414 7209 11222
f 533 4768 7210
f 533 7210 4994
f 534 7211 4769
f 534 4995 7211
f 2162 4115 7212
f 1115 11282 7371
f 2163 7213 4116
f 1116 7372 11283
f 7214 1273 5340
f 3365 1273 7214
f 7215 5341 1274
f 3366 7215 1274
f 966 3790 7216
f 11229 10547 3790
f 967 7217 3791
f 11230 3791 10548
f 7218 1724 9813
f 1724 12406 4456
f 7219 9814 1725
f 1725 4457 12407
f 7220 10141 8320
f 8080 947 2419
f 7221 8321 10142
f 8081 2420 948
f 7222 2110 5396
f 7222 5396 2314
f 7223 5397 2111
f 7223 2315 5397
f 6863 12367 7224
f 12367 12363 7224
f 6863 7225 12367
f 12367 7225 12364
f 7226 1329 5503
f 1329 7226 9509
f 7227 5504 1330
f 1330 9510 7227
f 2088 7228 7088
f 7088 7228 10083
f 2089 7089 7229
f 7089 10084 7229
f 3128 697 7230
f 7230 697 7945
f 3128 7231 697
f 7231 7945 697
f 8654 3325 7232
f 7232 3325 365
f 8655 7233 3326
f 7233 366 3326
f 345 7234 4856
f 345 8128 7234
f 346 4857 7235
f 346 7235 8129
f 2479 7236 4289
f 406 12233 2479
f 2480 4290 7237
f 407 2480 12234
f 4033 9708 11400
f 11400 6246 4033
f 4034 11401 9709
f 11401 4034 6247
f 3261 12404 7240
f 7240 11484 3261
f 3262 7241 12405
f 7241 3262 11485
f 549 1810 7242
f 1810 3135 10293
f 550 7243 1811
f 1811 10294 3136
f 6672 7244 2827
f 10708 8130 9672
f 6673 2828 7245
f 10709 9673 8131
f 11338 11034 1296
f 1296 6550 11338
f 11339 1297 11035
f 1297 11339 6551
f 7248 2409 2429
f 7248 8835 12047
f 7249 2430 2410
f 7249 12048 8836
f 12135 2503 7250
f 401 7250 3948
f 12136 7251 2504
f 402 3949 7251
f 7252 884 5034
f 5034 12623 7252
f 7253 5035 885
f 5035 7253 12624
f 9610 499 7254
f 7254 499 10241
f 9611 7255 500
f 7255 10242 500
f 1063 7256 8180
f 7254 3299 7256
f 1064 8181 7257
f 7255 7257 3300
f 716 4894 7258
f 4894 7700 7258
f 717 7259 4895
f 4895 7259 7701
f 7404 7260 986
f 11756 2948 986
f 7405 987 7261
f 11757 987 2949
f 11528 7262 5457
f 272 5457 7262
f 11529 5458 7263
f 272 7263 5458
f 1092 4928 7264
f 5493 1092 7264
f 1093 7265 4929
f 5494 7265 1093
f 986 7260 7266
f 10235 4936 7266
f 987 7267 7261
f 10236 7267 4937
f 7268 3526 3203
f 1442 7268 3203
f 7269 3204 3527
f 1443 3204 7269
f 2948 11756 7270
f 5678 2948 11342
f 2949 7271 11757
f 5679 11343 2949
f 7272 3010 5658
f 7272 7806 3010
f 7273 5659 3011
f 7273 3011 7807
f 7270 7274 905
f 905 7274 10769
f 7271 906 7275
f 906 10770 7275
f 7276 1456 8757
f 1446 7272 7276
f 7277 8758 1457
f 1447 7277 7273
f 2998 7839 7278
f 4221 4225 7278
f 2999 7279 7840
f 4222 7279 4226
f 7280 12027 6580
f 1250 11024 8334
f 7281 6581 12028
f 1251 8335 11025
f 194 2483 7282
f 7282 2483 7916
f 195 7283 2484
f 7283 7917 2484
f 7284 9489 9896
f 3730 7284 9515
f 7285 9897 9490
f 3731 9516 7285
f 2320 7286 4195
f 11165 7286 2320
f 2321 4196 7287
f 11166 2321 7287
f 4715 7288 1540
f 7288 2068 1540
f 4716 1541 7289
f 7289 1541 2069
f 6843 7290 2242
f 2242 11647 5589
f 6844 2243 7291
f 2243 5590 11648
f 11271 7292 3075
f 11270 3075 7292
f 6940 2704 7293
f 11570 12305 2704
f 6941 7294 2705
f 11571 2705 12306
f 1232 7295 3864
f 6990 7295 1232
f 1233 3865 7296
f 6991 1233 7296
f 7297 11233 10500
f 6480 2646 7297
f 7298 10501 11234
f 6481 7298 2647
f 473 7299 10311
f 12467 7299 473
f 474 10312 7300
f 12468 474 7300
f 7301 3120 4820
f 7301 4820 513
f 7302 4821 3121
f 7302 514 4821
f 2907 4898 12505
f 4898 9888 12505
f 2908 12506 4899
f 4899 12506 9889
f 8122 7305 702
f 10299 1812 702
f 8123 703 7306
f 10300 703 1813
f 1504 7307 4850
f 1191 7307 1504
f 1505 4851 7308
f 1192 1505 7308
f 6472 1585 7309
f 4709 7309 11770
f 6473 7310 1586
f 4710 11771 7310
f 7311 2978 5784
f 7311 4658 2978
f 7312 5785 2979
f 7312 2979 4659
f 7313 6172 6176
f 12584 7313 6176
f 7314 6177 6173
f 12585 6177 7314
f 5285 11671 7315
f 10930 10866 1059
f 5286 7316 11672
f 10931 1060 10867
f 12161 9284 7317
f 7317 4189 710
f 12162 7318 9285
f 7318 711 4190
f 4046 12247 7319
f 4046 7319 718
f 4047 7320 12248
f 4047 719 7320
f 4705 974 7321
f 2262 7321 974
f 4706 7322 975
f 2263 975 7322
f 7323 136 190
f 6855 136 7323
f 7324 191 137
f 6856 7324 137
f 6452 7325 6262
f 6262 7325 10862
f 6453 6263 7326
f 6263 10863 7326
f 919 7327 2250
f 11728 919 4426
f 920 2251 7328
f 11729 4427 920
f 4376 5193 7329
f 10665 2758 9924
f 4377 7330 5194
f 10666 9925 2759
f 9503 6208 7331
f 7331 6208 9686
f 9504 7332 6209
f 7332 9687 6209
f 1101 4422 7333
f 4422 1581 7333
f 1102 7334 4423
f 4423 7334 1582
f 6038 244 7335
f 7335 244 11659
f 6039 7336 245
f 7336 11660 245
f 7337 8078 5971
f 1052 7337 11552
f 7338 5972 8079
f 1053 11553 7338
f 11929 10683 7339
f 8350 4721 7439
f 11930 7340 10684
f 8351 7440 4722
f 2447 8172 7341
f 10446 9435 2447
f 2448 7342 8173
f 10447 2448 9436
f 7404 986 7343
f 3530 11610 8560
f 7405 7344 987
f 3531 8561 11611
f 7345 12635 10577
f 7345 10577 275
f 7346 10578 12636
f 7346 276 10578
f 9302 4512 7347
f 4512 1109 7347
f 9303 7348 4513
f 4513 7348 1110
f 7349 12283 8471
f 7349 6540 12283
f 7350 8472 12284
f 7350 12284 6541
f 6788 7351 3747
f 3747 7351 9207
f 6789 3748 7352
f 3748 9208 7352
f 7353 6408 1402
f 7353 1402 3414
f 7354 1403 6409
f 7354 3415 1403
f 1252 3231 7355
f 7355 11058 7477
f 1253 7356 3232
f 7356 7478 11059
f 3897 7357 2910
f 2910 10295 5631
f 3898 2911 7358
f 2911 5632 10296
f 7359 5672 9736
f 7359 2517 5672
f 7360 9737 5673
f 7360 5673 2518
f 7361 866 6140
f 5030 866 7361
f 7362 6141 867
f 5031 7362 867
f 7363 10267 5189
f 10599 839 4341
f 7364 5190 10268
f 10600 4342 840
f 5477 7365 9959
f 9346 7365 5477
f 5478 9960 7366
f 9347 5478 7366
f 7367 1195 11099
f 7367 7116 1195
f 7368 11100 1196
f 7368 1196 7117
f 2371 7369 12193
f 7369 2371 4623
f 2372 12194 7370
f 7370 4624 2372
f 11282 7212 7371
f 7371 7212 609
f 11283 7372 7213
f 7372 610 7213
f 5144 7373 2301
f 9012 2301 7373
f 5145 2302 7374
f 9013 7374 2302
f 7375 1162 4896
f 10551 5888 1162
f 7376 4897 1163
f 10552 1163 5889
f 7377 479 12487
f 12195 8755 479
f 7378 12488 480
f 12196 480 8756
f 6604 4824 7379
f 7379 4824 10946
f 6605 7380 4825
f 7380 10947 4825
f 10519 1390 7381
f 7381 1390 4587
f 10520 7382 1391
f 7382 4588 1391
f 7383 10749 7421
f 4642 11880 3000
f 7384 7422 10750
f 4643 3001 11881
f 7385 1689 3339
f 1689 7385 7146
f 7386 3340 1690
f 1690 7147 7386
f 3063 6050 7387
f 6124 3063 7387
f 3064 7388 6051
f 6125 7388 3064
f 2676 7389 5898
f 10425 5898 7389
f 2677 5899 7390
f 10425 7390 5899
f 10347 7391 3335
f 3335 7391 3456
f 10348 3336 7392
f 3336 3457 7392
f 12131 7303 7393
f 4281 7393 7152
f 12132 7394 7304
f 4282 7153 7394
f 7395 3699 8735
f 3699 7395 6470
f 7396 8736 3700
f 3700 6471 7396
f 7397 4828 12215
f 2316 4828 7397
f 7398 12216 4829
f 2317 7398 4829
f 5147 7403 525
f 5146 525 7402
f 1706 908 7400
f 908 4265 9717
f 1707 7401 909
f 909 9718 4266
f 7402 7399 7006
f 525 7399 7402
f 7403 7006 7399
f 525 7403 7399
f 7404 3530 6532
f 7404 7343 3530
f 7405 6533 3531
f 7405 3531 7344
f 5422 5547 7406
f 7406 1334 5422
f 5423 7407 5548
f 7407 5423 1335
f 4289 7408 1569
f 7408 2303 1569
f 4290 1570 7409
f 7409 1570 2304
f 7410 1692 1688
f 7410 1688 1691
f 188 8638 7411
f 69 8620 7411
f 189 7412 8639
f 70 7412 8621
f 5797 7417 7413
f 9538 7413 10832
f 5798 7414 7418
f 9539 10833 7414
f 7415 3522 2825
f 7415 2825 4106
f 7416 2826 3523
f 7416 4107 2826
f 10832 7413 7417
f 7417 1382 4125
f 10833 7418 7414
f 7418 4126 1383
f 2837 419 7419
f 2837 7419 4106
f 2838 7420 420
f 2838 4107 7420
f 7421 10749 547
f 9140 547 5136
f 7422 548 10750
f 9141 5137 548
f 7423 2899 12591
f 2899 7423 10685
f 7424 12592 2900
f 2900 10686 7424
f 5165 6713 7425
f 7425 11997 5165
f 5166 7426 6714
f 7426 5166 11998
f 7427 2176 10331
f 8424 882 2176
f 7428 10332 2177
f 8425 2177 883
f 7156 11504 7429
f 7429 3331 7156
f 7157 7430 11505
f 7430 7157 3332
f 7431 11718 7863
f 6114 7431 1275
f 7432 7864 11719
f 6115 1276 7432
f 7433 5125 2634
f 12275 12279 3663
f 7434 2635 5126
f 12276 3664 12280
f 7435 2816 7214
f 7435 9991 2816
f 7436 7215 2817
f 7436 2817 9992
f 7437 8215 1183
f 1183 4908 7437
f 7438 1184 8216
f 1184 7438 4909
f 7439 9298 8350
f 9298 7849 11686
f 7440 8351 9299
f 9299 11687 7850
f 7441 4611 4636
f 5925 4611 7441
f 7442 4637 4612
f 5926 7442 4612
f 7443 9298 11686
f 11686 9856 7443
f 7444 11687 9299
f 11687 7444 9857
f 11119 7445 2429
f 788 8841 829
f 11120 2430 7446
f 789 830 8842
f 10035 7447 9124
f 12243 4043 4434
f 10036 9125 7448
f 12244 4435 4044
f 7449 2660 10617
f 10617 9223 7449
f 7450 10618 2661
f 10618 7450 9224
f 69 7451 8620
f 268 8739 69
f 269 70 8740
f 70 8621 7452
f 4502 7453 6434
f 7453 4502 10814
f 4503 6435 7454
f 7454 10815 4503
f 167 8733 315
f 8733 167 8739
f 168 316 8734
f 8734 8740 168
f 1647 5967 7457
f 7766 4658 1647
f 1648 7458 5968
f 7767 1648 4659
f 4119 7459 7327
f 4119 10667 7459
f 4120 7328 7460
f 4120 7460 10668
f 3493 7461 11442
f 7461 7516 9614
f 3494 11443 7462
f 7462 9615 7517
f 10521 7463 1591
f 1591 7463 3197
f 10522 1592 7464
f 1592 3198 7464
f 3170 11534 7465
f 3170 7465 6835
f 3171 7466 11535
f 3171 6836 7466
f 7467 2924 501
f 3516 8035 12317
f 7468 502 2925
f 3517 12318 8036
f 2461 10281 8284
f 6374 2461 7772
f 2462 8285 10282
f 6375 7773 2462
f 894 3936 7471
f 7471 7475 11014
f 895 7472 3937
f 7472 11015 7476
f 7473 6386 2469
f 2469 7124 7473
f 7474 2470 6387
f 2470 7474 7125
f 7475 7471 3936
f 3936 8386 7475
f 7476 3937 7472
f 3937 7476 8387
f 11159 7355 7477
f 3233 7477 8352
f 11160 7478 7356
f 3234 8353 7478
f 1742 1061 7479
f 4416 1742 7479
f 1743 7480 1062
f 4417 7480 1743
f 2715 7481 4690
f 3233 8352 2715
f 2716 4691 7482
f 3234 2716 8353
f 7483 342 5108
f 7483 5109 342
f 5297 7484 2142
f 3882 7484 5297
f 5298 2143 7485
f 3883 5298 7485
f 7486 1839 3800
f 1839 7486 9030
f 7487 3801 1840
f 1840 9031 7487
f 7488 7183 2614
f 2614 5563 7488
f 7489 2615 7184
f 2615 7489 5564
f 3131 7490 6586
f 9578 4862 12441
f 3132 6587 7491
f 9579 12442 4863
f 7492 884 5229
f 7492 5034 884
f 7493 5230 885
f 7493 885 5035
f 617 2126 11087
f 11087 5259 617
f 618 11088 2127
f 11088 618 5260
f 7496 4566 10079
f 4566 7496 6694
f 7497 10080 4567
f 4567 6694 7497
f 9022 7498 2758
f 7498 9924 2758
f 9023 2759 7499
f 7499 2759 9925
f 6064 7500 3880
f 7500 9787 3880
f 6065 3881 7501
f 7501 3881 9788
f 4027 5420 7502
f 4027 7502 1004
f 4028 7503 5421
f 4028 1005 7503
f 7504 12651 8739
f 11780 12651 7504
f 7505 8740 12652
f 11781 7505 12652
f 7506 4562 4709
f 3151 4562 7506
f 7507 4710 4563
f 3152 7507 4563
f 4476 2505 7508
f 7508 9227 4476
f 4477 7509 2506
f 7509 4477 9228
f 9704 150 7510
f 4325 7510 150
f 9705 7511 151
f 4326 151 7511
f 5921 2822 7512
f 5921 7512 3575
f 5922 7513 2822
f 5922 3576 7513
f 9499 7514 4448
f 7514 1482 4448
f 9500 4449 7515
f 7515 4449 1483
f 7461 3493 7516
f 9884 3493 1996
f 7462 7517 3494
f 9885 1997 3494
f 6214 7518 1563
f 1563 7518 4382
f 6215 1564 7519
f 1564 4383 7519
f 3335 941 7520
f 10051 2046 9328
f 3336 7521 942
f 10052 9329 2047
f 2421 7522 4797
f 7522 2421 9128
f 2422 4798 7523
f 7523 9129 2422
f 7524 3587 11165
f 10759 3587 9706
f 7525 11166 3588
f 10760 9707 3588
f 7239 7526 2364
f 7238 2364 7526
f 7527 12578 2966
f 7782 2966 8512
f 7528 2967 12579
f 7783 8513 2967
f 7529 5444 10319
f 7529 2684 5444
f 7530 10320 5445
f 7530 5445 2685
f 7531 12617 7782
f 365 7531 9898
f 7532 7783 12618
f 366 9899 7532
f 7533 5593 1500
f 7533 10319 5444
f 7534 1501 5594
f 7534 5445 10320
f 7535 7531 2283
f 7535 2283 7033
f 7536 2284 7532
f 7536 7034 2284
f 1684 1998 7537
f 10988 8227 1684
f 1685 7538 1999
f 10989 1685 8228
f 3108 7539 3876
f 3868 3876 7539
f 3109 3877 7540
f 3869 7540 3877
f 5860 7541 7543
f 7541 6735 700
f 5861 7544 7542
f 7542 701 6736
f 8006 7543 10567
f 700 7543 7541
f 8007 10568 7544
f 701 7542 7544
f 4428 7545 1258
f 7545 4428 11572
f 4429 1259 7546
f 7546 11573 4429
f 11211 4830 7547
f 3764 12499 4466
f 11212 7548 4831
f 3765 4467 12500
f 7549 886 6278
f 7549 8687 886
f 7550 6279 887
f 7550 887 8688
f 12572 2108 7551
f 7551 2108 3108
f 12573 7552 2109
f 7552 3109 2109
f 1010 7553 3303
f 8369 4305 7553
f 1011 3304 7554
f 8370 7554 4306
f 11681 2032 1016
f 10671 2032 11681
f 11682 1017 2033
f 10672 11682 2033
f 3442 8292 9185
f 4054 2351 10401
f 3443 9186 8293
f 4054 10402 2352
f 3012 7559 6350
f 3012 6703 12033
f 3013 6351 7560
f 3013 12034 6704
f 2212 7561 11121
f 4846 7561 2212
f 2213 11122 7562
f 4847 2213 7562
f 7563 2437 7859
f 7563 9965 2437
f 7564 7860 2438
f 7564 2438 9966
f 7565 11121 7561
f 11270 7292 2050
f 7566 7562 11122
f 11271 2051 7292
f 12122 350 7567
f 2835 7567 7571
f 12123 7568 351
f 2836 7572 7568
f 7569 5368 7573
f 3176 8008 7569
f 7570 7574 5369
f 3177 7570 8009
f 7571 7567 350
f 7571 350 3390
f 7572 351 7568
f 7572 3391 351
f 3176 7569 7573
f 3176 7573 1832
f 3177 7574 7570
f 3177 1833 7574
f 7575 5684 1544
f 7575 1544 6382
f 7576 1545 5685
f 7576 6383 1545
f 3677 7577 2586
f 7577 5959 2586
f 3678 2587 7578
f 7578 2587 5960
f 7579 10413 2640
f 12080 7579 4424
f 7580 2641 10414
f 12081 4425 7580
f 3663 12279 7581
f 10729 10325 1279
f 3664 7582 12280
f 10730 1280 10326
f 12169 7583 4950
f 9373 4950 7583
f 12170 4951 7584
f 9374 7584 4951
f 3641 7585 12221
f 6501 7585 11854
f 3642 12222 7586
f 6502 11855 7586
f 5854 10468 7587
f 2727 7587 2266
f 5855 7588 10469
f 2728 2267 7588
f 1930 7589 6248
f 1930 7240 7589
f 1931 6249 7590
f 1931 7590 7241
f 5301 7591 6036
f 5301 11267 7591
f 5302 6037 7592
f 5302 7592 11267
f 722 3553 10704
f 10704 3553 7853
f 723 10705 3554
f 10705 7854 3554
f 7595 8532 10629
f 9215 11760 7595
f 7596 10630 8533
f 9216 7596 11761
f 7597 1228 1137
f 1137 9445 7597
f 7598 1138 1229
f 1138 7598 9446
f 2909 9845 946
f 2909 945 9844
f 8184 1248 7600
f 1248 5237 11921
f 8185 7601 1249
f 1249 11922 5238
f 11619 7606 9231
f 7136 7606 11619
f 11620 9232 7607
f 7137 11620 7607
f 7604 5024 2944
f 5776 7604 2944
f 7605 2945 5025
f 5777 2945 7605
f 7136 12449 7606
f 12449 9231 7606
f 7137 7607 12450
f 12450 7607 9232
f 9231 5082 927
f 9231 927 9664
f 9232 928 5083
f 9232 9665 928
f 7610 9546 1785
f 6878 7610 1785
f 7611 1786 9547
f 6879 1786 7611
f 2940 7612 11008
f 7612 927 5082
f 2941 11009 7613
f 7613 5083 928
f 9318 7614 5666
f 7614 2808 5666
f 9319 5667 7615
f 7615 5667 2809
f 4514 1319 7616
f 181 7616 1319
f 4515 7617 1320
f 182 1320 7617
f 9523 9973 7618
f 6515 270 7618
f 9524 7619 9974
f 6516 7619 271
f 1814 7620 11949
f 12378 1814 6513
f 1815 11950 7621
f 12379 6514 1815
f 2158 12348 7622
f 2158 7622 8033
f 2159 7623 12349
f 2159 8034 7623
f 10115 7624 4243
f 10625 4243 7628
f 10116 4244 7625
f 10626 7629 4244
f 2417 555 7626
f 11320 746 11324
f 2418 7627 556
f 11321 11325 747
f 7628 11949 7620
f 4243 7624 7628
f 7629 7621 11950
f 4244 7629 7625
f 3225 894 7630
f 894 7471 7630
f 3226 7631 895
f 895 7631 7472
f 3396 7632 5505
f 8907 3396 6773
f 3397 5506 7633
f 8908 6774 3397
f 2986 4884 7634
f 12129 7634 1288
f 2987 7635 4885
f 12130 1289 7635
f 7636 1600 11410
f 10195 3774 8705
f 7637 11411 1601
f 10196 8706 3775
f 7642 7638 1115
f 7638 2060 11278
f 7643 1116 7639
f 7639 11279 2061
f 3878 6042 7640
f 6042 10263 7640
f 3879 7641 6043
f 6043 7641 10264
f 7642 2060 7638
f 5774 2060 7642
f 7643 7639 2061
f 5775 7643 2061
f 7930 10263 1520
f 10263 6042 1520
f 7931 1521 10264
f 10264 1521 6043
f 10874 7132 7646
f 12639 6616 7646
f 10875 7647 7133
f 12640 7647 6617
f 7648 11732 4480
f 5900 7648 4480
f 7649 4481 11733
f 5901 4481 7649
f 4073 2680 7650
f 9836 4073 7650
f 4074 7651 2681
f 9837 7651 4074
f 5000 393 7652
f 393 2493 7652
f 5001 7653 394
f 394 7653 2494
f 7654 7094 3921
f 7654 3921 10125
f 7655 3922 7095
f 7655 10126 3922
f 7656 6294 2293
f 2293 4619 7656
f 7657 2294 6295
f 2294 7657 4620
f 7658 3191 3495
f 7658 3495 5219
f 7659 3496 3192
f 7659 5220 3496
f 303 273 7660
f 7660 11830 303
f 304 7661 274
f 7661 304 11831
f 202 7666 7662
f 10603 220 202
f 203 7663 7667
f 10604 203 221
f 85 31 7664
f 85 7664 67
f 86 68 7665
f 86 7665 32
f 41 7666 3751
f 41 3758 7666
f 42 7667 3759
f 42 3752 7667
f 7411 31 7668
f 31 85 7668
f 7412 7669 32
f 32 7669 86
f 7670 1532 6384
f 7670 6384 3826
f 7671 6385 1533
f 7671 3827 6385
f 4956 2397 7672
f 2397 4436 7672
f 4957 7673 2398
f 2398 7673 4437
f 3806 7674 1187
f 7674 12461 1187
f 3807 1188 7675
f 7675 1188 12462
f 4357 9479 7676
f 1722 7676 1720
f 4358 7677 9480
f 1723 1721 7677
f 7313 7678 6172
f 1772 6172 7678
f 7314 6173 7679
f 1773 7679 6173
f 843 7680 3856
f 4934 3856 7680
f 844 3857 7681
f 4935 7681 3857
f 5332 7682 12629
f 5332 5485 10287
f 5333 12630 7683
f 5333 10288 5486
f 7684 659 2022
f 8288 8990 7684
f 7685 2023 660
f 8289 7685 8991
f 7690 835 7686
f 7686 5332 12629
f 7691 7687 836
f 7687 12630 5333
f 9497 2357 7688
f 10139 3337 9014
f 9498 7689 2358
f 10140 9015 3338
f 7690 7686 5255
f 8966 5255 5575
f 7691 5256 7687
f 8967 5576 5256
f 5880 11828 7692
f 7692 2962 3489
f 5881 7693 11829
f 7693 3490 2963
f 9598 12570 7694
f 2102 10329 7694
f 9599 7695 12571
f 2103 7695 10330
f 4092 7696 1111
f 1111 7696 6238
f 4093 1112 7697
f 1112 6239 7697
f 5507 7698 2507
f 2507 7698 8600
f 5508 2508 7699
f 2508 8601 7699
f 1881 7700 4894
f 6118 7700 1881
f 1882 4895 7701
f 6119 1882 7701
f 10492 7702 6260
f 2389 9700 7702
f 10493 6261 7703
f 2390 7703 9701
f 9860 2676 7704
f 2676 5898 11191
f 9861 7705 2677
f 2677 11192 5899
f 5237 5211 7706
f 7706 5211 10739
f 5238 7707 5212
f 7707 10740 5212
f 3379 7708 2666
f 194 9588 7708
f 3380 2667 7709
f 195 7709 9589
f 123 7710 198
f 7710 283 198
f 124 199 7711
f 7711 199 284
f 7712 2829 7926
f 10797 2825 2829
f 7713 7927 2830
f 10798 2830 2826
f 6829 3903 7714
f 6829 7714 9026
f 6830 7715 3904
f 6830 9027 7715
f 2531 5846 7716
f 5846 1470 7716
f 2532 7717 5847
f 5847 7717 1471
f 3760 6212 7718
f 9532 3760 7718
f 3761 7719 6213
f 9533 7719 3761
f 7720 11139 491
f 7720 6196 11139
f 7721 492 11140
f 7721 11140 6197
f 7599 7722 3489
f 7599 3490 7722
f 7723 6202 10615
f 4372 7648 7723
f 7724 10616 6203
f 4373 7724 7649
f 1797 5600 7725
f 1797 7725 5599
f 11205 3850 7726
f 7726 3850 2731
f 11206 7727 3851
f 7727 2732 3851
f 868 7728 10860
f 2741 8815 4992
f 869 10861 7729
f 2742 4993 8816
f 6874 7730 4741
f 4741 7730 4422
f 6875 4742 7731
f 4742 4423 7731
f 6584 1756 7732
f 6584 7732 675
f 6585 7733 1757
f 6585 676 7733
f 9906 491 7734
f 12159 491 1750
f 9907 7735 492
f 12160 1751 492
f 4059 2818 7736
f 4059 7736 10063
f 4060 7737 2819
f 4060 10064 7737
f 7738 7730 1105
f 9906 1105 491
f 7739 1106 7731
f 9907 492 1106
f 7740 3355 477
f 3355 7740 9896
f 7741 478 3356
f 3356 9897 7741
f 3540 7742 9170
f 3540 3609 7742
f 3541 9171 7743
f 3541 7743 3610
f 10511 557 7744
f 3595 3840 7744
f 10512 7745 558
f 3596 7745 3841
f 3665 7746 4783
f 10087 1073 7746
f 3666 4784 7747
f 10088 7747 1074
f 577 7748 9830
f 2519 7748 577
f 578 9831 7749
f 2520 578 7749
f 7994 3377 7750
f 3377 8088 7750
f 7995 7751 3378
f 3378 7751 8089
f 3597 7752 12167
f 12605 2994 7752
f 3598 12168 7753
f 12606 7753 2995
f 158 11649 7754
f 89 158 7754
f 159 7755 11650
f 90 7755 159
f 7756 9211 8356
f 7756 8048 6656
f 7757 8357 9212
f 7757 6657 8049
f 4021 2652 7758
f 7435 8707 9991
f 4022 7759 2653
f 7436 9992 8708
f 4838 7760 343
f 343 7760 6887
f 4839 344 7761
f 344 6888 7761
f 12273 2084 4962
f 2084 12273 10920
f 12274 4963 2085
f 2085 10921 12274
f 6344 7764 2080
f 6344 1321 7764
f 6345 2081 7765
f 6345 7765 1322
f 12183 7004 7766
f 7457 7766 1647
f 12184 7767 7005
f 7458 1648 7767
f 7768 3500 2784
f 9052 7768 2784
f 7769 2785 3501
f 9052 2785 7769
f 3174 5201 7770
f 4283 3174 10337
f 3175 7771 5202
f 4284 10338 3175
f 7772 7469 6552
f 2461 8284 7772
f 7773 6553 7470
f 2462 7773 8285
f 3707 7774 3223
f 12071 12124 3223
f 3708 3224 7775
f 12072 3224 12125
f 3938 2873 7776
f 5804 3938 7776
f 3939 7777 2874
f 5805 7777 3939
f 7778 6478 2664
f 1444 7778 2664
f 7779 2665 6479
f 1445 2665 7779
f 8194 7780 9564
f 1456 7276 7780
f 8195 9565 7781
f 1457 7781 7277
f 7527 2966 7782
f 12617 7527 7782
f 7528 7783 2967
f 12618 7783 7528
f 2723 1308 7784
f 1308 4361 7784
f 2724 7785 1309
f 1309 7785 4362
f 7786 12133 5038
f 11744 5038 8326
f 7787 5039 12134
f 11745 8327 5039
f 1619 11302 7788
f 2723 7784 7788
f 1620 7789 11303
f 2724 7789 7785
f 7790 7946 2489
f 2489 4524 10303
f 7791 2490 7947
f 2490 10304 4525
f 7792 12521 2445
f 7792 2445 1061
f 7793 2446 12522
f 7793 1062 2446
f 7794 3008 6903
f 3942 8942 7794
f 7795 6904 3009
f 3943 7795 8943
f 11032 5322 7796
f 1197 7796 12382
f 11033 7797 5323
f 1198 12383 7797
f 4098 2433 12467
f 12467 473 4098
f 4099 12468 2434
f 12468 4099 474
f 9459 7800 1549
f 7800 10962 1549
f 9460 1550 7801
f 7801 1550 10963
f 10341 419 7802
f 7802 419 5749
f 10342 7803 420
f 7803 5750 420
f 2387 5257 7804
f 9278 2387 7804
f 2388 7805 5258
f 9279 7805 2388
f 3615 3010 7806
f 2592 11872 10199
f 3616 7807 3011
f 2593 10200 11873
f 7808 687 4816
f 6915 687 12355
f 7809 4817 688
f 6916 12356 688
f 4065 4654 7810
f 4737 12277 7810
f 4066 7811 4655
f 4738 7811 12278
f 9946 447 7812
f 447 7932 7812
f 9947 7813 448
f 448 7813 7932
f 7814 8773 4504
f 2590 7814 2588
f 7815 4505 8774
f 2591 2589 7815
f 7816 2755 8845
f 10986 2755 9797
f 7817 8846 2756
f 10987 9798 2756
f 2419 6155 7818
f 7818 4834 2419
f 2420 7819 6156
f 7819 2420 4835
f 6248 7820 2258
f 2258 7820 4787
f 6249 2259 7821
f 2259 4788 7821
f 7822 4245 6825
f 1528 7822 6825
f 7823 6826 4246
f 1529 6826 7823
f 11708 7824 1429
f 1429 7824 6534
f 11709 1430 7825
f 1430 6535 7825
f 1972 5645 7826
f 5645 2926 7826
f 1973 7827 5646
f 5646 7827 2927
f 11199 2165 7828
f 7828 10785 3390
f 11200 7829 2166
f 7829 3391 10786
f 7830 4340 1333
f 7830 1333 4339
f 224 7831 8528
f 7831 224 5941
f 225 8529 7832
f 7832 5942 225
f 7833 10888 2513
f 7833 2513 6328
f 7834 2514 10889
f 7834 6329 2514
f 2891 4968 7835
f 10643 3205 2891
f 2892 7836 4969
f 10644 2892 3206
f 7837 8499 5340
f 7837 1772 8499
f 7838 5341 8500
f 7838 8500 1773
f 4221 7278 7839
f 10952 7839 4386
f 4222 7840 7279
f 10953 4387 7840
f 7841 9956 12589
f 7841 4848 5741
f 7842 12590 9956
f 7842 5742 4849
f 7843 4141 11030
f 7839 4141 7843
f 7844 11031 4142
f 7840 7844 4142
f 8310 11558 7845
f 7845 8168 7043
f 8311 7846 11559
f 7846 7044 8169
f 5487 4774 7847
f 5487 7847 10480
f 5488 7848 4775
f 5488 10481 7848
f 7439 12370 7849
f 7849 9298 7439
f 7440 7850 12371
f 7850 7440 9299
f 7359 7851 2517
f 2517 7851 784
f 7360 2518 7852
f 2518 785 7852
f 2632 5088 7853
f 10704 7853 5088
f 2633 7854 5089
f 10705 5089 7854
f 3542 8847 7855
f 7855 11939 3542
f 3543 7856 8848
f 7856 3543 11940
f 1734 7857 4135
f 4910 4135 7857
f 1735 4136 7858
f 4911 7858 4136
f 11091 7859 521
f 7863 7859 11091
f 11092 522 7860
f 7864 11092 7860
f 5757 11935 7861
f 7861 11935 3886
f 5758 7862 11936
f 7862 3887 11936
f 7431 7863 4986
f 7863 11091 4986
f 7432 4987 7864
f 7864 4987 11092
f 6234 7865 1901
f 7865 3695 1901
f 6235 1902 7866
f 7866 1902 3696
f 4088 10882 7867
f 1294 4088 7867
f 4089 7868 10883
f 1295 7868 4089
f 2287 7869 9010
f 2287 7867 10882
f 2288 9011 7870
f 2288 10883 7868
f 9338 7871 9334
f 5619 2182 7871
f 9339 9335 7872
f 5620 7872 2183
f 2172 7873 5281
f 7873 3933 5281
f 2173 5282 7874
f 7874 5282 3934
f 4331 1849 7875
f 7875 3387 11959
f 4332 7876 1850
f 7876 11960 3388
f 11361 7877 3830
f 7877 7077 3830
f 11362 3831 7878
f 7878 3831 7078
f 7879 7551 2964
f 11452 3784 11300
f 7880 2965 7552
f 11453 11301 3785
f 7881 11054 4958
f 7881 4958 8711
f 7882 4959 11055
f 7882 8712 4959
f 7883 10619 5876
f 5876 7423 7883
f 7884 5877 10620
f 5877 7884 7424
f 7885 5018 5014
f 7885 1254 5018
f 7886 5015 5019
f 7886 5019 1255
f 7887 12491 8446
f 4229 1425 7887
f 7888 8447 12492
f 4230 7888 1426
f 1414 7889 7195
f 5769 12261 1414
f 1415 7196 7890
f 5770 1415 12262
f 3549 6464 7891
f 7891 6464 2252
f 3550 7892 6465
f 7892 2253 6465
f 7893 6739 3249
f 6771 7893 3249
f 7894 3250 6740
f 6772 3250 7894
f 7895 6488 3639
f 7895 3639 6468
f 7896 3640 6489
f 7896 6469 3640
f 7897 931 2792
f 7897 2792 10057
f 7898 2793 932
f 7898 10058 2793
f 10289 2272 7899
f 7899 2272 1754
f 10290 7900 2273
f 7900 1755 2273
f 7901 4954 10474
f 4954 7901 7079
f 7902 10475 4955
f 4955 7079 7902
f 7903 9073 1026
f 7903 3239 3866
f 7904 1027 9074
f 7904 3867 3240
f 5440 1526 7905
f 11518 7905 1526
f 5441 7906 1527
f 11519 1527 7906
f 10960 7907 3092
f 7907 10960 12359
f 10961 3093 7908
f 7908 12360 10961
f 3315 7909 429
f 429 10117 4050
f 3316 430 7910
f 430 4051 10118
f 7907 12359 7911
f 12311 3092 7907
f 7908 7912 12360
f 12312 7908 3093
f 7913 4058 1089
f 7913 1089 4057
f 4163 7914 1780
f 7914 4163 6200
f 4164 1781 7915
f 7915 6201 4164
f 2483 5551 7916
f 7916 5551 8658
f 2484 7917 5552
f 7917 8659 5552
f 3349 11250 7918
f 7918 1748 3349
f 3350 7919 11251
f 7919 3350 1749
f 7920 7916 1384
f 7920 1384 5786
f 7921 1385 7917
f 7921 5787 1385
f 4299 7922 997
f 7922 4299 2749
f 4300 998 7923
f 7923 2750 4300
f 3726 7924 1754
f 1754 7924 7899
f 3727 1755 7925
f 1755 7900 7925
f 6232 4725 7926
f 7926 4725 7712
f 6233 7927 4726
f 7927 7713 4726
f 7928 5529 9750
f 11661 5529 7928
f 7929 9751 5530
f 11662 7929 5530
f 651 8679 7930
f 7930 1520 651
f 652 7931 8680
f 7931 652 1521
f 7932 1310 4335
f 7932 4336 1310
f 3786 7672 7933
f 3786 7933 2668
f 3787 7934 7673
f 3787 2669 7934
f 1847 9614 7516
f 9614 9306 2509
f 1848 7517 9615
f 9615 2510 9307
f 7937 4530 3265
f 7937 9217 4530
f 7938 3266 4531
f 7938 4531 9218
f 2509 7939 9614
f 7939 2509 5569
f 2510 9615 7940
f 7940 5570 2510
f 3589 1887 7941
f 5291 11923 9726
f 3590 7942 1888
f 5292 9727 11924
f 453 7943 6996
f 3438 7943 453
f 454 6997 7944
f 3439 454 7944
f 7945 12413 532
f 7945 532 12412
f 7946 4365 6662
f 7790 4365 7946
f 7947 6663 4366
f 7791 7947 4366
f 4110 7948 8198
f 4110 11270 7948
f 4110 8198 7949
f 4110 7949 11271
f 7950 2907 12505
f 7950 3341 2907
f 7951 12506 2908
f 7951 2908 3342
f 4488 7952 613
f 4488 10067 7952
f 4489 614 7953
f 4489 7953 10068
f 4868 7954 10781
f 7954 4868 636
f 4869 10782 7955
f 7955 637 4869
f 4092 7956 7696
f 8861 7956 4092
f 4093 7697 7957
f 8862 4093 7957
f 916 3804 10595
f 3804 8982 10595
f 917 10596 3805
f 3805 10596 8983
f 7492 1980 7960
f 1980 4974 7960
f 7493 7961 1981
f 1981 7961 4975
f 5647 341 7962
f 7962 1635 5647
f 5647 7963 341
f 7963 5647 1635
f 1639 7964 4807
f 4807 12597 5136
f 1640 4808 7965
f 4808 5137 12598
f 5287 7966 10687
f 2980 7966 2214
f 5288 10688 7967
f 2981 2215 7967
f 1639 5374 7968
f 1639 7968 7964
f 1640 7969 5375
f 1640 7965 7969
f 7970 2996 5390
f 7970 6790 2996
f 7971 5391 2997
f 7971 2997 6791
f 768 7972 10876
f 1340 7972 4327
f 769 10877 7973
f 1341 4328 7973
f 9366 7974 4668
f 4668 11842 6725
f 9366 4669 7975
f 4669 6726 11843
f 7723 7976 10277
f 7780 2706 7976
f 7724 10278 7977
f 7781 7977 2707
f 1224 6887 7978
f 11582 1224 7978
f 1225 7979 6888
f 11583 7979 1225
f 2950 7980 7177
f 7980 6212 7177
f 2951 7178 7981
f 7981 7178 6213
f 2012 1528 7982
f 852 2012 7982
f 2013 7983 1529
f 853 7983 2013
f 852 7982 7984
f 5619 852 7984
f 853 7985 7983
f 5620 7985 853
f 933 7986 2823
f 7986 9642 2823
f 934 2824 7987
f 7987 2824 9643
f 7988 464 12625
f 7992 7988 2804
f 7989 12626 465
f 7993 2805 7989
f 11694 7990 2220
f 7549 2220 7990
f 11695 2221 7991
f 7550 7991 2221
f 7992 464 7988
f 7992 8150 464
f 7993 7989 465
f 7993 465 8151
f 7994 7750 6146
f 7994 6146 1604
f 7995 6147 7751
f 7995 1605 6147
f 7996 2066 10428
f 7996 10149 2066
f 7997 10429 2067
f 7997 2067 10150
f 2843 7998 1275
f 8592 7998 8508
f 2844 1276 7999
f 8593 8509 7999
f 5269 1317 8000
f 1317 3974 12425
f 5270 8001 1318
f 1318 12426 3975
f 8002 4589 9648
f 4589 8002 1286
f 8003 9649 4590
f 4590 1287 8003
f 3295 4370 8004
f 12031 8004 3164
f 3296 8005 4371
f 12032 3165 8005
f 5808 2256 8006
f 2256 7543 8006
f 5809 8007 2257
f 2257 8007 7544
f 12529 8008 4770
f 9401 8008 3645
f 12530 4771 8009
f 9402 3646 8009
f 8010 1836 878
f 8010 878 5261
f 8011 879 1837
f 8011 5262 879
f 8012 9532 7718
f 1408 9401 3645
f 8013 7719 9533
f 1409 3646 9402
f 8014 3187 1115
f 1522 9534 9805
f 8015 1116 3188
f 1523 9806 9535
f 689 6562 8016
f 3277 689 11229
f 690 8017 6563
f 3278 11230 690
f 8018 192 210
f 192 8018 7710
f 8019 211 193
f 193 7711 8019
f 8020 9590 4510
f 3974 11526 10910
f 8021 4511 9591
f 3975 10911 11527
f 9778 1947 1178
f 9777 1178 1946
f 3428 8023 1547
f 3428 6872 8023
f 3429 1548 8024
f 3429 8024 6873
f 4912 8025 2056
f 5086 10565 8025
f 4913 2057 8026
f 5087 8026 10566
f 8027 10621 6190
f 3905 10623 1008
f 8028 6191 10622
f 3906 1009 10624
f 8029 7867 4029
f 4029 11943 8029
f 8030 4030 7868
f 4030 8030 11944
f 8031 4898 4345
f 4345 6682 8031
f 8032 4346 4899
f 4346 8032 6683
f 4319 2158 8033
f 8033 901 4319
f 4320 8034 2159
f 8034 4320 902
f 12317 8035 7467
f 4317 7467 8035
f 12318 7468 8036
f 4318 8036 7468
f 604 2188 8037
f 12209 8899 8037
f 605 8038 2189
f 12210 8038 8900
f 6919 8039 2831
f 2831 8039 4193
f 6920 2832 8040
f 2832 4194 8040
f 4795 8041 11085
f 4795 10535 8041
f 4796 11086 8042
f 4796 8042 10536
f 1338 10932 8043
f 7041 1338 8043
f 1339 8044 10933
f 7042 8044 1339
f 2543 8045 9000
f 5755 8045 1189
f 2544 9001 8046
f 5756 1190 8046
f 1179 5126 8047
f 1179 8047 5125
f 6917 10466 8048
f 8048 9057 6917
f 6918 8049 10467
f 8049 6918 9058
f 8050 4243 10625
f 1746 8050 3422
f 8051 10626 4244
f 1747 3423 8051
f 5927 8052 462
f 8052 1518 11040
f 5928 463 8053
f 8053 11041 1519
f 2222 3884 8054
f 11432 1486 8054
f 2223 8055 3885
f 11433 8055 1487
f 8056 10211 3178
f 7393 8056 3178
f 8057 3179 10212
f 7394 3179 8057
f 6610 8058 945
f 6610 6694 8058
f 6611 946 8059
f 6611 8059 6694
f 8060 6753 4538
f 9538 8060 4538
f 8061 4539 6754
f 9539 4539 8061
f 10513 2565 8062
f 7402 8062 2565
f 10514 8063 2566
f 7403 2566 8063
f 8064 8911 1157
f 1157 3489 8064
f 8065 1157 8912
f 1157 8065 3490
f 4207 8066 3363
f 12088 3363 8066
f 4208 3364 8067
f 12089 8067 3364
f 9266 1216 8068
f 8068 1216 10356
f 9267 8069 1217
f 8069 10357 1217
f 10283 9912 8070
f 8070 2104 3247
f 10284 8071 9913
f 8071 3248 2105
f 8072 5894 4768
f 4768 1897 8072
f 8073 4769 5895
f 4769 8073 1898
f 2976 8114 8074
f 5183 11219 8074
f 2977 8075 8115
f 5184 8075 11220
f 8076 1704 5896
f 11153 8080 1704
f 8077 5897 1705
f 11154 1705 8081
f 1052 10017 8078
f 8078 7337 1052
f 1053 8079 10018
f 8079 1053 7338
f 7220 947 8080
f 8080 11153 7220
f 7221 8081 948
f 8081 7221 11154
f 3325 8082 365
f 7531 365 12617
f 3326 366 8083
f 7532 12618 366
f 208 8084 3255
f 11836 10227 4219
f 209 3256 8085
f 11837 4220 10228
f 4271 8086 2857
f 2857 8086 5903
f 4272 2858 8087
f 2858 5904 8087
f 7043 5686 8088
f 8958 8088 5686
f 7044 8089 5687
f 8959 5687 8089
f 7802 8090 1808
f 1808 8090 7690
f 7803 1809 8091
f 1809 7691 8091
f 4137 8092 6802
f 4137 1458 8092
f 4138 6803 8093
f 4138 8093 1459
f 8094 3321 5654
f 10211 8094 5654
f 8095 5655 3322
f 10212 5655 8095
f 1458 8096 8092
f 9491 8096 1458
f 1459 8093 8097
f 9492 1459 8097
f 2198 8098 970
f 8100 4251 8098
f 2199 971 8099
f 8101 8099 4252
f 2198 8100 8098
f 2198 10169 8100
f 2199 8099 8101
f 2199 8101 10170
f 12207 12203 8102
f 8102 12203 8648
f 8103 8649 12204
f 12208 8103 12204
f 5239 1268 8104
f 8104 5020 5239
f 5240 8105 1269
f 8105 5240 5021
f 3471 8106 5961
f 5961 8106 9954
f 3472 5962 8107
f 5962 9955 8107
f 5394 8108 2052
f 8108 4701 2052
f 5395 2053 8109
f 8109 2053 4702
f 6034 8144 8110
f 6034 8110 11426
f 6035 8111 8145
f 6035 11427 8111
f 2264 8112 4836
f 10111 8112 2264
f 2265 4837 8113
f 10112 2265 8113
f 6284 8114 3864
f 2976 3864 8114
f 6285 3865 8115
f 2977 8115 3865
f 5142 8116 10805
f 8116 5142 3749
f 5143 10806 8117
f 8117 3750 5143
f 4731 10085 8118
f 8118 12548 4731
f 4732 8119 10086
f 8119 4732 12549
f 2144 3357 8120
f 10456 8120 12281
f 2145 8121 3358
f 10457 12282 8121
f 3032 7305 8122
f 6272 3032 9110
f 3033 8123 7306
f 6273 9111 3033
f 8124 990 7612
f 984 990 8124
f 8125 7613 991
f 985 8125 991
f 1843 7053 8126
f 8225 8126 1913
f 1844 8127 7054
f 8226 1914 8127
f 1598 8128 345
f 1598 2559 8128
f 1599 346 8129
f 1599 8129 2560
f 3460 8130 6998
f 10708 6998 8130
f 3461 6999 8131
f 10709 8131 6999
f 3036 8132 5207
f 10631 10629 8532
f 3037 5208 8133
f 10632 8533 10630
f 5167 1816 8134
f 5167 8134 8174
f 5168 8135 1817
f 5168 8175 8135
f 8132 794 8136
f 794 7877 11361
f 8133 8137 795
f 795 11362 7878
f 8138 4071 630
f 8835 4071 8138
f 8139 631 4072
f 8836 8139 4072
f 8270 8873 8140
f 206 8140 3567
f 8271 8141 8874
f 207 3568 8141
f 9862 8142 12477
f 2086 7545 11572
f 9863 12478 8143
f 2087 11573 7546
f 6521 775 8144
f 8144 10372 6521
f 6522 8145 776
f 8145 6522 10373
f 596 8146 5737
f 2165 8146 596
f 597 5738 8147
f 2166 597 8147
f 1099 4123 8148
f 12546 8148 9342
f 1100 8149 4124
f 12547 9343 8149
f 2206 8150 5579
f 2206 7682 8150
f 2207 5580 8151
f 2207 8151 7683
f 3571 9519 8152
f 8152 4267 12321
f 3572 8153 9520
f 8153 12322 4268
f 2867 8154 10830
f 5623 8154 2867
f 2868 10831 8155
f 5624 2868 8155
f 4914 11969 8156
f 4914 8156 9183
f 4915 8157 11970
f 4915 9184 8157
f 8158 3724 10097
f 3852 8158 1602
f 8159 10098 3725
f 3853 1603 8159
f 5322 3893 8160
f 3893 1671 10229
f 5323 8161 3894
f 3894 10230 1672
f 8162 355 6954
f 8162 8753 355
f 8163 6955 356
f 8163 356 8754
f 4424 8164 2192
f 2192 8164 6845
f 4425 2193 8165
f 2193 6846 8165
f 1094 8166 4814
f 7351 10902 1094
f 1095 4815 8167
f 7352 1095 10903
f 1079 10045 8168
f 7845 11558 8168
f 1080 8169 10046
f 7846 8169 11559
f 8170 4814 9809
f 1094 4814 8170
f 8171 9810 4815
f 1095 8171 4815
f 10077 8172 1915
f 6827 1915 8172
f 10078 1916 8173
f 6828 8173 1916
f 8174 8134 2208
f 11450 9032 2208
f 8175 2209 8135
f 11451 2209 9033
f 8176 12388 2118
f 8176 2118 4988
f 8177 2119 12389
f 8177 4989 2119
f 10071 10271 8178
f 8178 2457 1889
f 10072 8179 10272
f 8179 1890 2458
f 8180 7256 3299
f 3299 7585 8180
f 8181 3300 7257
f 3300 8181 7586
f 8178 8182 796
f 11665 12057 796
f 8179 797 8183
f 11666 797 12058
f 8184 9148 473
f 738 8184 7600
f 8185 474 9149
f 739 7601 8185
f 311 8186 5446
f 311 5730 8186
f 312 5447 8187
f 312 8187 5731
f 8188 4864 5947
f 7146 4864 8188
f 8189 5948 4865
f 7147 8189 4865
f 6664 9457 8190
f 8190 1627 683
f 6665 8191 9458
f 8191 684 1628
f 4223 12147 8192
f 9983 4223 8192
f 4224 8193 12148
f 9984 8193 4224
f 1456 8194 3213
f 1456 7780 8194
f 1457 3214 8195
f 1457 8195 7781
f 1431 1054 8196
f 8196 1054 5450
f 1431 8197 1054
f 8197 5450 1054
f 8198 627 9994
f 8198 9993 627
f 3687 10227 10223
f 10223 11516 3687
f 3688 10224 10228
f 10224 3688 11517
f 1268 8201 3538
f 1268 5239 8201
f 1269 3539 8202
f 1269 8202 5240
f 2090 3497 8203
f 10177 2090 8203
f 2091 8204 3498
f 10178 8204 2091
f 8205 4609 726
f 8205 9257 4970
f 8206 727 4610
f 8206 4971 9258
f 8207 6136 5121
f 7575 8207 5121
f 8208 5122 6137
f 7576 5122 8208
f 389 8209 4297
f 8209 9803 4297
f 390 4298 8210
f 8210 4298 9804
f 11874 8209 8211
f 10239 3768 8211
f 11875 8212 8210
f 10240 8212 3769
f 8213 7116 5225
f 2234 8213 5225
f 8214 5226 7117
f 2235 5226 8214
f 1183 8215 4205
f 2291 4205 11418
f 1184 4206 8216
f 2292 11419 4206
f 8217 11257 1774
f 8584 11286 3683
f 8218 1775 11258
f 8585 3684 11287
f 8219 800 3102
f 11812 6378 800
f 8220 3103 801
f 11813 801 6379
f 1166 4633 8221
f 7096 8221 4633
f 1167 8222 4634
f 7097 4634 8222
f 291 8223 236
f 9423 8223 291
f 292 237 8224
f 9424 292 8224
f 8225 6272 1843
f 8225 1843 8126
f 8226 1844 6273
f 8226 8127 1844
f 10988 6729 8227
f 12521 8227 6729
f 10989 8228 6730
f 12522 6730 8228
f 8229 7555 2845
f 8229 2845 1185
f 8230 2846 7556
f 8230 1186 2846
f 3796 5535 8231
f 8231 2369 3796
f 3797 8232 5536
f 8232 3797 2370
f 8233 6958 4506
f 8233 4506 7365
f 8234 4507 6959
f 8234 7366 4507
f 4285 5832 8235
f 2684 8235 5832
f 4286 8236 5833
f 2685 5833 8236
f 2254 8237 3609
f 3609 8237 6194
f 2255 3610 8238
f 3610 6195 8238
f 10075 8239 4711
f 4711 8239 3251
f 10076 4712 8240
f 4712 3252 8240
f 1903 8241 4832
f 6536 8241 1903
f 1904 4833 8242
f 6537 1904 8242
f 8243 4213 3237
f 3237 6680 8243
f 8244 3238 4214
f 3238 8244 6681
f 8245 956 10916
f 8245 2772 4656
f 8246 10917 957
f 8246 4657 2773
f 4067 8841 8247
f 8247 3474 4067
f 4068 8248 8842
f 8248 4068 3475
f 3172 8249 3794
f 11514 12165 8249
f 3173 3795 8250
f 11515 8250 12166
f 2533 8251 4546
f 2533 10171 8251
f 2534 4547 8252
f 2534 8252 10172
f 8253 2373 1824
f 10454 11822 1824
f 8254 1825 2374
f 10455 1825 11823
f 8255 5247 1416
f 8255 918 5247
f 8256 1417 5248
f 8256 5248 918
f 12350 2893 11552
f 6370 1591 12350
f 12351 11553 2894
f 6371 12351 1592
f 8259 3846 10767
f 3846 8259 11808
f 8260 10768 3847
f 3847 11809 8260
f 4013 1873 8261
f 4013 8261 6636
f 4014 8262 1874
f 4014 6637 8262
f 8267 12228 2025
f 8266 2024 12227
f 6072 8264 9024
f 11989 511 10914
f 6073 9025 8265
f 11990 10915 512
f 8266 1203 4926
f 8266 12227 1203
f 8267 4927 1203
f 8267 1203 12228
f 9618 8268 12189
f 2988 8268 2232
f 9619 12190 8269
f 2989 2233 8269
f 206 8270 8140
f 2658 8270 11696
f 207 8141 8271
f 2659 11697 8271
f 8276 12416 8272
f 4721 8276 8272
f 8277 8273 12417
f 4722 8273 8277
f 8274 12527 4486
f 4486 8497 8274
f 8275 4487 12528
f 4487 8275 8498
f 4721 11454 8276
f 988 8280 8276
f 4722 8277 11455
f 989 8277 8281
f 4818 8278 4275
f 8278 9789 11353
f 4819 4276 8279
f 8279 11354 9790
f 988 3522 8280
f 7419 10341 3522
f 989 8281 3523
f 7420 3523 10342
f 8282 4916 6084
f 8282 6084 321
f 8283 6085 4917
f 8283 322 6085
f 7469 12473 4801
f 12473 7469 7772
f 7470 4802 12474
f 12474 7773 7470
f 4368 8286 657
f 4623 657 8290
f 4369 658 8287
f 4624 8291 658
f 2022 1402 8288
f 2022 8288 7684
f 2023 8289 1403
f 2023 7685 8289
f 11995 8290 8286
f 8286 8290 657
f 11996 8287 8291
f 8287 658 8291
f 1663 7557 8292
f 5985 10401 7557
f 1664 8293 7558
f 5986 7558 10402
f 3267 5941 8294
f 8294 5941 7666
f 3268 8295 5942
f 8295 7667 5942
f 6548 12205 8296
f 10397 1663 8292
f 6549 8297 12206
f 10398 8293 1664
f 8298 1128 4412
f 8298 4052 1128
f 8299 4413 1129
f 8299 1129 4053
f 3398 8300 4121
f 3398 7732 8300
f 3399 4122 8301
f 3399 8301 7733
f 8302 11101 11612
f 11101 8302 39
f 8303 11613 11102
f 11102 40 8303
f 8304 244 6038
f 10880 12197 6038
f 8305 6039 245
f 10881 6039 12198
f 8306 3673 598
f 8306 8310 5071
f 8307 599 3674
f 8307 5072 8311
f 8308 3716 7818
f 10900 3716 8308
f 8309 7819 3717
f 10901 8309 3717
f 8310 598 11558
f 8306 598 8310
f 8311 11559 599
f 8307 8311 599
f 2326 8312 5753
f 2326 11201 8312
f 2327 5754 8313
f 2327 8313 11202
f 4359 10211 8314
f 11913 10432 8314
f 4360 8315 10212
f 11914 8315 10433
f 8316 1478 9175
f 8316 6064 1478
f 8317 9176 1479
f 8317 1479 6065
f 1208 8318 6895
f 1208 4648 8318
f 1209 6896 8319
f 1209 8319 4649
f 7220 8320 947
f 5293 947 8320
f 7221 948 8321
f 5294 8321 948
f 8326 7577 8322
f 5862 2879 11522
f 8327 8323 7578
f 5863 11523 2880
f 5362 8324 455
f 12327 455 8324
f 5363 456 8325
f 12328 8325 456
f 11744 8326 2879
f 2879 8326 11522
f 11745 2880 8327
f 2880 11523 8327
f 6494 2148 8328
f 6494 8328 2547
f 6495 8329 2149
f 6495 2548 8329
f 831 4147 8330
f 831 8330 6074
f 832 8331 4148
f 832 6075 8331
f 8332 12073 8328
f 8332 8043 1055
f 8333 8329 12074
f 8333 1056 8044
f 4942 3637 8334
f 3637 1250 8334
f 4943 8335 3638
f 3638 8335 1251
f 4363 12384 8336
f 12388 8176 4363
f 4364 8337 12385
f 12389 4364 8177
f 8338 4872 4133
f 8338 4133 10273
f 8339 4134 4873
f 8339 10274 4134
f 8340 3434 7082
f 1216 3434 8340
f 8341 7083 3435
f 1217 8341 3435
f 3345 8342 2180
f 6446 11143 8673
f 3346 2181 8343
f 6447 8674 11144
f 8344 6306 8634
f 8344 3426 6306
f 8345 8635 6307
f 8345 6307 3427
f 8346 4976 2124
f 2851 8346 2124
f 8347 2125 4977
f 2852 2125 8347
f 4291 8348 6066
f 8348 4291 10073
f 4292 6067 8349
f 8349 10074 4292
f 10683 8350 9298
f 8350 10683 988
f 10684 9299 8351
f 8351 989 10684
f 2715 8352 11748
f 11748 8352 809
f 2716 11749 8353
f 11749 810 8353
f 8352 8354 571
f 8358 11380 571
f 8353 572 8355
f 8359 572 11381
f 8356 152 101
f 8356 4378 152
f 8357 102 153
f 8357 153 4379
f 8354 8358 571
f 8354 9722 8358
f 8355 572 8359
f 8355 8359 9723
f 8360 8364 4998
f 8360 4998 6140
f 8361 4999 8364
f 8361 6141 4999
f 10007 9554 8362
f 293 275 9558
f 294 9559 276
f 10008 8363 9555
f 8361 8364 183
f 8360 183 8364
f 8365 10353 890
f 9063 3086 10353
f 8366 891 10354
f 9064 10354 3087
f 8373 8867 8367
f 3577 1000 8367
f 8374 8368 8868
f 3578 8368 1001
f 1010 8371 8369
f 8369 7553 1010
f 1011 8370 8372
f 8370 1011 7554
f 1282 8371 1010
f 8932 8371 1282
f 1283 1011 8372
f 8933 1283 8372
f 8373 1000 9063
f 1000 8373 8367
f 8374 9064 1001
f 1001 8368 8374
f 10470 8375 4309
f 4309 8375 1919
f 10471 4310 8376
f 4310 1920 8376
f 2998 7278 8377
f 2998 8377 7895
f 2999 8378 7279
f 2999 7896 8378
f 7110 764 8379
f 6432 8379 764
f 7111 8380 765
f 6433 765 8380
f 2187 8381 3186
f 2186 3186 8381
f 8382 5241 12523
f 2431 1760 8382
f 8383 12524 5242
f 2432 8383 1761
f 1593 3824 8384
f 4167 8384 3824
f 1594 8385 3825
f 4168 3825 8385
f 8386 8382 1760
f 7475 8386 1760
f 8387 1761 8383
f 7476 1761 8387
f 7714 8388 1593
f 1593 8388 3824
f 7715 1594 8389
f 1594 3825 8389
f 12035 8390 3197
f 12350 3197 8390
f 12036 3198 8391
f 12351 8391 3198
f 962 7716 8392
f 962 8392 3657
f 963 8393 7717
f 963 3658 8393
f 1325 8394 12271
f 1325 1119 8394
f 1326 12272 8395
f 1326 8395 1120
f 11498 8396 4217
f 6064 8400 2576
f 11499 4218 8397
f 6065 2577 8401
f 4125 8398 3041
f 3041 8398 6781
f 4126 3042 8399
f 3042 6782 8399
f 8396 11498 8400
f 3476 8396 8400
f 8397 8401 11499
f 3477 8401 8397
f 6733 3458 8402
f 7067 8402 3458
f 6734 8403 3459
f 7068 3459 8403
f 1134 4111 8404
f 4631 1134 9795
f 1135 8405 4112
f 4632 9796 1135
f 7009 8406 3094
f 8406 9239 3094
f 7010 3095 8407
f 8407 3095 9240
f 8408 786 12344
f 9787 8408 2449
f 8409 12345 787
f 9788 2450 8409
f 8410 4420 1573
f 3047 8410 1573
f 8411 1574 4421
f 3048 1574 8411
f 2622 12597 8412
f 2622 8412 4676
f 2623 8413 12598
f 2623 4677 8413
f 10498 8414 3065
f 8414 415 10930
f 10499 3066 8415
f 8415 10931 416
f 8416 11888 619
f 8416 9453 1512
f 8417 620 11889
f 8417 1513 9454
f 4811 645 8418
f 8418 645 12118
f 4811 8419 645
f 8419 12119 645
f 4069 8420 4932
f 8420 9971 4932
f 4070 4933 8421
f 8421 4933 9972
f 4143 8422 10884
f 4143 1608 8422
f 4144 10885 8423
f 4144 8423 1608
f 2176 7427 8424
f 5533 8424 7427
f 2177 8425 7428
f 5534 7428 8425
f 8522 8426 8518
f 8522 10384 8426
f 8523 8519 8427
f 8523 8427 10385
f 12453 10922 8428
f 9678 1313 1222
f 12454 8429 10923
f 9679 1223 1314
f 7049 8430 1600
f 8430 11410 1600
f 7050 1601 8431
f 8431 1601 11411
f 8432 896 2616
f 2006 8436 8432
f 8433 2617 897
f 2007 8433 8437
f 1948 6960 8434
f 10297 5953 1948
f 1949 8435 6961
f 10298 1949 5954
f 8436 4388 896
f 8436 896 8432
f 8437 897 4389
f 8437 8433 897
f 6507 8438 11766
f 2812 8438 6507
f 6508 11767 8439
f 2813 6508 8439
f 2869 8440 6180
f 1342 8440 2869
f 2870 6181 8441
f 1343 2870 8441
f 8442 3836 11778
f 8442 8198 3836
f 8443 11779 3837
f 8443 3837 8198
f 8444 2160 4017
f 2160 8444 10575
f 8445 4018 2161
f 2161 10576 8445
f 11070 8446 5611
f 5611 8446 12491
f 11071 5612 8447
f 5612 12492 8447
f 9894 8448 5179
f 5179 8448 2648
f 9895 5180 8449
f 5180 2649 8449
f 1368 9237 8450
f 8450 3369 1368
f 1369 8451 9238
f 8451 1369 3370
f 5326 728 8452
f 8452 11528 5483
f 5327 8453 729
f 8453 5484 11529
f 8454 11578 1374
f 8454 1374 6988
f 8455 1375 11579
f 8455 6989 1375
f 12386 1883 8456
f 6466 8456 1883
f 12387 8457 1884
f 6467 1884 8457
f 5816 1536 8458
f 8458 1536 10886
f 5817 8459 1537
f 8459 10887 1537
f 8460 7263 272
f 8460 272 7262
f 8461 10535 4795
f 5975 4100 8461
f 8462 4796 10536
f 5976 8462 4101
f 1822 8463 6280
f 2814 8463 1822
f 1823 6281 8464
f 2815 1823 8464
f 6727 5702 8465
f 5702 8070 8465
f 6728 8466 5703
f 5703 8466 8071
f 6176 3681 8467
f 8467 3681 1273
f 6177 8468 3682
f 8468 1274 3682
f 8473 6614 8469
f 6614 9626 8469
f 8474 8470 6615
f 6615 8470 9627
f 2694 8471 827
f 827 8471 7126
f 2695 828 8472
f 828 7127 8472
f 8473 8469 2467
f 8473 2467 8390
f 8474 2468 8470
f 8474 8391 2468
f 9495 8475 5398
f 8475 8477 5398
f 9496 5399 8476
f 8476 5399 8478
f 2130 12365 8477
f 8475 2130 8477
f 2131 8478 12366
f 8476 8478 2131
f 5036 1155 8479
f 4430 8479 1155
f 5037 8480 1156
f 4431 1156 8480
f 9686 8481 3712
f 8481 4414 3712
f 9687 3713 8482
f 8482 3713 4415
f 8483 8290 1830
f 1830 10209 8483
f 8484 1831 8291
f 1831 8484 10210
f 3712 4414 8485
f 4418 11348 4414
f 3713 8486 4415
f 4419 4415 11349
f 8487 4152 903
f 5599 4152 8487
f 8488 904 4153
f 5600 8488 4153
f 2140 7301 8489
f 4307 2140 8489
f 2141 8490 7302
f 4308 8490 2141
f 8491 10982 2002
f 6831 10982 8491
f 8492 2003 10983
f 6832 8492 10983
f 4388 8493 519
f 5828 519 8493
f 4389 520 8494
f 5829 8494 520
f 7937 8495 8805
f 11836 4219 8495
f 7938 8806 8496
f 11837 8496 4220
f 2493 8497 5479
f 8497 2928 5479
f 2494 5480 8498
f 8498 5480 2929
f 8499 1571 12265
f 5611 1571 8499
f 8500 12266 1572
f 5612 8500 1572
f 485 4302 8501
f 485 8501 4301
f 8502 8506 9038
f 8502 8438 2812
f 8503 9039 8507
f 8503 2813 8439
f 405 8504 5796
f 405 4568 8504
f 405 5796 8505
f 405 8505 4568
f 8502 2812 8506
f 2812 5931 8506
f 8503 8507 2813
f 2813 8507 5932
f 8508 7998 2843
f 11675 8508 2843
f 8509 2844 7999
f 11676 2844 8509
f 5348 8510 1492
f 1492 8510 4011
f 5349 1493 8511
f 1493 4012 8511
f 8512 1661 5864
f 6986 8512 5864
f 8513 5865 1662
f 6987 5865 8513
f 11820 8514 2696
f 11820 1400 8514
f 11821 2697 8515
f 11821 8515 1401
f 5269 1524 8516
f 8516 9268 5114
f 5270 8517 1525
f 8517 5115 9269
f 6468 8518 1911
f 1911 8518 8426
f 6469 1912 8519
f 1912 8427 8519
f 1388 8520 1452
f 8524 6170 8520
f 1389 1453 8521
f 8525 8521 6171
f 3635 8522 2246
f 2246 8522 8518
f 3636 2247 8523
f 2247 8519 8523
f 8520 1388 8524
f 1388 12331 8524
f 8521 8525 1389
f 1389 8525 12332
f 8526 9914 914
f 1542 8526 12342
f 8527 915 9915
f 1543 12343 8527
f 224 8528 6102
f 6102 11316 226
f 225 6103 8529
f 6103 227 11317
f 8530 5963 1744
f 8530 1744 2946
f 8531 1745 5964
f 8531 2947 1745
f 8532 7595 11760
f 8532 1302 3137
f 8533 11761 7596
f 8533 3138 1303
f 7770 3925 8534
f 8534 3925 2984
f 7771 8535 3926
f 8535 2985 3926
f 8106 8536 1907
f 1907 8536 4906
f 8107 1908 8537
f 1908 4907 8537
f 8538 6272 8225
f 1636 6272 8538
f 8539 8226 6273
f 1637 8539 6273
f 4019 3677 8540
f 11659 8540 7335
f 4020 8541 3678
f 11660 7336 8541
f 3872 6747 8542
f 8542 2108 3872
f 3873 8543 6748
f 8543 3873 2109
f 4102 8544 9375
f 8544 4102 11909
f 4103 9376 8545
f 8545 11910 4103
f 3400 8546 2541
f 4267 8550 12321
f 3401 2542 8547
f 4268 12322 8551
f 8548 5786 3331
f 9391 5786 8548
f 8549 3332 5787
f 9392 8549 5787
f 8550 1604 8546
f 8550 8546 12321
f 8551 8547 1605
f 8551 12322 8547
f 874 8552 9864
f 12065 10099 874
f 875 9865 8553
f 12066 875 10100
f 3990 12433 561
f 561 12433 9548
f 3991 562 12434
f 562 9549 12434
f 2038 8556 6703
f 8556 2038 9987
f 2039 6704 8557
f 8557 9988 2039
f 4183 9507 8558
f 10506 4183 8558
f 4184 8559 9508
f 10507 8559 4184
f 9174 8560 4944
f 4944 8560 11610
f 9174 4945 8561
f 4945 11611 8561
f 8562 2849 9181
f 8562 8558 2849
f 8563 9182 2850
f 8563 2850 8559
f 5307 2451 8564
f 5307 8564 1386
f 5308 8565 2452
f 5308 1387 8565
f 8566 3988 10671
f 8566 1824 3988
f 8567 10672 3989
f 8567 3989 1825
f 7000 2299 8568
f 2299 4514 8568
f 7001 8569 2300
f 2300 8569 4515
f 8570 11820 2696
f 10653 8570 2696
f 8571 2697 11821
f 10654 2697 8571
f 4613 8572 11334
f 4613 6909 9568
f 4614 11335 8573
f 4614 9569 6910
f 12059 8574 740
f 8574 8578 740
f 12060 741 8575
f 8575 741 8579
f 5118 8576 11979
f 11983 339 1050
f 5119 11980 8577
f 11984 1051 340
f 8574 3273 8578
f 3273 9461 8578
f 8575 8579 3274
f 3274 8579 9462
f 6356 8580 63
f 6356 35 8580
f 6357 64 8581
f 6357 8581 36
f 3500 8582 2897
f 6814 8582 3500
f 3501 2898 8583
f 6815 3501 8583
f 5794 8584 8217
f 8584 3683 8217
f 5795 8218 8585
f 8585 8218 3684
f 1627 8586 4878
f 4878 8586 5426
f 1628 4879 8587
f 4879 5427 8587
f 4544 11462 8588
f 8588 3337 4544
f 4545 8589 11463
f 8589 4545 3338
f 8590 11878 3045
f 9910 6416 8590
f 8591 3046 11879
f 9911 8591 6417
f 10783 8592 5469
f 5469 8592 1783
f 10784 5470 8593
f 5470 1784 8593
f 3986 8594 1031
f 10607 11002 12011
f 3987 1032 8595
f 10608 12012 11003
f 8596 3043 4283
f 8596 6767 3043
f 8597 4284 3044
f 8597 3044 6768
f 8598 923 3140
f 8598 3140 8264
f 8599 3141 924
f 8599 8265 3141
f 1466 8600 3392
f 8600 7698 11430
f 1467 3393 8601
f 8601 11431 7699
f 4514 313 8602
f 8602 313 6596
f 4515 8603 314
f 8603 6597 314
f 4952 8604 3235
f 7202 8604 4952
f 4953 3236 8605
f 7203 4953 8605
f 8606 4822 1922
f 8606 1922 5271
f 8607 1923 4823
f 8607 5272 1923
f 12503 5075 8608
f 1516 8608 5075
f 12504 8609 5076
f 1517 5076 8609
f 7593 10657 8610
f 8458 11304 663
f 7594 8611 10658
f 8459 664 11305
f 3484 8612 8614
f 3484 11683 8612
f 3485 8615 8613
f 3485 8613 11684
f 8614 8612 6098
f 8614 6098 1669
f 8615 6099 8613
f 8615 1670 6099
f 4797 6178 8616
f 858 8616 6178
f 4798 8617 6179
f 859 6179 8617
f 995 8618 4760
f 4760 8618 2343
f 996 4761 8619
f 4761 2344 8619
f 188 8620 7451
f 188 7411 8620
f 189 7452 8621
f 189 8621 7412
f 11963 8622 8634
f 8622 1334 2974
f 11964 8635 8623
f 8623 2975 1335
f 8624 5473 6889
f 2672 5473 9650
f 8625 6890 5474
f 2673 9651 5474
f 2236 8626 843
f 12179 8626 2236
f 2237 844 8627
f 12180 2237 8627
f 4343 4890 8628
f 8628 4890 11667
f 4344 8629 4891
f 8629 11668 4891
f 2794 8196 8630
f 8630 2353 2794
f 2795 8631 8197
f 8631 2795 2354
f 8632 10627 3153
f 6915 8632 3153
f 8633 3154 10628
f 6916 3154 8633
f 8634 8622 2974
f 2974 1871 8634
f 8635 2975 8623
f 2975 8635 1872
f 4854 8636 10593
f 3018 8636 4854
f 4855 10594 8637
f 3019 4855 8637
f 9922 49 8638
f 142 8638 188
f 9923 8639 50
f 143 189 8639
f 3118 5420 8640
f 7626 3118 8640
f 3119 8641 5421
f 7627 8641 3119
f 3974 8642 11526
f 4992 11095 3974
f 3975 11527 8643
f 4993 3975 11096
f 6857 8644 11700
f 8644 206 11700
f 6858 11701 8645
f 8645 11701 207
f 8646 5358 3701
f 8652 3701 8644
f 8647 3702 5359
f 8653 8645 3702
f 27 7013 8648
f 12203 27 8648
f 28 8649 7014
f 12204 8649 28
f 8650 1766 8646
f 1693 1766 8650
f 8651 8647 1767
f 1694 8651 1767
f 3701 8652 8646
f 8646 8652 8650
f 3702 8647 8653
f 8647 8651 8653
f 521 8654 6132
f 3948 12153 521
f 522 6133 8655
f 3949 522 12154
f 10954 10027 8656
f 8656 2054 11645
f 10955 8657 10028
f 8657 11646 2055
f 8658 6731 632
f 8658 2487 6731
f 8659 633 6732
f 8659 6732 2488
f 9792 6427 650
f 9791 650 6426
f 4082 1764 8661
f 8002 4082 8661
f 4083 8662 1765
f 8003 8662 4083
f 10775 3561 8663
f 3008 833 8663
f 10776 8664 3562
f 3009 8664 834
f 704 8665 7996
f 10998 8669 8665
f 705 7997 8666
f 10999 8666 8670
f 8667 3653 2347
f 3653 8667 1258
f 8668 2348 3654
f 3654 1259 8668
f 5102 8669 10998
f 5102 8428 8669
f 5103 10999 8670
f 5103 8670 8429
f 6839 2036 8671
f 11171 6839 8671
f 6840 8672 2037
f 11172 8672 6840
f 8673 8342 3345
f 8673 3345 6540
f 8674 3346 8343
f 8674 6541 3346
f 4902 12185 8675
f 4902 8675 2901
f 4903 8676 12186
f 4903 2902 8676
f 9572 8677 2561
f 8677 12400 2561
f 9573 2562 8678
f 8678 2562 12401
f 8679 1869 10924
f 651 11706 8679
f 8680 10925 1870
f 652 8680 11707
f 9170 7742 8681
f 3609 8681 7742
f 9171 8682 7743
f 3610 7743 8682
f 8683 982 8174
f 9166 982 8683
f 8684 8175 983
f 9167 8684 983
f 8685 6412 3359
f 8685 3359 6798
f 8686 3360 6413
f 8686 6799 3360
f 6753 8687 6690
f 6690 8687 3917
f 6754 6691 8688
f 6691 3918 8688
f 8689 1191 12414
f 12082 7367 1191
f 8690 12415 1192
f 12083 1192 7368
f 8691 6552 611
f 611 3277 8691
f 8692 612 6553
f 612 8692 3278
f 2859 8693 12231
f 2859 3617 8693
f 2860 12232 8694
f 2860 8694 3618
f 758 8054 8695
f 6318 758 8695
f 759 8696 8055
f 6319 8696 759
f 8697 2473 4488
f 10271 8697 11665
f 8698 4489 2474
f 10272 11666 8698
f 8699 477 1107
f 4725 8699 1107
f 8700 1108 478
f 4726 1108 8700
f 11288 3536 8701
f 3536 6513 8701
f 11289 8702 3537
f 3537 8702 6514
f 8703 2531 7716
f 8703 2841 2531
f 8704 7717 2532
f 8704 2532 2842
f 6216 4793 8705
f 6216 8705 2650
f 6217 8706 4794
f 6217 2651 8706
f 7758 2652 8707
f 7758 8707 5223
f 7759 8708 2653
f 7759 5224 8708
f 6684 8709 169
f 5263 10613 8709
f 6685 170 8710
f 5264 8710 10614
f 4958 4416 8711
f 4416 2735 8711
f 4959 8712 4417
f 4417 8712 2736
f 11259 8709 8713
f 8713 9694 2030
f 11260 8714 8710
f 8714 2031 9695
f 7002 9963 8715
f 8715 1206 7002
f 7003 8716 9964
f 8716 7003 1207
f 8833 8717 2367
f 9963 7002 2367
f 8834 2368 8718
f 9964 2368 7003
f 5718 10571 8719
f 1795 5718 8719
f 5719 8720 10572
f 1796 8720 5719
f 8721 8717 3309
f 3309 8725 8721
f 8722 3310 8718
f 3310 8722 8726
f 295 8723 4686
f 8723 3092 4686
f 296 4687 8724
f 8724 4687 3093
f 8725 9630 4458
f 4458 8721 8725
f 8726 4459 9631
f 4459 8726 8722
f 3911 2584 8727
f 7173 3911 8727
f 3912 8728 2585
f 7174 8728 3912
f 2291 5549 8729
f 8729 4205 2291
f 2292 8730 5550
f 8730 2292 4206
f 3317 7429 8731
f 7429 11504 8731
f 3318 8732 7430
f 7430 8732 11505
f 7455 117 8733
f 8733 8739 7455
f 7456 8734 118
f 8734 7456 8740
f 12159 5471 8735
f 2094 8735 5471
f 12160 8736 5472
f 2095 5472 8736
f 6270 1398 8737
f 1398 7433 8737
f 6271 8738 1399
f 1399 8738 7434
f 7451 8739 12651
f 8739 7451 69
f 7452 12652 8740
f 8740 70 7452
f 11592 8741 4968
f 11460 4968 8741
f 11593 4969 8742
f 11461 8742 4969
f 625 8743 3659
f 3659 8743 12511
f 626 3660 8744
f 3660 12512 8744
f 8745 1260 7019
f 1260 8745 5704
f 8746 7020 1261
f 1261 5705 8746
f 4195 7286 8747
f 1851 4195 8747
f 4196 8748 7287
f 1852 8748 4196
f 8749 1149 3006
f 4717 8749 3006
f 8750 3007 1150
f 4718 3007 8750
f 8751 5951 4090
f 8755 5648 8751
f 8752 4091 5952
f 8756 8752 5649
f 8753 2668 1288
f 8753 3786 2668
f 8754 1289 2669
f 8754 2669 3787
f 9840 8755 4090
f 8755 8751 4090
f 9841 4091 8756
f 8756 4091 8752
f 1446 8757 11584
f 7276 8757 1446
f 1447 11585 8758
f 7277 1447 8758
f 4191 952 8759
f 8759 952 11227
f 4192 8760 953
f 8760 11228 953
f 1631 10323 8761
f 10323 4394 8761
f 1632 8762 10324
f 10324 8762 4395
f 646 4803 8763
f 646 8763 8235
f 647 8764 4804
f 647 8236 8764
f 8765 3351 7740
f 3351 8765 5069
f 8766 7741 3352
f 3352 5070 8766
f 4035 8936 8767
f 4165 8767 2574
f 4036 8768 8937
f 4166 2575 8768
f 1143 1791 8769
f 1143 8769 6166
f 1144 8770 1792
f 1144 6167 8770
f 7361 848 8771
f 12259 9487 5374
f 7362 8772 849
f 12260 5375 9488
f 8773 2590 8727
f 8773 7814 2590
f 8774 8728 2591
f 8774 2591 7815
f 8775 4508 8773
f 6438 4508 8775
f 8776 8774 4509
f 6439 8776 4509
f 8777 5151 3705
f 5148 8777 3705
f 8778 3706 5152
f 5149 3706 8778
f 5044 6676 8779
f 8779 6676 3464
f 5045 8780 6677
f 8780 3465 6677
f 6038 8781 3275
f 9425 3275 8785
f 6039 3276 8782
f 9426 8786 3276
f 8783 2905 2080
f 8783 2080 7764
f 8784 2081 2906
f 8784 7765 2081
f 8781 8785 3275
f 1454 8785 8781
f 8782 3276 8786
f 1455 8782 8786
f 8787 10609 3899
f 8375 8787 3899
f 8788 3900 10610
f 8376 3900 8788
f 8789 972 10976
f 10693 5073 972
f 8790 10977 973
f 10694 973 5074
f 4245 8795 8791
f 8791 6825 4245
f 4246 8792 8796
f 8792 4246 6826
f 8793 6911 10974
f 5493 8793 4627
f 8794 10975 6912
f 5494 4628 8794
f 8795 513 623
f 4245 513 8795
f 8796 624 514
f 4246 8796 514
f 2471 1649 8797
f 8797 1649 7463
f 2472 8798 1650
f 8798 7464 1650
f 4688 8799 1470
f 4688 11848 8799
f 4689 1471 8800
f 4689 8800 11849
f 2295 10793 8801
f 2295 8801 6074
f 2296 8802 10794
f 2296 6075 8802
f 1857 8803 8245
f 1857 6534 8803
f 1858 8246 8804
f 1858 8804 6535
f 4219 8805 8495
f 4219 3649 8805
f 4220 8496 8806
f 4220 8806 3650
f 8807 3970 11860
f 9358 3082 3078
f 8808 11861 3971
f 9359 3079 3083
f 8481 9686 8809
f 8481 8809 2312
f 8482 8810 9687
f 8482 2313 8810
f 3970 8811 11860
f 6646 8811 3970
f 3971 11861 8812
f 6647 3971 8812
f 8813 1045 2312
f 2312 8809 8813
f 8814 2313 1046
f 2313 8814 8810
f 2741 7728 8815
f 7728 10376 8815
f 2742 8816 7729
f 7729 8816 10377
f 8817 2702 8491
f 12219 2702 8817
f 8818 8492 2703
f 12220 8818 2703
f 3583 8221 8819
f 8819 5838 3583
f 3584 8820 8222
f 8820 3584 5839
f 1292 4727 8821
f 6190 1292 12552
f 1293 8822 4728
f 6191 12553 1293
f 3436 4528 8823
f 12359 2281 3436
f 3437 8824 4529
f 12360 3437 2282
f 5660 6853 8825
f 5660 8825 3215
f 5661 8826 6854
f 5661 3216 8826
f 4666 2960 8827
f 3458 8827 2960
f 4667 8828 2961
f 3459 2961 8828
f 8829 2026 12657
f 2026 11217 2808
f 8830 12658 2027
f 2027 2809 11218
f 587 1526 8831
f 587 8831 8827
f 588 8832 1527
f 588 8828 8832
f 1621 8717 8833
f 1621 8833 5519
f 1622 8834 8718
f 1622 5520 8834
f 4607 12047 8835
f 4607 8835 7441
f 4608 8836 12048
f 4608 7442 8836
f 8837 2924 11804
f 10053 8837 6048
f 8838 11805 2925
f 10054 6049 8838
f 3271 912 8839
f 912 10735 8839
f 3272 8840 913
f 913 8840 10736
f 8841 7445 829
f 4067 7445 8841
f 8842 830 7446
f 4068 8842 7446
f 8843 9544 868
f 868 10860 12384
f 8844 869 9545
f 869 12385 10861
f 503 6318 8845
f 2755 503 8845
f 504 8846 6319
f 2756 8846 504
f 600 5998 8847
f 5998 7855 8847
f 601 8848 5999
f 5999 8848 7856
f 10405 872 8849
f 8849 12346 8853
f 10406 8850 873
f 8850 8854 12347
f 9483 315 8851
f 7055 8851 315
f 9484 8852 316
f 7056 316 8852
f 6618 8853 12346
f 4171 8853 6618
f 6619 12347 8854
f 4172 6619 8854
f 3456 12005 8855
f 5187 12001 1885
f 3457 8856 12006
f 5188 1886 12002
f 287 8857 216
f 8857 11253 216
f 288 217 8858
f 8858 217 11254
f 8859 545 4597
f 10803 8859 4597
f 8860 4598 546
f 10804 4598 8860
f 8041 6749 8861
f 6749 10335 8861
f 8042 8862 6750
f 6750 8862 10336
f 3022 6849 8863
f 3022 8863 6184
f 3023 8864 6850
f 3023 6185 8864
f 8865 5438 6859
f 781 5438 8865
f 8866 6860 5439
f 781 8866 5439
f 8867 10484 732
f 8367 8867 732
f 8868 733 10485
f 8368 733 8868
f 2399 6188 8869
f 8869 6188 4337
f 2400 8870 6189
f 8870 4338 6189
f 10181 3394 8871
f 3394 8875 8871
f 10182 8872 3395
f 3395 8872 8876
f 8873 2654 11259
f 8270 2654 8873
f 8874 11260 2655
f 8271 8874 2655
f 3557 8875 6800
f 8875 3557 8871
f 3558 6801 8876
f 8876 8872 3558
f 5771 5774 8877
f 8877 4269 5771
f 5772 8878 5775
f 8878 5772 4270
f 4418 8879 11348
f 3508 10996 4418
f 4419 11349 8880
f 3509 4419 10997
f 5603 8881 683
f 683 8881 6648
f 5604 684 8882
f 684 6649 8882
f 5215 8883 1266
f 8883 10017 1266
f 5216 1267 8884
f 8884 1267 10018
f 8885 10411 3090
f 8885 3090 10023
f 8886 3091 10412
f 8886 10024 3091
f 8887 5527 8554
f 9838 5527 8887
f 8888 8555 5528
f 9839 8888 5528
f 1787 8889 12544
f 6853 8889 1787
f 1788 12545 8890
f 6854 1788 8890
f 2403 8887 8891
f 8891 4779 2403
f 2404 8892 8888
f 8892 2404 4780
f 8893 3546 5668
f 8893 8897 3546
f 8894 5669 3547
f 8894 3547 8898
f 1877 4440 8895
f 1877 11905 6662
f 1878 8896 4441
f 1878 6663 11906
f 8897 8893 5987
f 8897 5987 435
f 8898 5988 8894
f 8898 435 5988
f 8899 1877 6662
f 1014 8899 6662
f 8900 6663 1878
f 1015 6663 8900
f 6096 8901 4277
f 4277 8901 6644
f 6097 4278 8902
f 4278 6645 8902
f 2411 5175 8903
f 8903 5203 2411
f 2412 8904 5176
f 8904 2412 5204
f 8905 7744 9582
f 6088 8905 9582
f 8906 9583 7745
f 6089 9583 8906
f 8907 9134 7632
f 8907 7632 3396
f 8908 7633 9135
f 8908 3397 7633
f 8909 425 3862
f 8909 11862 10460
f 8910 3863 426
f 8910 10461 11863
f 1677 1157 8911
f 8911 12352 1677
f 1677 8912 1157
f 8912 1677 12352
f 8913 2359 1145
f 2359 8913 8025
f 8914 1146 2360
f 2360 8026 8914
f 8915 2636 10460
f 12335 8915 4203
f 8916 10461 2637
f 12336 4204 8916
f 12217 7053 3673
f 12217 3673 8306
f 12218 3674 7054
f 12218 8307 3674
f 8919 4599 9787
f 8919 12333 4599
f 8920 9788 4600
f 8920 4600 12334
f 4397 8921 4635
f 4396 4635 8921
f 8922 964 2399
f 964 8922 7918
f 8923 2400 965
f 965 7919 8923
f 8924 9805 667
f 8924 667 4776
f 8925 668 9806
f 8925 4777 668
f 8930 8926 10575
f 2774 7744 8926
f 8931 10576 8927
f 2775 8927 7745
f 8928 4482 5455
f 4482 8928 9944
f 8929 5456 4483
f 4483 9945 8929
f 2774 8930 11004
f 8930 2774 8926
f 2775 11005 8931
f 8931 8927 2775
f 12299 8371 8932
f 2104 4247 8932
f 12300 8933 8372
f 2105 8933 4248
f 4131 8934 2102
f 2056 8934 4131
f 4132 2103 8935
f 2057 4132 8935
f 2574 8767 8936
f 4682 2574 8936
f 2575 8937 8768
f 4683 8937 2575
f 8938 9324 6230
f 1657 8938 6006
f 8939 6231 9325
f 1658 6007 8939
f 6994 8940 11239
f 8940 7670 1048
f 6995 11240 8941
f 8941 1049 7671
f 8942 833 3008
f 7794 8942 3008
f 8943 3009 834
f 7795 3009 8943
f 1164 8944 3627
f 8944 1164 6933
f 1165 3628 8945
f 8945 6934 1165
f 228 8946 7756
f 301 8946 228
f 229 7757 8947
f 302 229 8947
f 6150 8948 4207
f 4207 8948 2202
f 6151 4208 8949
f 4208 2203 8949
f 6660 10765 8950
f 6917 6660 8950
f 6661 8951 10766
f 6918 8951 6661
f 1284 5315 8952
f 5315 1722 8952
f 1285 8953 5316
f 5316 8953 1723
f 83 11742 8954
f 83 8954 327
f 84 8955 11743
f 84 328 8955
f 935 8960 8956
f 9280 7317 9284
f 936 8957 8961
f 9281 9285 7318
f 361 8958 11890
f 361 8088 8958
f 362 11891 8959
f 362 8959 8089
f 7317 8960 4189
f 7317 9280 8960
f 7318 4190 8961
f 7318 8961 9281
f 8962 2704 5810
f 11538 8962 5810
f 8963 5811 2705
f 11539 5811 8963
f 331 8950 8964
f 331 8964 301
f 332 8965 8951
f 332 302 8965
f 1808 7690 8966
f 8966 7690 5255
f 1809 8967 7691
f 8967 5256 7691
f 10273 8968 1228
f 8968 4003 8972
f 10274 1229 8969
f 8969 8973 4004
f 8970 10641 2678
f 695 8970 2678
f 8971 2679 10642
f 696 2679 8971
f 1228 8972 1137
f 8968 8972 1228
f 1229 1138 8973
f 8969 1229 8973
f 9407 4754 8974
f 449 8974 11981
f 9408 8975 4755
f 450 11982 8975
f 8976 1442 708
f 754 1442 8976
f 8977 709 1443
f 755 8977 1443
f 9819 8982 8978
f 8978 1795 10789
f 9820 8979 8983
f 8979 10790 1796
f 8114 815 8980
f 12342 815 1542
f 8115 8981 816
f 12343 1543 816
f 3804 2453 8982
f 8982 11135 8978
f 3805 8983 2454
f 8983 8979 11136
f 8984 1083 3510
f 8988 1083 8984
f 8985 3511 1084
f 8989 8985 1084
f 3078 8986 5026
f 3082 8986 3078
f 3079 5027 8987
f 3083 3079 8987
f 1083 8988 4994
f 4994 12408 533
f 1084 4995 8989
f 4995 534 12409
f 8990 903 9670
f 8288 903 8990
f 8991 9671 904
f 8289 8991 904
f 5957 8992 380
f 5957 4908 8992
f 5958 381 8993
f 5958 8993 4909
f 8994 3207 2529
f 2529 6402 8994
f 8995 2530 3208
f 2530 8995 6403
f 8996 2853 9191
f 2853 8996 1170
f 8997 9192 2854
f 2854 1171 8997
f 218 39 8998
f 8302 11975 39
f 219 8999 40
f 8303 40 11976
f 9000 5755 2084
f 5755 9000 8045
f 9001 2085 5756
f 5756 8046 9001
f 10161 11631 9002
f 1394 9002 10157
f 10162 9003 11632
f 1395 10158 9003
f 2727 9004 5277
f 9004 1037 5277
f 2728 5278 9005
f 9005 5278 1038
f 9006 7385 3339
f 3339 7636 9006
f 9007 3340 7386
f 3340 9007 7637
f 386 9008 2505
f 9008 386 6450
f 387 2506 9009
f 9009 6451 387
f 5856 9010 2523
f 2523 9010 11939
f 5857 2524 9011
f 2524 11940 9011
f 9012 1168 2301
f 4086 1168 9012
f 9013 2302 1169
f 4087 9013 1169
f 11250 7688 9014
f 9014 7688 10139
f 11251 9015 7689
f 9015 10140 7689
f 2180 9016 3952
f 2180 9020 9016
f 2181 3953 9017
f 2181 9017 9021
f 2686 1033 9018
f 9018 1033 12406
f 2687 9019 1034
f 9019 12407 1034
f 4656 2772 9020
f 2180 4656 9020
f 4657 9021 2773
f 2181 9021 4657
f 9022 2758 4474
f 9022 4474 1434
f 9023 4475 2759
f 9023 1435 4475
f 9024 511 4233
f 8264 511 9024
f 9025 4234 512
f 8265 9025 512
f 6829 9026 1651
f 9026 3907 1651
f 6830 1652 9027
f 9027 1652 3908
f 630 6224 9028
f 8138 630 10343
f 631 9029 6225
f 8139 10344 631
f 11734 9030 4061
f 9030 11248 9036
f 11735 4062 9031
f 9031 9037 11249
f 8683 8174 9032
f 9032 8174 2208
f 8684 9033 8175
f 9033 2209 8175
f 5138 3571 9034
f 9034 3571 8152
f 5139 9035 3572
f 9035 8153 3572
f 9030 9036 4061
f 9036 677 4061
f 9031 4062 9037
f 9037 4062 678
f 1577 5223 9038
f 9038 8506 1577
f 1578 9039 5224
f 9039 1578 8507
f 9040 1669 8408
f 8614 1669 9040
f 9041 8409 1670
f 8615 9041 1670
f 7047 9042 11215
f 3751 11215 9042
f 7048 11216 9043
f 3752 9043 11216
f 9046 9044 9050
f 4781 10476 384
f 9047 9051 9045
f 4782 385 10477
f 384 9046 4121
f 384 9044 9046
f 385 4122 9047
f 385 9047 9045
f 7084 9048 1454
f 2990 9048 7084
f 7085 1455 9049
f 2991 7085 9049
f 9050 3281 9046
f 9050 3579 3281
f 9051 9047 3282
f 9051 3282 3580
f 1921 2785 9052
f 1921 9052 2784
f 9053 966 5792
f 5792 6236 9053
f 9054 5793 967
f 5793 9054 6237
f 9055 8976 3800
f 3800 1839 9055
f 9056 3801 8977
f 3801 9056 1840
f 10255 6660 9057
f 6917 9057 6660
f 10256 9058 6661
f 6918 6661 9058
f 5724 9059 2092
f 6330 11919 9059
f 5725 2093 9060
f 6331 9060 11920
f 9061 5116 8436
f 1331 5116 9061
f 9062 8437 5117
f 1332 9062 5117
f 8365 9063 10353
f 8373 9063 8365
f 8366 10354 9064
f 8374 8366 9064
f 9065 12605 933
f 9746 933 2823
f 9066 934 12606
f 9747 2824 934
f 3933 2202 9067
f 5281 3933 10659
f 3934 9068 2203
f 5282 10660 3934
f 9069 5854 11726
f 5854 9069 352
f 9070 11727 5855
f 5855 353 9070
f 1891 5330 9071
f 5497 1891 9071
f 1892 9072 5331
f 5498 9072 1892
f 9073 7903 3866
f 3866 9069 9073
f 9074 3867 7904
f 3867 9074 9070
f 9075 9948 6316
f 9075 5364 4259
f 9076 6317 9949
f 9076 4260 5365
f 563 2337 9077
f 4470 563 9077
f 564 9078 2338
f 4471 9078 564
f 9079 5320 3096
f 3096 11369 9079
f 9080 3097 5321
f 3097 9080 11370
f 563 9081 2337
f 9081 12243 2337
f 564 2338 9082
f 9082 2338 12244
f 3972 9083 9059
f 1887 9083 3972
f 3973 9060 9084
f 1888 3973 9084
f 4735 1476 9085
f 12065 1476 10099
f 4736 9086 1477
f 12066 10100 1477
f 9087 4558 378
f 9087 378 2682
f 9088 379 4559
f 9088 2683 379
f 9089 2475 5627
f 2475 9089 792
f 9090 5628 2476
f 2476 793 9090
f 144 9091 91
f 186 10679 144
f 145 92 9092
f 187 145 10680
f 11681 1016 9093
f 9093 1016 4830
f 11682 9094 1017
f 9094 4831 1017
f 756 6348 9095
f 9095 2339 756
f 757 9096 6349
f 9096 757 2340
f 7037 9097 11330
f 7037 11290 9097
f 7038 11331 9098
f 7038 9098 11291
f 3998 7485 9099
f 3998 9099 7484
f 2557 9100 10693
f 7080 9825 2557
f 2558 10694 9101
f 7081 2558 9826
f 1174 4227 9102
f 4442 1174 9102
f 1175 9103 4228
f 4443 9103 1175
f 9100 5161 9104
f 10970 9104 5161
f 9101 9105 5162
f 10971 5162 9105
f 1849 6186 9106
f 11786 7875 1849
f 1850 9107 6187
f 11787 1850 7876
f 177 12207 9108
f 177 9108 10906
f 9109 12208 178
f 178 10907 9109
f 9110 8122 980
f 3032 8122 9110
f 9111 981 8123
f 3033 9111 8123
f 4084 9112 5929
f 6972 9112 4084
f 4085 5930 9113
f 6973 4085 9113
f 4257 11886 9114
f 2861 12245 9114
f 4258 9115 11887
f 2862 9115 12246
f 1238 9120 9116
f 5846 9116 2537
f 1239 9117 9121
f 5847 2538 9117
f 2459 9118 5008
f 9118 2459 4007
f 2460 5009 9119
f 9119 4008 2460
f 9116 9120 12114
f 12114 9120 5878
f 9117 12115 9121
f 12115 5879 9121
f 5008 10201 9122
f 5008 9122 2459
f 5009 9123 10202
f 5009 2460 9123
f 6984 2865 9124
f 10035 9124 2865
f 6985 9125 2866
f 10036 2866 9125
f 10386 9126 2310
f 2543 12239 9126
f 10387 2311 9127
f 2544 9127 12240
f 5465 9128 11113
f 9128 5465 11810
f 5466 11114 9129
f 9129 11811 5466
f 6056 11838 9130
f 7065 6056 9130
f 6057 9131 11839
f 7066 9131 6057
f 8534 9132 5404
f 5404 9132 10994
f 8535 5405 9133
f 5405 10995 9133
f 9134 6525 1861
f 9134 1861 7632
f 9135 1862 6526
f 9135 7633 1862
f 3996 9136 10920
f 9136 3996 9000
f 3997 10921 9137
f 9137 9001 3997
f 9138 2628 7327
f 919 11728 7327
f 9139 7328 2629
f 920 7328 11729
f 9140 7421 547
f 445 7421 9140
f 9141 548 7422
f 446 9141 7422
f 7494 2126 9142
f 423 9142 2126
f 7495 9143 2127
f 424 2127 9143
f 746 9144 10295
f 11320 9144 746
f 747 10296 9145
f 11321 747 9145
f 2379 9146 6458
f 9146 3962 6458
f 2380 6459 9147
f 9147 6459 3963
f 738 10994 9148
f 9148 8184 738
f 739 9149 10995
f 9149 739 8185
f 341 9152 9150
f 341 9150 7962
f 341 9151 9153
f 341 7963 9151
f 9152 1424 2234
f 9152 341 1424
f 9153 2235 1424
f 9153 1424 341
f 9154 8296 11404
f 4735 9158 3297
f 9155 11405 8297
f 4736 3298 9159
f 6022 9156 3927
f 9156 277 3927
f 6023 3928 9157
f 9157 3928 278
f 12582 9154 9158
f 9154 3297 9158
f 12583 9159 9155
f 9155 9159 3298
f 10918 9160 7618
f 9160 10918 222
f 10919 7619 9161
f 9161 223 10919
f 9511 6544 9162
f 6544 7557 9162
f 9512 9163 6545
f 6545 9163 7558
f 7021 9164 1978
f 2835 9164 7021
f 7022 1979 9165
f 2836 7022 9165
f 12459 5830 9166
f 5830 982 9166
f 12460 9167 5831
f 5831 9167 983
f 10926 9168 6414
f 9168 1484 6414
f 10927 6415 9169
f 9169 6415 1485
f 1518 9170 6678
f 6678 9170 8681
f 1519 6679 9171
f 6679 8682 9171
f 9172 8570 4460
f 10157 4464 9172
f 9173 4461 8571
f 10158 9173 4465
f 371 4945 9174
f 371 9174 4944
f 3227 3579 9175
f 9175 3579 9053
f 3228 9176 3580
f 9176 9054 3580
f 6861 9177 12647
f 9177 5961 3243
f 6862 12648 9178
f 9178 3244 5962
f 2112 9179 2932
f 9179 6036 2932
f 2113 2933 9180
f 9180 2933 6037
f 9181 5163 5830
f 9181 2849 5163
f 9182 5831 5164
f 9182 5164 2850
f 5052 9183 5134
f 179 9183 5052
f 5053 5135 9184
f 180 5053 9184
f 8292 2351 9185
f 2351 9189 9185
f 8293 9186 2352
f 2352 9186 9190
f 9646 4392 9187
f 2381 1304 9187
f 9647 9188 4393
f 2382 9188 1305
f 9185 9189 3707
f 3707 9189 7774
f 9186 3708 9190
f 3708 7775 9190
f 4654 9191 2853
f 4065 9191 4654
f 4655 2854 9192
f 4066 4655 9192
f 11388 9193 1304
f 11380 9193 11388
f 11389 1305 9194
f 11381 11389 9194
f 9195 194 1380
f 8632 9195 10627
f 9196 1381 195
f 8633 10628 9196
f 5818 586 9197
f 1024 5818 9197
f 5819 9198 586
f 1025 9198 5819
f 9199 11683 3484
f 681 9199 2491
f 9200 3485 11684
f 682 2492 9200
f 4625 3026 9201
f 3026 9612 9201
f 4626 9202 3027
f 3027 9202 9613
f 4583 10055 9203
f 11796 2491 9199
f 4584 9204 10056
f 11797 9200 2492
f 9205 7197 2582
f 9205 2582 5038
f 9206 2583 7198
f 9206 5039 2583
f 9207 3651 6749
f 7351 3651 9207
f 9208 6750 3652
f 7352 9208 3652
f 9217 8805 9209
f 5006 9213 9209
f 9218 9210 8806
f 5007 9210 9214
f 7756 6656 9211
f 6656 4378 9211
f 7757 9212 6657
f 6657 9212 4379
f 3467 2525 9213
f 9213 9217 9209
f 3468 9214 2526
f 9214 9210 9218
f 12007 3253 9817
f 4844 9817 3253
f 12008 9818 3254
f 4845 3254 9818
f 4530 9217 2525
f 9213 2525 9217
f 4531 2526 9218
f 9214 9218 2526
f 9219 475 4844
f 4844 3253 9219
f 9220 4845 476
f 4845 9220 3254
f 10912 9221 720
f 720 9221 10121
f 10913 721 9222
f 721 10122 9222
f 4752 9223 3239
f 4752 7449 9223
f 4753 3240 9224
f 4753 9224 7450
f 9225 8938 3695
f 3695 7172 9225
f 9226 3696 8939
f 3696 9226 7172
f 7698 395 9227
f 3106 11355 395
f 7699 9228 396
f 3107 396 11356
f 1639 4807 9229
f 1639 9229 8771
f 1640 9230 4808
f 1640 8772 9230
f 5082 9231 7608
f 7608 9231 11185
f 5083 7609 9232
f 7609 11186 9232
f 7847 9233 11145
f 1942 12475 5919
f 7848 11146 9234
f 1943 5920 12476
f 9235 5213 2521
f 2521 3209 9235
f 9236 2522 5214
f 2522 9236 3210
f 8450 9237 4709
f 7309 4709 9237
f 8451 4710 9238
f 7310 9238 4710
f 6833 4748 9239
f 8406 6833 9239
f 6834 9240 4749
f 8407 9240 6834
f 6827 9241 507
f 6827 5336 9241
f 6828 508 9242
f 6828 9242 5337
f 9243 4996 937
f 9243 937 5263
f 9244 938 4997
f 9244 5264 938
f 1793 503 9245
f 9245 3661 1793
f 1794 9246 504
f 9246 1794 3662
f 9247 7181 5571
f 9247 5571 3762
f 9248 5572 7182
f 9248 3763 5572
f 954 2932 9249
f 9249 4880 12325
f 955 9250 2933
f 9250 12326 4881
f 9251 5064 11173
f 11470 1480 5722
f 9252 11174 5065
f 11471 5723 1481
f 11500 9253 1238
f 1238 9253 9120
f 11501 1239 9254
f 1239 9121 9254
f 939 9255 5291
f 9255 11923 5291
f 940 5292 9256
f 9256 5292 11924
f 8205 726 9257
f 726 3780 9257
f 8206 9258 727
f 727 9258 3781
f 3225 9259 6012
f 4125 6012 9259
f 3226 6013 9260
f 4126 9260 6013
f 444 11966 9261
f 444 9261 11965
f 9262 3766 7321
f 1553 3766 11957
f 9263 7322 3767
f 1554 11958 3767
f 9264 1970 3625
f 6142 9264 3625
f 9265 3626 1971
f 6143 3626 9265
f 9266 10669 2549
f 9266 2549 1216
f 9267 2550 10670
f 9267 1217 2550
f 9268 8516 1524
f 1524 2737 9268
f 9269 1525 8517
f 1525 9269 2738
f 9270 410 5056
f 9270 3647 12593
f 9271 5057 411
f 9271 12594 3648
f 3067 9272 4337
f 9272 3067 11203
f 3068 4338 9273
f 9273 11204 3068
f 9274 805 12382
f 9274 12382 8905
f 9275 12383 806
f 9275 8906 12383
f 3555 9276 5501
f 9276 3555 5565
f 3556 5502 9277
f 9277 5566 3556
f 9278 9526 5364
f 4660 9278 7804
f 9279 5365 9527
f 4661 7805 9279
f 8956 8960 9280
f 8956 9280 6338
f 8957 9281 8961
f 8957 6339 9281
f 9278 9282 661
f 661 9286 9290
f 9279 662 9283
f 662 9291 9287
f 5012 9284 12161
f 9280 9284 5012
f 5013 12162 9285
f 9281 5013 9285
f 9286 9282 3497
f 661 9282 9286
f 9287 3498 9283
f 662 9287 9283
f 3514 9288 6350
f 3514 6899 9288
f 3515 6351 9289
f 3515 9289 6900
f 9286 1964 9290
f 9290 1964 5257
f 9287 9291 1965
f 9291 5258 1965
f 5585 9292 1378
f 5816 9292 5585
f 5586 1379 9293
f 5817 5586 9293
f 10906 6937 177
f 6937 10906 5939
f 10907 178 6938
f 6938 5940 10907
f 8444 9296 1346
f 1346 9296 4319
f 8445 1347 9297
f 1347 4320 9297
f 7443 7339 9298
f 9298 7339 10683
f 7444 9299 7340
f 9299 10684 7340
f 3675 9300 1557
f 1557 9300 5293
f 3676 1558 9301
f 1558 5294 9301
f 10464 3469 9302
f 451 9302 7347
f 10465 9303 3470
f 452 7348 9303
f 10757 9304 4583
f 1617 3724 9304
f 10758 4584 9305
f 1618 9305 3725
f 9614 1847 9306
f 9306 1847 5094
f 9615 9307 1848
f 9307 5095 1848
f 9156 9308 277
f 2626 277 9308
f 9157 278 9309
f 2627 9309 278
f 5448 2626 9310
f 2626 9308 9310
f 5449 9311 2627
f 2627 9311 9309
f 5209 9312 9316
f 5209 2608 10573
f 5210 9317 9313
f 5210 10574 2609
f 1181 2158 9314
f 9314 4277 1181
f 1182 9315 2159
f 9315 1182 4278
f 12461 9316 1065
f 9316 9312 1065
f 12462 1066 9317
f 9317 1066 9313
f 7189 9318 5666
f 9318 7189 2729
f 7190 5667 9319
f 9319 2730 7190
f 9320 6980 5324
f 7640 6980 9320
f 9321 5325 6981
f 7641 9321 6981
f 9322 2650 9326
f 6216 2650 9322
f 9323 9327 2651
f 6217 9323 2651
f 8938 1657 9324
f 9324 1657 2713
f 8939 9325 1658
f 9325 2714 1658
f 2650 5378 9326
f 9326 5378 2644
f 2651 9327 5379
f 9327 2645 5379
f 9328 7520 941
f 9328 9330 7520
f 9329 942 7521
f 9329 7521 9331
f 9330 9987 6448
f 9330 6448 7520
f 9331 6449 9988
f 9331 7521 6449
f 9332 8829 12657
f 9332 2644 5378
f 9333 12658 8830
f 9333 5379 2645
f 7871 2182 9334
f 9334 2182 5311
f 7872 9335 2183
f 9335 5312 2183
f 6897 594 9336
f 11981 8974 9336
f 6898 9337 595
f 11982 9337 8975
f 9338 6538 8604
f 9338 9334 6538
f 9339 8605 6539
f 9339 6539 9335
f 169 6104 9340
f 10390 9340 6104
f 170 9341 6105
f 10391 6105 9341
f 1012 9342 3534
f 9342 1613 3534
f 1013 3535 9343
f 9343 3535 1614
f 9344 1286 5376
f 1286 9344 6523
f 9345 5377 1287
f 1287 6524 9345
f 819 8233 9346
f 10173 819 9346
f 820 9347 8234
f 10174 9347 820
f 4748 9348 537
f 537 9348 693
f 4749 538 9349
f 538 694 9349
f 9350 4801 4398
f 9350 4398 3160
f 9351 4399 4802
f 9351 3161 4399
f 9352 2018 7120
f 2018 9352 12327
f 9353 7121 2019
f 2019 12328 9353
f 4289 9354 7408
f 7236 9354 4289
f 4290 7409 9355
f 7237 4290 9355
f 9356 2423 1139
f 9360 1139 4293
f 9357 1140 2424
f 9361 4294 1140
f 9358 8807 3082
f 10856 6020 8807
f 9359 3083 8808
f 10857 8808 6021
f 9360 9924 9356
f 9356 1139 9360
f 9361 9357 9925
f 9357 9361 1140
f 9362 1442 1706
f 6638 9362 1706
f 9363 1707 1443
f 6639 1707 9363
f 9364 1764 5797
f 5797 7413 9364
f 9365 5798 1765
f 5798 9365 7414
f 1782 9366 7975
f 1782 7974 9366
f 549 9367 952
f 12465 9367 549
f 550 953 9368
f 12466 550 9368
f 1653 4343 9369
f 4343 8628 9369
f 1654 9370 4344
f 4344 9370 8629
f 9371 3257 9513
f 9371 5782 3257
f 9372 9514 3258
f 9372 3258 5783
f 6336 4950 9373
f 754 6336 9373
f 6337 9374 4951
f 755 9374 6337
f 1496 9375 8544
f 9375 1496 3476
f 1497 8545 9376
f 9376 3477 1497
f 5205 9324 9377
f 2146 5205 9377
f 5206 9378 9325
f 2147 9378 5206
f 5356 9379 8138
f 526 9379 5356
f 5357 8139 9380
f 527 5357 9380
f 9381 9892 3964
f 9381 3964 2802
f 9382 3965 9893
f 9382 2803 3965
f 11933 4952 9383
f 12067 11933 11937
f 11934 9384 4953
f 12068 11938 11934
f 9385 2806 9381
f 9385 5559 2806
f 9386 9382 2807
f 9386 2807 5560
f 1641 9387 10209
f 1641 3745 9387
f 1642 10210 9388
f 1642 9388 3746
f 2016 6823 9389
f 9389 6823 251
f 2017 9390 6824
f 9390 252 6824
f 9391 8548 4536
f 687 9391 4536
f 9392 4537 8549
f 688 4537 9392
f 3162 9393 807
f 9393 3162 4446
f 3163 808 9394
f 9394 4447 3163
f 9395 4201 1452
f 8318 4201 9395
f 9396 1453 4202
f 8319 9396 4202
f 3862 3858 9397
f 9397 3858 5515
f 3863 9398 3859
f 9398 5516 3859
f 3055 9399 5915
f 3055 1390 10519
f 3056 5916 9400
f 3056 10520 1391
f 9401 8012 5368
f 9401 9532 8012
f 9402 5369 8013
f 9402 8013 9533
f 9403 6040 2628
f 3788 9403 2628
f 9404 2629 6041
f 3789 2629 9404
f 1336 9405 10129
f 5352 10661 1336
f 1337 10130 9406
f 5353 1337 10662
f 6274 9407 449
f 9407 8974 449
f 6275 450 9408
f 9408 450 8975
f 2833 9421 9409
f 9409 2936 5185
f 2834 9410 9422
f 9410 5186 2937
f 5637 9411 413
f 12576 9411 6560
f 5638 414 9412
f 12577 6561 9412
f 11432 9413 1486
f 9413 6364 1486
f 11433 1487 9414
f 9414 1487 6365
f 9415 4177 2889
f 2889 7337 9415
f 9416 2890 4178
f 2890 9416 7338
f 4838 9417 7760
f 9417 4838 1938
f 4839 7761 9418
f 9418 1939 4839
f 4809 9419 1960
f 9419 4809 8924
f 4810 1961 9420
f 9420 8925 4810
f 9421 7290 2936
f 9421 2936 9409
f 9422 2937 7291
f 9422 9410 2937
f 9423 87 109
f 9423 109 6430
f 9424 110 88
f 9424 6431 110
f 3512 3275 9425
f 2285 3512 9425
f 3513 9426 3276
f 2286 9426 3513
f 2535 12539 9427
f 9427 8231 2535
f 2536 9428 12540
f 9428 2536 8232
f 9429 6990 1232
f 9429 2279 6990
f 9430 1233 6991
f 9430 6991 2280
f 4055 9431 5010
f 9431 4055 8406
f 4056 5011 9432
f 9432 8407 4056
f 10809 75 9433
f 9433 75 11181
f 10810 9434 76
f 9434 11182 76
f 5501 9276 9435
f 5501 9435 10446
f 5502 9436 9277
f 5502 10447 9436
f 9437 501 914
f 914 9914 9437
f 9438 915 502
f 915 9438 9915
f 29 9439 41
f 11816 9439 29
f 30 42 9440
f 11817 30 9440
f 581 9441 5000
f 5000 9441 10069
f 582 5001 9442
f 5001 10070 9442
f 9443 5917 6256
f 9443 6256 6274
f 9444 6257 5918
f 9444 6275 6257
f 553 2152 9445
f 4930 9445 2152
f 554 9446 2153
f 4931 2153 9446
f 3265 9447 4534
f 4534 9447 3467
f 3266 4535 9448
f 4535 3468 9448
f 3408 1254 12179
f 12110 9455 12179
f 3409 12180 1255
f 12111 12180 9456
f 9451 11494 2268
f 2268 1865 9451
f 9452 2269 11495
f 2269 9452 1866
f 9453 6054 3444
f 3444 10591 9453
f 9454 3445 6055
f 3445 9454 10592
f 12110 4930 9455
f 4930 2152 9455
f 12111 9456 4931
f 4931 9456 2153
f 8586 1627 9457
f 1627 8190 9457
f 8587 9458 1628
f 1628 9458 8191
f 9459 6246 7800
f 6250 6246 9459
f 9460 7801 6247
f 6251 9460 6247
f 3808 5870 9461
f 2212 3808 9461
f 3809 9462 5871
f 2213 9462 3809
f 9463 6536 8560
f 11798 8241 6536
f 9464 8561 6537
f 11799 6537 8242
f 9235 1160 9465
f 9465 1160 2174
f 9236 9466 1161
f 9466 2175 1161
f 4680 9467 4676
f 4680 7587 9467
f 4681 4677 9468
f 4681 9468 7588
f 10225 9469 5390
f 5390 9469 12566
f 10226 5391 9470
f 5391 12567 9470
f 3116 9475 11044
f 11044 9475 8699
f 3117 11045 9476
f 11045 8700 9476
f 6116 9473 10448
f 6116 10777 9473
f 6117 10449 9474
f 6117 9474 10778
f 9471 9475 7168
f 10714 9475 9471
f 9472 7169 9476
f 10715 9472 9476
f 5778 2747 9477
f 2747 8255 9477
f 5779 9478 2748
f 2748 9478 8256
f 1720 9479 9312
f 1720 7676 9479
f 1721 9313 9480
f 1721 9480 7677
f 4231 9481 1132
f 4235 9481 4231
f 4232 1133 9482
f 4236 4232 9482
f 99 12380 9483
f 9483 6937 99
f 100 9484 12381
f 9484 100 6938
f 5969 5973 9485
f 5973 5018 9485
f 5970 9486 5974
f 5974 9486 5019
f 848 9487 12259
f 848 11637 9487
f 849 12260 9488
f 849 9488 11638
f 3730 9489 7284
f 4785 12613 3730
f 3731 7285 9490
f 4786 3731 12614
f 6519 9491 3611
f 6519 1623 9491
f 6520 3612 9492
f 6520 9492 1624
f 1294 9493 5639
f 5639 9493 7826
f 1295 5640 9494
f 5640 7827 9494
f 730 9495 9491
f 730 4697 9495
f 731 9492 9496
f 731 9496 4698
f 9497 916 2357
f 916 10251 3804
f 9498 2358 917
f 917 3805 10252
f 9499 4448 2642
f 9499 2642 3327
f 9500 2643 4449
f 9500 3328 2643
f 535 11740 9501
f 9501 6988 535
f 536 9502 11741
f 9502 536 6989
f 3104 5197 9503
f 3104 9503 7331
f 3105 9504 5198
f 3105 7332 9504
f 5812 11979 9505
f 9505 1536 5812
f 5813 9506 11980
f 9506 5813 1537
f 9507 11792 8558
f 1716 9507 5747
f 9508 8559 11793
f 1717 5748 9508
f 8586 9509 5426
f 5428 5426 9509
f 8587 5427 9510
f 5429 9510 5427
f 9477 1416 9511
f 9511 1416 6544
f 9478 9512 1417
f 9512 6545 1417
f 403 5491 9513
f 5491 9371 9513
f 404 9514 5492
f 5492 9514 9372
f 9515 2457 1516
f 9515 3960 2457
f 9516 1517 2458
f 9516 2458 3961
f 5850 9517 921
f 9517 8522 921
f 5851 922 9518
f 9518 922 8523
f 9519 4267 8152
f 11635 950 4267
f 9520 8153 4268
f 11636 4268 951
f 6334 10779 9521
f 6964 6334 9521
f 6335 9522 10780
f 6965 9522 6335
f 9523 297 9973
f 11651 297 9523
f 9524 9974 298
f 11652 9524 298
f 5675 9525 847
f 5674 847 9525
f 9526 4660 6128
f 9278 4660 9526
f 9527 6129 4661
f 9279 9527 4661
f 9528 359 2377
f 11225 2377 8867
f 9529 2378 360
f 11226 8868 2378
f 1952 5919 9530
f 12475 9530 5919
f 1953 9531 5920
f 12476 5920 9531
f 1408 9528 9532
f 9401 1408 9532
f 1409 9533 9529
f 9402 9533 1409
f 8014 9534 3187
f 9534 7642 3187
f 8015 3188 9535
f 9535 3188 7643
f 9536 7039 3020
f 1147 9536 3020
f 9537 3021 7040
f 1148 3021 9537
f 7413 9538 3448
f 10591 3448 9538
f 7414 3449 9539
f 10592 9539 3449
f 9540 4703 11125
f 3986 4703 9540
f 9541 11126 4704
f 3987 9541 4704
f 12325 9542 515
f 515 10611 1392
f 12326 516 9543
f 516 1393 10612
f 4888 6112 9544
f 8843 4888 9544
f 4889 9545 6113
f 8844 9545 4889
f 4664 4668 9546
f 4664 9546 7610
f 4665 9547 4669
f 4665 7611 9547
f 2204 7045 9548
f 9548 7045 2682
f 2205 9549 7046
f 9549 2683 7046
f 9550 429 4050
f 9550 12120 2068
f 9551 4051 430
f 9551 2069 12121
f 4452 9552 3952
f 2180 3952 9552
f 4453 3953 9553
f 2181 9553 3953
f 9554 289 293
f 9558 9554 293
f 9555 294 290
f 9559 294 9555
f 581 9556 9441
f 4117 9556 581
f 582 9442 9557
f 4118 582 9557
f 121 8362 12586
f 12586 8362 9554
f 122 12587 8363
f 12587 9555 8363
f 7512 9560 3575
f 3575 9560 9556
f 7513 3576 9561
f 3576 9557 9561
f 81 9562 134
f 134 9562 130
f 82 135 9563
f 135 131 9563
f 2361 9564 2863
f 2863 9564 7648
f 2362 2864 9565
f 2864 7649 9565
f 9878 9566 3166
f 3166 9566 6290
f 9879 3167 9567
f 3167 6291 9567
f 8572 4613 9568
f 894 8572 9568
f 8573 9569 4614
f 895 9569 8573
f 6290 9566 9570
f 6290 9570 5489
f 6291 9571 9567
f 6291 5490 9571
f 9572 2561 4774
f 12519 4774 5487
f 9573 4775 2562
f 12520 5488 4775
f 1893 9574 3970
f 1893 4886 9574
f 1894 3971 9575
f 1894 9575 4887
f 9576 12013 493
f 6054 9576 493
f 9577 494 12014
f 6055 494 9577
f 3131 9578 12441
f 9453 9578 3131
f 3132 12442 9579
f 9454 3132 9579
f 2640 6821 9580
f 6821 5066 9580
f 2641 9581 6822
f 6822 9581 5067
f 3591 9582 1740
f 6088 9582 3591
f 3592 1741 9583
f 6089 3592 9583
f 3647 9584 6404
f 9584 9864 6404
f 3648 6405 9585
f 9585 6405 9865
f 9586 1783 862
f 9590 5469 1783
f 9587 863 1784
f 9591 1784 5470
f 7708 9588 2666
f 3339 2666 10858
f 7709 2667 9589
f 3340 10859 2667
f 9590 1783 9586
f 9590 9586 4510
f 9591 9587 1784
f 9591 4511 9587
f 7952 9592 613
f 9592 7952 6310
f 7953 614 9593
f 9593 6311 7953
f 4826 9594 6348
f 11947 9594 4826
f 4827 6349 9595
f 11948 4827 9595
f 4086 10249 9596
f 4086 9596 1168
f 4087 9597 10250
f 4087 1169 9597
f 9598 1589 12570
f 9598 4516 1589
f 9599 12571 1590
f 9599 1590 4517
f 1820 6935 9600
f 1820 9600 1338
f 1821 9601 6936
f 1821 1339 9601
f 3870 11175 6891
f 6891 11175 3605
f 3871 6892 11176
f 6892 3606 11176
f 837 9604 6338
f 837 3762 9604
f 838 6339 9605
f 838 9605 3763
f 9606 2429 5751
f 6218 2429 9606
f 9607 5752 2430
f 6219 9607 2430
f 9608 779 5571
f 9608 5453 779
f 9609 5572 780
f 9609 780 5454
f 7256 4834 9610
f 4834 3716 9610
f 7257 9611 4835
f 4835 9611 3717
f 1542 9612 369
f 8035 369 9616
f 1543 370 9613
f 8036 9617 370
f 7935 7461 9614
f 7935 9614 7939
f 7936 9615 7462
f 7936 7940 9615
f 9612 3180 9616
f 369 9612 9616
f 9613 9617 3181
f 370 9617 9613
f 8268 9618 2232
f 2232 9618 10175
f 8269 2233 9619
f 2233 10176 9619
f 4982 9620 1153
f 9620 8000 1153
f 4983 1154 9621
f 9621 1154 8001
f 9622 9479 4357
f 9622 4357 1615
f 9623 4358 9480
f 9623 1616 4358
f 9624 2058 9620
f 9473 2058 9624
f 9625 9621 2059
f 9474 9625 2059
f 9626 4876 9926
f 9823 4876 9626
f 9627 9927 4877
f 9824 9627 4877
f 4550 9628 9834
f 8249 11261 4550
f 4551 9835 9629
f 8250 4551 11262
f 9219 9630 475
f 8725 475 9630
f 9220 476 9631
f 8726 9631 476
f 9632 4743 5416
f 12615 5416 3581
f 9633 5417 4743
f 12616 3582 5417
f 321 9634 10601
f 6080 9634 321
f 322 10602 9635
f 6081 322 9635
f 6194 8237 9636
f 6194 9636 6948
f 6195 9637 8238
f 6195 6949 9637
f 9638 5396 1067
f 9638 1067 10091
f 9639 1068 5397
f 9639 10092 1068
f 3709 1047 9640
f 8697 3709 9640
f 3709 9641 1047
f 8698 9641 3709
f 2441 6841 9642
f 9642 3402 2441
f 2442 9643 6842
f 9643 2442 3403
f 9644 4037 5977
f 7573 4037 9644
f 9645 5978 4038
f 7574 9645 4038
f 1111 9646 1304
f 1304 9646 9187
f 1112 1305 9647
f 1305 9188 9647
f 9648 4589 648
f 5706 11834 648
f 9649 649 4590
f 5707 649 11835
f 8624 9650 5473
f 9650 8624 5763
f 8625 5474 9651
f 9651 5764 8625
f 9656 5108 9652
f 5104 9652 5108
f 9657 9653 5109
f 5105 5109 9653
f 9654 3802 4964
f 3631 9654 4964
f 9655 4965 3803
f 3632 4965 9655
f 354 9656 4367
f 354 5108 9656
f 354 4367 9657
f 354 9657 5109
f 3601 5969 9658
f 5969 2455 9658
f 3602 9659 5970
f 5970 9659 2456
f 5747 9660 1716
f 5747 698 9660
f 5748 1717 9661
f 5748 9661 699
f 708 7181 9662
f 9662 8976 708
f 709 9663 7182
f 9663 709 8977
f 9664 1101 7602
f 11619 9231 9664
f 9665 7603 1102
f 11620 9665 9232
f 3145 12175 9666
f 1778 3145 9666
f 3146 9667 12176
f 1779 9667 3146
f 1101 9664 9668
f 1101 9668 4422
f 1102 9669 9665
f 1102 4423 9669
f 6701 9670 3669
f 2916 10675 9670
f 6702 3670 9671
f 2917 9671 10676
f 7244 9672 2827
f 2827 9672 817
f 7245 2828 9673
f 2828 818 9673
f 9674 5467 7222
f 9674 9654 5467
f 9675 7223 5468
f 9675 5468 9655
f 9676 6731 4175
f 2122 9676 4175
f 9677 4176 6732
f 2123 4176 9677
f 1313 9678 8428
f 8669 8428 9678
f 1314 8429 9679
f 8670 9679 8429
f 3128 7230 9680
f 5436 3128 12155
f 3128 9681 7231
f 5437 12156 3128
f 5872 3217 9682
f 7286 5872 9682
f 5873 9683 3218
f 7287 9683 5873
f 12169 1410 9684
f 9684 1410 6648
f 12170 9685 1411
f 9685 6649 1411
f 7331 9686 367
f 367 9686 3712
f 7332 368 9687
f 368 3713 9687
f 7191 1340 9688
f 11326 7191 9688
f 7192 9689 1341
f 11327 9689 7192
f 4719 9690 4113
f 6966 4113 9690
f 4720 4114 9691
f 6967 9691 4114
f 9692 3551 3406
f 7246 9692 11034
f 9693 3407 3552
f 7247 11035 9693
f 9694 3059 2435
f 9694 2435 1468
f 9695 2436 3060
f 9695 1469 2436
f 8853 4171 9696
f 517 9696 4171
f 8854 9697 4172
f 518 4172 9697
f 9698 1366 5110
f 6352 1366 9698
f 9699 5111 1367
f 6353 9699 1367
f 1109 12566 2389
f 5390 12566 1109
f 1110 2390 12567
f 5391 1110 12567
f 9702 6554 9975
f 513 9702 623
f 9703 9976 6555
f 514 624 9703
f 8346 9704 4976
f 4976 9704 1126
f 8347 4977 9705
f 4977 1127 9705
f 3587 7524 9706
f 9706 7524 7706
f 3588 9707 7525
f 9707 7707 7525
f 9708 5289 11406
f 4575 5289 9708
f 9709 11407 5290
f 4576 9709 5290
f 2859 9710 5354
f 5354 9710 6499
f 2860 5355 9711
f 5355 6500 9711
f 6974 9712 2275
f 9712 8823 2275
f 6975 2276 9713
f 9713 2276 8824
f 781 5439 9714
f 781 9714 5438
f 671 6697 9715
f 9715 6697 1370
f 672 9716 6698
f 9716 1371 6698
f 9717 768 7400
f 7400 908 9717
f 9718 7401 769
f 7401 9718 909
f 9719 5745 11392
f 9719 11393 5746
f 9720 8072 1897
f 1897 2903 9720
f 9721 1898 8073
f 1898 9721 2904
f 9722 4096 567
f 8358 9722 567
f 9723 568 4097
f 8359 568 9723
f 11414 9724 1427
f 1427 9724 5975
f 11415 1428 9725
f 1428 5976 9725
f 11923 7941 9726
f 9726 7941 488
f 11924 9727 7942
f 9727 489 7942
f 5279 9728 3623
f 12071 9728 5279
f 5280 3624 9729
f 12072 5280 9729
f 3129 9730 4150
f 3129 6484 9730
f 3130 4151 9731
f 3130 9731 6485
f 9728 1899 9732
f 9732 1899 10569
f 9729 9733 1900
f 9733 10570 1900
f 9734 10846 12402
f 9734 6705 935
f 9735 12403 10847
f 9735 936 6706
f 7748 9736 5842
f 9736 9742 5842
f 7749 5843 9737
f 9737 5843 9743
f 9738 3313 817
f 8130 9738 817
f 9739 818 3314
f 8131 818 9739
f 9740 6753 3291
f 3291 7630 9740
f 9741 3292 6754
f 3292 9741 7631
f 9742 1474 11977
f 9742 9736 1474
f 9743 11978 1475
f 9743 1475 9737
f 9744 5267 9928
f 5267 9744 5372
f 9745 9929 5268
f 5268 5373 9745
f 933 9746 9065
f 9746 6008 9065
f 934 9066 9747
f 9747 9066 6009
f 9748 3818 2256
f 3818 9748 5955
f 9749 2257 3819
f 3819 5956 9749
f 3653 9750 2347
f 9750 5529 2347
f 3654 2348 9751
f 9751 2348 5530
f 2062 9752 7746
f 2062 1420 9752
f 2063 7747 9753
f 2063 9753 1421
f 3549 7891 9754
f 3549 9754 10061
f 3550 9755 7892
f 3550 10062 9755
f 10691 9756 997
f 9756 5692 997
f 10692 998 9757
f 9757 998 5693
f 1071 6556 9758
f 1230 1071 9758
f 1072 9759 6557
f 1231 9759 1072
f 9760 1728 4633
f 9760 7002 1728
f 9761 4634 1729
f 9761 1729 7003
f 9762 3722 1561
f 9762 1561 9766
f 9763 1562 3723
f 9763 9767 1562
f 5058 9764 10605
f 9034 9764 5058
f 5059 10606 9765
f 9035 5059 9765
f 9766 1587 3655
f 9766 1561 1587
f 9767 3656 1588
f 9767 1588 1562
f 9768 4077 319
f 319 10301 9768
f 9769 320 4078
f 320 9769 10302
f 5579 9770 12416
f 11436 12293 9770
f 5580 12417 9771
f 11437 9771 12294
f 6157 8514 9772
f 2395 6157 9772
f 6158 9773 8515
f 2396 9773 6158
f 8898 9774 435
f 8897 435 9774
f 12613 4785 9775
f 4785 6250 9775
f 12614 9776 4786
f 4786 9776 6251
f 12023 8022 9777
f 9777 8022 1178
f 12024 9778 8022
f 9778 1178 8022
f 11038 3633 9779
f 9513 9779 3633
f 11039 9780 3634
f 9514 3634 9780
f 9781 1201 3454
f 3454 681 11971
f 9782 3455 1202
f 3455 11972 682
f 1004 9783 12031
f 1004 7502 11241
f 1005 12032 9784
f 1005 11242 7503
f 4998 9785 6140
f 6140 9785 1958
f 4999 6141 9786
f 6141 1959 9786
f 7500 960 9787
f 8919 9787 960
f 7501 9788 961
f 8920 961 9788
f 9789 2076 11353
f 2992 2076 9789
f 9790 11354 2077
f 2993 9790 2077
f 9791 8660 650
f 802 8660 9791
f 9792 650 8660
f 802 9792 8660
f 9793 1798 11604
f 9793 3895 11500
f 9794 11605 1799
f 9794 11501 3896
f 8404 10261 9795
f 9795 1134 8404
f 8405 9796 10262
f 9796 8405 1135
f 9797 2755 7816
f 8475 9797 7816
f 9798 7817 2756
f 8476 7817 9798
f 5911 257 9799
f 9799 3265 5911
f 5912 9800 258
f 9800 5912 3266
f 9801 10878 803
f 9801 803 7124
f 9802 804 10879
f 9802 7125 804
f 1486 6364 9803
f 9803 6364 8205
f 1487 9804 6365
f 9804 8206 6365
f 9805 9534 8014
f 667 9805 8014
f 9806 8015 9535
f 668 8015 9806
f 1350 3565 9807
f 9807 3565 698
f 1351 9808 3566
f 9808 699 3566
f 1522 9805 9809
f 4814 1522 9809
f 1523 9810 9806
f 4815 9810 1523
f 9811 3518 10830
f 6893 3518 9811
f 9812 10831 3519
f 6894 9812 3519
f 11272 9813 2331
f 1724 2331 9813
f 11273 2332 9814
f 1725 9814 2332
f 11400 2873 9815
f 9815 2873 3938
f 11401 9816 2874
f 9816 3939 2874
f 4844 9215 9817
f 9817 9215 1738
f 4845 9818 9216
f 9818 1739 9216
f 11983 9819 339
f 9819 8978 10789
f 11984 340 9820
f 9820 10790 8979
f 1734 4135 9821
f 12007 9817 1734
f 1735 9822 4136
f 12008 1735 9818
f 9823 750 4876
f 9823 5937 750
f 9824 4877 751
f 9824 751 5938
f 9825 5161 9100
f 9825 9100 2557
f 9826 9101 5162
f 9826 2558 9101
f 9827 3822 1057
f 1057 9832 9827
f 9828 1058 3823
f 1058 9828 9833
f 490 5671 9829
f 490 9829 5670
f 5595 10623 9830
f 5595 9830 2751
f 5596 9831 10624
f 5596 2752 9831
f 742 6062 9832
f 6062 9827 9832
f 743 9833 6063
f 6063 9833 9828
f 9834 9628 3438
f 9834 3438 453
f 9835 3439 9629
f 9835 454 3439
f 9102 4227 9836
f 4227 4073 9836
f 9103 9837 4228
f 4228 9837 4074
f 9838 3528 3047
f 9838 3047 5527
f 9839 3048 3529
f 9839 5528 3048
f 5338 9840 3994
f 9840 4090 3994
f 5339 3995 9841
f 9841 3995 4091
f 6392 9846 9842
f 6392 9842 3215
f 6393 9843 9847
f 6393 3216 9843
f 9844 3489 7722
f 9844 7722 2909
f 9845 7722 3490
f 9845 2909 7722
f 9846 2349 9842
f 9846 7704 2349
f 9847 9843 2350
f 9847 2350 7705
f 9848 6978 5032
f 5032 3544 9848
f 9849 5033 6979
f 5033 9849 3545
f 6804 4966 9850
f 9850 4966 6881
f 6805 9851 4967
f 9851 6882 4967
f 2604 7118 9852
f 7118 11103 9852
f 2605 9853 7119
f 7119 9853 11104
f 9854 10635 4912
f 4912 2270 9854
f 9855 4913 10636
f 4913 9855 2271
f 5780 9860 9856
f 3424 5780 9856
f 5781 9857 9861
f 3425 9857 5781
f 9858 399 10706
f 11244 399 10513
f 9859 10707 400
f 11245 10514 400
f 2606 9860 760
f 9856 9860 2606
f 2607 761 9861
f 9857 2607 9861
f 9862 2086 8142
f 9862 7039 2086
f 9863 8143 2087
f 9863 2087 7040
f 9864 5402 6404
f 9864 5794 5402
f 9865 6405 5403
f 9865 5403 5795
f 1406 5767 9866
f 5767 9650 9866
f 1407 9867 5768
f 5768 9867 9651
f 11728 4426 9868
f 9868 4426 10890
f 11729 9869 4427
f 9869 10891 4427
f 9870 2423 4731
f 9870 1139 2423
f 9871 4732 2424
f 9871 2424 1140
f 9872 3581 1210
f 1210 11774 11197
f 9873 1211 3582
f 1211 11198 11775
f 1292 9874 4727
f 4293 4727 9874
f 1293 4728 9875
f 4294 9875 4728
f 6030 9876 1270
f 9882 6968 1270
f 6031 1271 9877
f 9883 1271 6969
f 9878 3603 9985
f 81 3603 9878
f 9879 9986 3604
f 82 9879 3604
f 7628 4239 9880
f 9882 9880 4239
f 7629 9881 4240
f 9883 4240 9881
f 9882 1270 9876
f 9882 9876 9880
f 9883 9877 1271
f 9883 9881 9877
f 1847 7516 9884
f 7516 3493 9884
f 1848 9885 7517
f 7517 9885 3494
f 3888 9886 7049
f 3888 9195 9886
f 3889 7050 9887
f 3889 9887 9196
f 4898 5370 9888
f 9892 8314 9888
f 4899 9889 5371
f 9893 9889 8315
f 1928 7000 9890
f 9890 7950 1928
f 1929 9891 7001
f 9891 1929 7951
f 9892 5370 3964
f 9892 9888 5370
f 9893 3965 5371
f 9893 5371 9889
f 9894 5179 993
f 8787 9894 993
f 9895 994 5180
f 8788 994 9895
f 9896 7740 5852
f 9896 5852 691
f 9897 692 5853
f 9897 5853 7741
f 11764 9898 7535
f 5712 9898 3838
f 11765 7536 9899
f 5713 3839 9899
f 9900 1226 5637
f 3249 1226 9900
f 9901 5638 1227
f 3250 9901 1227
f 4127 1567 9902
f 7395 9902 1567
f 4128 9903 1568
f 7396 1568 9903
f 1360 11973 9904
f 1360 9904 2102
f 1361 9905 11974
f 1361 2103 9905
f 7738 9906 1581
f 7738 1105 9906
f 7739 1582 9907
f 7739 9907 1106
f 2339 9908 12285
f 9908 8136 4496
f 2340 12286 9909
f 9909 4497 8137
f 8590 3045 9910
f 6456 9910 3045
f 8591 9911 3046
f 6457 3046 9911
f 9912 2104 8070
f 9912 4247 2104
f 9913 8071 2105
f 9913 2105 4248
f 8526 1542 9914
f 9914 1542 369
f 8527 9915 1543
f 9915 370 1543
f 3623 5265 9916
f 5265 589 11458
f 3624 9917 5266
f 5266 11459 590
f 1250 632 12027
f 1250 12027 7280
f 1251 12028 633
f 1251 7281 12028
f 1682 9920 5092
f 5100 5092 9920
f 1683 5093 9921
f 5101 9921 5093
f 142 9922 8638
f 142 303 9922
f 143 8639 9923
f 143 9923 304
f 5193 9924 7329
f 3357 7329 9924
f 5194 7330 9925
f 3358 9925 7330
f 8469 9926 6358
f 9926 3135 6358
f 8470 6359 9927
f 9927 6359 3136
f 5267 3968 9928
f 1262 9928 3968
f 5268 9929 3969
f 1263 3969 9929
f 3135 9930 8338
f 9926 9930 3135
f 3136 8339 9931
f 9927 3136 9931
f 5090 9932 4428
f 1264 9932 5090
f 5091 4429 9933
f 1265 5091 9933
f 9330 9934 6444
f 9934 12568 6444
f 9331 6445 9935
f 9935 6445 12569
f 9936 2285 10960
f 9936 8723 2285
f 9937 10961 2286
f 9937 2286 8724
f 9938 248 175
f 248 9938 7086
f 9939 176 249
f 249 7087 9939
f 4007 9940 9118
f 4007 8743 9940
f 4008 9119 9941
f 4008 9941 8744
f 9942 4432 3749
f 9942 3749 5142
f 9943 3750 4433
f 9943 5143 3750
f 4528 3436 9944
f 9944 8928 4528
f 4529 9945 3437
f 9945 4529 8929
f 2521 9946 3209
f 9946 7812 10585
f 2522 3210 9947
f 9947 10586 7813
f 3049 9948 4259
f 9948 9075 4259
f 3050 4260 9949
f 9949 4260 9076
f 1362 9950 3369
f 3369 9950 1368
f 1363 3370 9951
f 3370 1369 9951
f 5048 8779 9952
f 11466 9952 3599
f 5049 9953 8780
f 11467 3600 9953
f 2553 9954 11927
f 5961 9954 2553
f 2554 11928 9955
f 5962 2554 9955
f 12590 377 9956
f 12589 9956 377
f 2618 9957 5613
f 5613 9957 445
f 2619 5614 9958
f 5614 446 9958
f 9959 722 2250
f 2250 7459 9959
f 9960 2251 723
f 2251 9960 7460
f 9961 1234 3948
f 12141 7104 10458
f 9962 3949 1235
f 12142 10459 7105
f 8721 9963 8717
f 9963 2367 8717
f 8722 8718 9964
f 9964 8718 2368
f 9965 4147 12141
f 7563 4147 9965
f 9966 12142 4148
f 7564 9966 4148
f 5929 4080 9967
f 12102 9967 4080
f 5930 9968 4081
f 12103 4081 9968
f 6032 289 9969
f 6032 9969 11052
f 6033 9970 290
f 6033 11053 9970
f 6952 9971 3285
f 3285 9971 8420
f 6953 3286 9972
f 3286 8421 9972
f 6296 6515 9973
f 7618 9973 6515
f 6297 9974 6516
f 7619 6516 9974
f 9702 9975 623
f 623 9975 10563
f 9703 624 9976
f 624 10564 9976
f 1778 9666 9977
f 9977 9981 1778
f 1779 9978 9667
f 9978 1779 9982
f 9979 4534 3467
f 9213 9983 3467
f 9980 3468 4535
f 9214 3468 9984
f 4914 9981 11969
f 9981 9977 4253
f 4915 11970 9982
f 9982 4254 9978
f 9979 3467 9983
f 5573 9979 9983
f 9980 9984 3468
f 5574 9984 9980
f 9985 2670 9570
f 6845 2670 9985
f 9986 9571 2671
f 6846 9986 2671
f 1029 8556 9987
f 9330 1029 9987
f 1030 9988 8557
f 9331 9988 1030
f 9989 9429 3667
f 1917 9989 3667
f 9990 3668 9430
f 1918 3668 9990
f 9997 9991 2652
f 9991 8707 2652
f 9998 2653 9992
f 9992 2653 8708
f 2114 9993 8442
f 8574 9993 2114
f 2115 8443 9994
f 8575 2115 9994
f 9995 7214 2816
f 9991 9995 2816
f 9996 2817 7215
f 9992 2817 9996
f 9995 9997 3365
f 10533 3365 9997
f 9996 3366 9998
f 10534 9998 3366
f 9999 575 2984
f 6170 9999 11308
f 10000 2985 576
f 6171 11309 10000
f 10001 130 264
f 130 10001 12586
f 10002 265 131
f 131 12587 10002
f 1256 10003 5453
f 1256 6841 10003
f 1257 5454 10004
f 1257 10004 6842
f 850 10005 1484
f 850 12133 10005
f 851 1485 10006
f 851 10006 12134
f 10007 148 289
f 10001 148 10007
f 10008 290 149
f 10002 10008 149
f 10013 10009 3180
f 9616 3180 10009
f 10014 3181 10010
f 9617 10010 3181
f 27 37 10011
f 6424 10011 37
f 6425 38 10012
f 28 10012 38
f 10009 10013 4629
f 9624 4629 10013
f 10010 4630 10014
f 9625 10014 4630
f 609 2580 10015
f 8410 10015 2580
f 610 10016 2581
f 8411 2581 10016
f 4900 10017 440
f 12627 10017 8883
f 4901 441 10018
f 12628 8884 10018
f 10019 10795 2956
f 2485 10019 2956
f 10020 2957 10796
f 2486 2957 10020
f 970 5406 10021
f 10021 5406 9666
f 971 10022 5407
f 10022 9667 5407
f 4436 10023 813
f 4436 10755 10023
f 4437 814 10024
f 4437 10024 10756
f 10025 5303 1865
f 11542 5303 10025
f 10026 1866 5304
f 11543 10026 5304
f 2054 10027 6777
f 10027 2054 8656
f 2055 6778 10028
f 10028 8657 2055
f 7732 10029 675
f 10029 10033 675
f 7733 676 10030
f 10030 676 10034
f 669 5822 10031
f 5822 1565 10031
f 670 10032 5823
f 5823 10032 1566
f 5233 10033 2717
f 10033 10029 2717
f 5234 2718 10034
f 10034 2718 10030
f 4043 12243 10035
f 4043 10035 591
f 4044 10036 12244
f 4044 592 10036
f 436 10041 10037
f 10037 3685 436
f 437 10038 10042
f 10038 437 3686
f 1128 10039 2238
f 10043 4031 2238
f 1129 2239 10040
f 10044 2239 4032
f 10041 2636 6340
f 10037 10041 6340
f 10042 6341 2637
f 10038 6341 10042
f 471 10043 10039
f 10043 2238 10039
f 472 10040 10044
f 10044 10040 2239
f 3693 10045 1079
f 3693 7535 10045
f 3694 1080 10046
f 3694 10046 7536
f 11649 10047 7710
f 7710 10047 192
f 11650 7711 10048
f 7711 193 10048
f 10049 3770 2551
f 10049 954 3770
f 10050 2552 3771
f 10050 3771 955
f 12001 10051 941
f 10051 9328 941
f 12002 942 10052
f 10052 942 9329
f 10053 2924 8837
f 501 2924 10053
f 10054 8838 2925
f 502 10054 2925
f 1075 2491 10055
f 9203 10055 2491
f 1076 10056 2492
f 9204 2492 10056
f 10057 4370 5495
f 4370 10057 10643
f 10058 5496 4371
f 4371 10644 10058
f 10059 4500 1277
f 1277 6470 10059
f 10060 1278 4501
f 1278 10060 6471
f 10061 3553 722
f 9959 10061 722
f 10062 723 3554
f 9960 723 10062
f 1284 10063 7736
f 10063 1284 3834
f 1285 7737 10064
f 10064 3835 1285
f 10065 8875 1655
f 10065 12289 11592
f 10066 1656 8876
f 10066 11593 12290
f 1885 10067 1889
f 1889 10071 8178
f 1886 1890 10068
f 1890 8179 10072
f 10069 10049 1962
f 5000 10069 1962
f 10070 1963 10050
f 5001 1963 10070
f 4488 10071 10067
f 1889 10067 10071
f 4489 10068 10072
f 1890 10072 10068
f 4896 864 10073
f 10073 4291 4896
f 4897 10074 865
f 10074 4897 4292
f 486 10075 4711
f 7966 10075 486
f 487 4712 10076
f 7967 487 10076
f 3450 5372 10077
f 3450 10077 1915
f 3451 10078 5373
f 3451 1916 10078
f 6756 10079 4936
f 10079 7266 4936
f 6756 4937 10080
f 10080 4937 7267
f 10081 7978 6887
f 10081 6887 7760
f 10082 6888 7979
f 10082 7761 6888
f 10083 939 8677
f 10083 9255 939
f 10084 8678 940
f 10084 940 9256
f 2423 10085 4731
f 2423 619 10085
f 2424 4732 10086
f 2424 10086 620
f 10087 3665 12421
f 10087 7746 3665
f 10088 12422 3666
f 10088 3666 7747
f 4001 277 10089
f 10089 5489 4001
f 4002 10090 278
f 10090 4002 5490
f 4013 6636 10091
f 9638 10091 6636
f 4014 10092 6637
f 9639 6637 10092
f 10093 11392 6106
f 6106 3143 10093
f 10094 6107 11393
f 6107 10094 3144
f 10095 821 5207
f 10095 5207 8132
f 10096 5208 822
f 10096 8133 5208
f 9783 1602 10097
f 1602 8158 10097
f 9784 10098 1603
f 1603 10098 8159
f 8552 874 10099
f 10099 3442 8552
f 8553 10100 875
f 10100 8553 3443
f 872 1596 10101
f 10101 1596 8948
f 873 10102 1597
f 10102 8949 1597
f 10103 5894 4080
f 11556 1498 5894
f 10104 4081 5895
f 11557 5895 1499
f 6747 10105 8542
f 10105 6747 6743
f 6748 8543 10106
f 10106 6744 6748
f 10107 999 10811
f 9099 999 10107
f 10108 10811 999
f 9099 10108 999
f 1633 6986 10109
f 6986 6525 10109
f 1634 10110 6987
f 6987 10110 6526
f 10111 4552 8112
f 9884 4552 10111
f 10112 8113 4553
f 9885 10112 4553
f 10113 2555 5953
f 1942 2555 10113
f 10114 5954 2556
f 1943 10114 2556
f 10115 11788 2594
f 2594 12098 10115
f 10116 2595 11789
f 2595 10116 12099
f 429 7909 10117
f 6962 10117 7909
f 430 10118 7910
f 6963 7910 10118
f 3923 7972 10119
f 3923 10125 7110
f 3924 10120 7973
f 3924 7111 10126
f 9221 4715 10121
f 10121 4715 5788
f 9222 10122 4716
f 10122 5789 4716
f 10123 5788 4715
f 2662 5788 10123
f 10124 4716 5789
f 2663 10124 5789
f 7654 10125 10119
f 10119 10125 3923
f 7655 10120 10126
f 10120 3924 10126
f 1508 10127 3116
f 12544 3116 10127
f 1509 3117 10128
f 12545 10128 3117
f 10129 9405 3940
f 3940 7500 10129
f 10130 3941 9406
f 3941 10130 7501
f 12269 4962 10131
f 10131 4962 2084
f 12270 10132 4963
f 10132 2085 4963
f 8037 10133 604
f 10133 6456 604
f 8038 605 10134
f 10134 605 6457
f 2415 5169 10135
f 5553 2415 10135
f 2416 10136 5170
f 5554 10136 2416
f 10137 2132 1107
f 10137 2128 2132
f 10138 1108 2133
f 10138 2133 2129
f 2357 1130 10139
f 2357 10139 7688
f 2358 10140 1131
f 2358 7689 10140
f 10141 644 3882
f 8320 10141 3882
f 10142 3883 644
f 8321 3883 10142
f 1151 10143 5890
f 7039 10143 1151
f 1152 5891 10144
f 7040 1152 10144
f 10145 3990 561
f 880 3990 10145
f 10146 562 3991
f 881 10146 3991
f 10147 7039 9536
f 10143 7039 10147
f 10148 9537 7040
f 10144 10148 7040
f 2070 5806 10149
f 8665 2070 10149
f 2071 10150 5807
f 8666 10150 2071
f 10155 2920 10151
f 10151 2920 449
f 10156 10152 2921
f 10152 450 2921
f 10153 7700 9012
f 10153 9012 7373
f 10154 9013 7701
f 10154 7374 9013
f 5313 10155 4173
f 10151 4173 10155
f 5314 4174 10156
f 10152 10156 4174
f 1394 10157 4460
f 10157 9172 4460
f 1395 4461 10158
f 10158 4461 9173
f 119 291 10159
f 119 10159 7132
f 120 10160 292
f 120 7133 10160
f 5684 10161 12457
f 10161 9002 12457
f 5685 12458 10162
f 10162 12458 9003
f 10163 7869 5159
f 7252 10163 5159
f 10164 5160 7870
f 7253 5160 10164
f 5505 442 10165
f 442 5155 10165
f 5506 10166 443
f 443 10166 5156
f 1081 10163 10167
f 12623 1081 10167
f 1082 10168 10164
f 12624 10168 1082
f 10169 2198 5840
f 10169 5840 9243
f 10170 5841 2199
f 10170 9244 5841
f 10171 7226 5503
f 5503 8251 10171
f 10172 5504 7227
f 5504 10172 8252
f 6503 4339 10173
f 4339 1333 10173
f 6504 10174 4340
f 4340 10174 1333
f 10175 2234 2232
f 2234 10175 9152
f 10176 2233 2235
f 2235 9153 10176
f 10177 8203 4386
f 10177 4386 7843
f 10178 4387 8204
f 10178 7844 4387
f 246 175 10179
f 246 10179 7086
f 247 10180 176
f 247 7087 10180
f 6911 10181 8871
f 6911 2154 10181
f 6912 8872 10182
f 6912 10182 2155
f 3207 10183 11951
f 8994 10183 3207
f 3208 11952 10184
f 8995 3208 10184
f 10185 1037 10659
f 1037 10185 1224
f 10186 10660 1038
f 1038 1225 10186
f 10187 8829 9332
f 10187 9332 5378
f 10188 9333 8830
f 10188 5379 9333
f 10031 1565 10189
f 10189 1565 7100
f 10032 10190 1566
f 10190 7101 1566
f 1559 6741 10191
f 10191 6741 2322
f 1560 10192 6742
f 10192 2323 6742
f 11310 10193 5587
f 6964 5587 10193
f 11311 5588 10194
f 6965 10194 5588
f 7636 3774 10195
f 9006 7636 10195
f 7637 10196 3775
f 9007 10196 7637
f 10187 640 10197
f 640 2729 10197
f 10188 10198 641
f 641 10198 2730
f 10199 3615 7806
f 7806 4577 10199
f 10200 7807 3616
f 7807 10200 4578
f 5008 5004 10201
f 10201 5004 11199
f 5009 10202 5005
f 10202 11200 5005
f 10203 5535 6674
f 8231 5535 10207
f 10204 6675 5536
f 8232 10208 5536
f 4466 2958 10205
f 5155 10205 2958
f 4467 10206 2959
f 5156 2959 10206
f 10203 251 10207
f 10203 10207 5535
f 10204 10208 252
f 10204 5536 10208
f 10896 7922 1641
f 5177 7922 10896
f 10897 1642 7923
f 5178 10897 7923
f 10211 1534 3331
f 5654 1534 10211
f 10212 3332 1535
f 5655 10212 1535
f 10213 8213 12431
f 4868 10213 12431
f 10214 12432 8214
f 4869 12432 10214
f 10215 5259 2477
f 5259 10215 10219
f 10216 2478 5260
f 5260 10220 10216
f 5804 10217 835
f 5804 6497 10217
f 5805 836 10218
f 5805 10218 6498
f 617 10219 11276
f 10219 617 5259
f 618 11277 10220
f 10220 5260 618
f 10221 6406 9944
f 10221 255 6406
f 10222 9945 6407
f 10222 6407 256
f 8199 7206 10223
f 8199 10223 4410
f 8200 10224 7207
f 8200 4411 10224
f 9461 12086 10225
f 10225 978 9469
f 9462 10226 12087
f 10226 9470 979
f 8084 10227 3255
f 8084 4410 10227
f 8085 3256 10228
f 8085 10228 4411
f 3893 10229 8160
f 8160 10229 734
f 3894 8161 10230
f 8161 735 10230
f 2134 6546 10231
f 10231 6546 12531
f 2135 10232 6547
f 10232 12532 6547
f 6686 10233 841
f 10669 10233 6686
f 6687 842 10234
f 10670 6687 10234
f 10235 7266 7260
f 10235 7260 1903
f 10236 7261 7267
f 10236 1904 7261
f 7481 4540 10237
f 10237 4540 1826
f 7482 10238 4541
f 10238 1827 4541
f 8695 10239 3772
f 12185 10239 1220
f 8696 3773 10240
f 12186 1221 10240
f 7254 10241 2094
f 10651 8735 2094
f 7255 2095 10242
f 10652 2095 8736
f 2297 1583 10243
f 3259 2297 10243
f 2298 10244 1584
f 3260 10244 2298
f 9451 1865 10245
f 1865 5303 10245
f 9452 10246 1866
f 1866 10246 5304
f 10247 7166 3053
f 7527 10247 12578
f 10248 3054 7167
f 7528 12579 10248
f 2918 10249 706
f 10249 2918 9596
f 2919 707 10250
f 10250 9597 2919
f 9497 10251 916
f 10251 9497 3349
f 9498 917 10252
f 10252 3350 9498
f 5994 10253 12649
f 5994 734 10253
f 5995 12650 10254
f 5995 10254 735
f 200 6660 10255
f 4378 200 10255
f 201 10256 6661
f 4379 10256 201
f 9678 1222 10257
f 1222 6771 10257
f 9679 10258 1223
f 1223 10258 6772
f 7930 10259 10263
f 7644 10259 7098
f 7931 10264 10260
f 7645 7099 10260
f 10261 3353 4462
f 3353 10261 1667
f 10262 4463 3354
f 3354 1668 10262
f 7644 2731 10263
f 10263 10259 7644
f 7645 10264 2732
f 10264 7645 10260
f 3487 10265 1956
f 4229 10265 3487
f 3488 1957 10266
f 4230 3488 10266
f 4341 1740 10267
f 7363 4341 10267
f 4342 10268 1741
f 7364 10268 4342
f 9189 10269 1344
f 10269 9652 1344
f 9190 1345 10270
f 10270 1345 9653
f 10071 2473 10271
f 2473 8697 10271
f 10072 10272 2474
f 2474 10272 8698
f 10273 1228 6300
f 3311 10273 6300
f 10274 6301 1229
f 3312 6301 10274
f 111 10275 171
f 10275 111 6436
f 112 172 10276
f 10276 6437 112
f 2706 10277 7976
f 10277 2706 1924
f 2707 7977 10278
f 10278 1925 2707
f 10279 3657 6328
f 10279 2268 3657
f 10280 6329 3658
f 10280 3658 2269
f 8284 10281 5782
f 3257 5782 10281
f 8285 5783 10282
f 3258 10282 5783
f 10283 417 9912
f 10283 11486 417
f 10284 9913 418
f 10284 418 11487
f 8863 10285 3381
f 3381 10285 8922
f 8864 3382 10286
f 3382 8923 10286
f 7682 10287 4670
f 5332 10287 7682
f 7683 4671 10288
f 5333 7683 10288
f 7899 5418 10289
f 5418 11532 10289
f 7900 10290 5419
f 5419 10290 11533
f 10291 3794 4550
f 3794 10291 4920
f 10292 4551 3795
f 3795 4921 10292
f 1810 10293 7242
f 10293 4560 7242
f 1811 7243 10294
f 10294 7243 4561
f 7357 746 10295
f 10295 2910 7357
f 7358 10296 747
f 10296 7358 2911
f 8434 10297 1948
f 3319 10297 11627
f 8435 1949 10298
f 3320 11628 10298
f 10299 702 7305
f 10299 7305 6418
f 10300 7306 703
f 10300 6419 7306
f 10301 6592 5541
f 6592 10301 319
f 10302 5542 6593
f 6593 320 10302
f 10303 7790 2489
f 10303 2766 7790
f 10304 2490 7791
f 10304 7791 2767
f 10305 4438 9564
f 4438 10305 2847
f 10306 9565 4439
f 4439 2848 10306
f 10303 10307 2766
f 10307 6572 2766
f 10304 2767 10308
f 10308 2767 6573
f 6374 10309 4781
f 6374 8691 10309
f 6375 4782 10310
f 6375 10310 8692
f 10311 7299 4636
f 4611 10311 4636
f 10312 4637 7300
f 4612 4637 10312
f 5836 2855 10313
f 10313 2855 9521
f 5837 10314 2856
f 10314 9522 2856
f 4662 5615 10315
f 4662 10315 4175
f 4663 10316 5616
f 4663 4176 10316
f 2052 10317 5394
f 4102 5394 10317
f 2053 5395 10318
f 4103 10318 5395
f 646 10319 1500
f 1500 10319 7533
f 647 1501 10320
f 1501 7534 10320
f 10321 3728 10187
f 3929 3728 10321
f 10322 10188 3729
f 3930 10322 3729
f 6324 3958 10323
f 634 10323 3958
f 6325 10324 3959
f 635 3959 10324
f 7581 5670 10325
f 7581 10325 10729
f 7582 10326 5671
f 7582 10730 10326
f 4587 8564 10327
f 4587 10327 3504
f 4588 10328 8565
f 4588 3505 10328
f 10329 2753 1141
f 4678 10329 1141
f 10330 1142 2754
f 4679 1142 10330
f 931 10331 6400
f 6400 10331 2788
f 932 6401 10332
f 6401 2789 10332
f 1043 4033 10333
f 12177 1043 10333
f 1044 10334 4034
f 12178 10334 1044
f 8861 10335 638
f 638 10335 1960
f 8862 639 10336
f 639 1961 10336
f 3174 7770 10337
f 10337 7770 5404
f 3175 10338 7771
f 10338 5405 7771
f 10339 5609 2318
f 2318 8207 10339
f 10340 2319 5610
f 2319 10340 8208
f 10341 1808 8280
f 8280 3522 10341
f 10342 8281 1809
f 8281 10342 3523
f 10343 630 9028
f 9028 6134 10343
f 10344 9029 631
f 9029 10344 6135
f 10345 5625 2262
f 10345 706 5625
f 10346 2263 5626
f 10346 5626 707
f 10347 6913 7391
f 11105 6913 10347
f 10348 7392 6914
f 11106 10348 6914
f 5525 10349 9946
f 4695 10349 5525
f 5526 9947 10350
f 4696 5526 10350
f 6626 10351 5159
f 10351 6626 6630
f 6627 5160 10352
f 10352 6631 6627
f 10353 6024 6428
f 6020 6024 10353
f 10354 6429 6025
f 6021 10354 6025
f 1028 7866 10355
f 1028 10355 7865
f 5650 10356 3191
f 10356 6745 3191
f 5651 3192 10357
f 10357 3192 6746
f 10358 4548 2369
f 10362 10358 2369
f 10359 2370 4549
f 10363 2370 10359
f 1968 11288 10360
f 6968 1968 10360
f 1969 10361 11289
f 6969 10361 1969
f 10358 10362 11633
f 11633 10362 9427
f 10359 11634 10363
f 11634 9428 10363
f 10364 3061 2648
f 12053 2648 4273
f 10365 2649 3062
f 12054 4274 2649
f 1466 10366 6330
f 11919 6330 10366
f 1467 6331 10367
f 11920 10367 6331
f 10368 9932 1264
f 1264 8667 10372
f 10369 1265 9933
f 1265 10373 8668
f 10370 3954 10366
f 10370 12315 3954
f 10371 10367 3955
f 10371 3955 12316
f 10372 10368 1264
f 10372 5856 10368
f 10373 1265 10369
f 10373 10369 5857
f 230 10374 7128
f 10378 230 281
f 231 7129 10375
f 10379 282 231
f 10376 372 11095
f 10376 6923 372
f 10377 11096 373
f 10377 373 6924
f 210 10374 10378
f 10378 10374 230
f 211 10379 10375
f 10379 231 10375
f 4569 10380 12043
f 7984 10380 4569
f 4570 12044 10381
f 7985 4570 10381
f 12471 10382 1680
f 1680 10382 5710
f 12472 1681 10383
f 1681 5711 10383
f 8522 2762 10384
f 10384 2762 6921
f 8523 10385 2763
f 10385 6922 2763
f 2310 4468 10386
f 10183 10386 4468
f 2311 10387 4469
f 10184 4469 10387
f 10388 2277 4317
f 10392 4313 2277
f 10389 4318 2278
f 10393 2278 4314
f 7187 208 10390
f 10390 208 9340
f 7188 10391 209
f 10391 9341 209
f 462 10392 10388
f 2277 10388 10392
f 463 10389 10393
f 2278 10393 10389
f 900 10394 11244
f 900 11245 10394
f 1176 4452 10395
f 10395 2222 1176
f 1177 10396 4453
f 10396 1177 2223
f 11404 8296 10397
f 8296 12205 10397
f 11405 10398 8297
f 8297 10398 12206
f 10399 10403 3333
f 5144 2301 10399
f 10400 3334 10404
f 5145 10400 2302
f 10401 2351 8292
f 10401 8292 7557
f 10402 7558 8293
f 10402 8293 2352
f 10403 2301 10407
f 10399 2301 10403
f 10404 10408 2302
f 10400 10404 2302
f 3416 10405 3824
f 7122 10405 3416
f 3417 3825 10406
f 7123 3417 10406
f 10403 10407 2914
f 2914 12301 11462
f 10404 2915 10408
f 2915 11463 12302
f 9485 3408 10409
f 10409 3408 6142
f 9486 10410 3409
f 10410 6143 3409
f 10411 2700 11440
f 10411 12327 2700
f 10412 11441 2701
f 10412 2701 12328
f 10413 7579 4263
f 4263 2184 10413
f 10414 4264 7580
f 4264 10414 2185
f 4672 6880 10415
f 7124 4672 11560
f 4673 10416 6880
f 7125 11561 4673
f 7047 10417 1468
f 1468 10417 9694
f 7048 1469 10418
f 1469 9695 10418
f 10419 2399 1697
f 1697 6568 10419
f 10420 1698 2400
f 1698 10420 6569
f 4842 10421 714
f 4842 10856 10421
f 4843 715 10422
f 4843 10422 10857
f 5446 10423 337
f 10423 5446 8186
f 5447 338 10424
f 10424 8187 5447
f 10425 4160 5898
f 10425 5899 4160
f 10426 5002 3000
f 11880 10426 3000
f 10427 3001 5003
f 11881 3001 10427
f 5249 10428 6861
f 10428 5249 9413
f 5250 6862 10429
f 10429 9414 5250
f 10434 10430 382
f 6810 382 10430
f 10435 383 10431
f 6811 10431 383
f 4359 10432 5134
f 10432 4359 8314
f 4360 5135 10433
f 10433 8315 4360
f 5251 10434 382
f 3446 10434 5251
f 5252 383 10435
f 3447 5252 10435
f 10436 1940 12469
f 6168 1940 10436
f 10437 12470 1941
f 6169 10437 1941
f 5376 10438 9344
f 10438 5376 380
f 5377 9345 10439
f 10439 381 5377
f 8074 10440 3561
f 10440 9807 3561
f 8075 3562 10441
f 10441 3562 9808
f 10442 6745 5392
f 3495 10442 5392
f 10443 5393 6746
f 3496 5393 10443
f 1149 10444 7236
f 1149 6885 10444
f 1150 7237 10445
f 1150 10445 6886
f 10446 2447 7341
f 9744 10446 7341
f 10447 7342 2448
f 9745 7342 10447
f 3710 6116 10448
f 3710 10448 4625
f 3711 10449 6117
f 3711 4626 10449
f 8128 10450 2638
f 6268 2638 10450
f 8129 2639 10451
f 6269 10451 2639
f 4713 10452 8749
f 4713 8116 10452
f 4714 8750 10453
f 4714 10453 8117
f 3219 11822 10454
f 5690 3219 10454
f 3220 10455 11823
f 5691 10455 3220
f 8120 10456 2144
f 2144 10456 7077
f 8121 2145 10457
f 2145 7078 10457
f 1234 10458 3689
f 9961 10458 1234
f 1235 3690 10459
f 9962 1235 10459
f 4203 11083 12245
f 8915 11083 4203
f 4204 12246 11084
f 8916 4204 11084
f 10458 4179 10462
f 2897 10462 4179
f 10459 10463 4180
f 2898 4180 10463
f 10464 9302 451
f 12625 4674 10464
f 10465 452 9303
f 12626 10465 4675
f 6917 327 10466
f 327 8954 10466
f 6918 10467 328
f 328 10467 8955
f 2266 11203 11294
f 7587 11203 2266
f 2267 11295 11204
f 7588 2267 11204
f 10470 2934 6286
f 2934 10470 11028
f 10471 6287 2935
f 2935 11029 10471
f 5593 7533 10472
f 579 5593 10472
f 5594 10473 7534
f 580 10473 5594
f 8086 10474 4948
f 4940 4948 10474
f 8087 4949 10475
f 4941 10475 4949
f 384 10476 9044
f 10476 6210 9044
f 385 9045 10477
f 10477 9045 6211
f 6342 10478 5096
f 10478 9920 5096
f 6343 5097 10479
f 10479 5097 9921
f 5487 10480 1119
f 4380 1119 10480
f 5488 1120 10481
f 4381 10481 1120
f 10482 5386 11278
f 8328 5386 10482
f 10483 11279 5387
f 8329 10483 5387
f 10484 4522 5728
f 10484 2377 10488
f 10485 5729 4523
f 10485 10489 2378
f 10486 2778 3798
f 10486 6940 2778
f 10487 3799 2779
f 10487 2779 6941
f 10484 10488 4522
f 10488 12525 4522
f 10485 4523 10489
f 10489 4523 12526
f 7861 2024 10490
f 8266 10490 2024
f 7862 10491 2025
f 8267 2025 10491
f 10492 2389 7702
f 11999 2389 10492
f 10493 7703 2390
f 12000 10493 2390
f 2306 10494 6761
f 2306 8045 10494
f 2307 6762 10495
f 2307 10495 8046
f 10496 9900 5806
f 2070 10496 5806
f 10497 5807 9901
f 2071 5807 10497
f 8414 10498 415
f 3221 415 10498
f 8415 416 10499
f 3222 10499 416
f 7023 10500 4349
f 4349 10500 11233
f 7024 4350 10501
f 4350 11234 10501
f 2248 10502 2883
f 10502 2248 10500
f 2249 2884 10503
f 10503 10501 2249
f 615 10504 8562
f 1569 10504 615
f 616 8563 10505
f 1570 616 10505
f 10504 2303 10506
f 6903 10506 2303
f 10505 10507 2304
f 6904 2304 10507
f 10508 1696 12510
f 10508 12509 1695
f 10509 3293 4532
f 10509 6678 11280
f 10510 4533 3294
f 10510 11281 6679
f 3840 12649 10511
f 7744 3840 10511
f 3841 10512 12650
f 7745 10512 3841
f 2684 10513 9858
f 9858 10513 399
f 2685 9859 10514
f 9859 400 10514
f 10515 5788 6396
f 10515 6396 1732
f 10516 6397 5789
f 10516 1733 6397
f 3271 8839 10517
f 7025 12009 10517
f 3272 10518 8840
f 7026 10518 12010
f 9399 3055 10519
f 9399 10519 1147
f 9400 10520 3056
f 9400 1148 10520
f 2168 10521 10525
f 10521 1591 1172
f 2169 10526 10522
f 10522 1173 1592
f 5428 6432 10523
f 5428 10523 5426
f 5429 10524 6433
f 5429 5427 10524
f 4177 10525 1172
f 1172 10525 10521
f 4178 1173 10526
f 1173 10522 10526
f 10527 1063 8180
f 1704 1063 10527
f 10528 8181 1064
f 1705 10528 1064
f 10529 3367 8467
f 3367 10533 4021
f 10530 8468 3368
f 3368 4022 10534
f 10531 6499 2739
f 10531 2739 3856
f 10532 2740 6500
f 10532 3857 2740
f 10533 10529 3365
f 10533 3367 10529
f 10534 3366 10530
f 10534 10530 3368
f 8461 4100 10535
f 4100 9207 10535
f 8462 10536 4101
f 4101 10536 9208
f 8715 4329 10537
f 2686 10537 4329
f 8716 10538 4330
f 2687 4330 10538
f 5127 1621 10539
f 6658 5127 10539
f 5128 10540 1622
f 6659 10540 5128
f 4420 10541 1204
f 8410 10541 4420
f 4421 1205 10542
f 8411 4421 10542
f 10543 9320 5324
f 10543 5324 2268
f 10544 5325 9321
f 10544 2269 5325
f 4420 1204 10545
f 1204 8245 10545
f 4421 10546 1205
f 1205 10546 8246
f 7216 10547 11438
f 3790 10547 7216
f 7217 11439 10548
f 3791 7217 10548
f 4748 11736 10549
f 4748 10549 9348
f 4749 10550 11737
f 4749 9349 10550
f 1162 7375 10551
f 11955 4368 10551
f 1163 10552 7376
f 11956 10552 4369
f 10555 5334 10553
f 10553 5334 4617
f 10556 10554 5335
f 10554 4618 5335
f 4494 9590 10555
f 10555 10553 4494
f 4495 10556 9591
f 10556 4495 10554
f 1164 3028 10557
f 10557 6933 1164
f 1165 10558 3029
f 10558 1165 6934
f 10559 3679 10557
f 3679 10559 1992
f 10560 10558 3680
f 3680 1993 10560
f 10561 4299 2753
f 8934 10561 2753
f 10562 2754 4300
f 8935 2754 10562
f 10563 6116 3826
f 3826 6384 10563
f 10564 3827 6117
f 3827 10564 6385
f 2056 8025 10565
f 10561 2056 10565
f 2057 10566 8026
f 10562 10566 2057
f 10567 700 3569
f 700 10567 7543
f 10568 3570 701
f 701 7544 10568
f 9732 10569 2042
f 2042 10569 6050
f 9733 2043 10570
f 2043 6051 10570
f 10571 3569 9403
f 10567 3569 10571
f 10572 9404 3570
f 10568 10572 3570
f 10573 1720 9312
f 5209 10573 9312
f 10574 9313 1721
f 5210 9313 10574
f 10579 10575 5850
f 5850 10575 8444
f 10580 5851 10576
f 5851 8445 10576
f 10577 12635 4215
f 4215 2248 10577
f 10578 4216 12636
f 4216 10578 2249
f 2082 3832 10579
f 3832 10575 10579
f 2083 10580 3833
f 3833 10580 10576
f 3510 1762 10581
f 10581 1762 748
f 3511 10582 1763
f 10582 749 1763
f 10583 3832 2082
f 10267 10583 2082
f 10584 2083 3833
f 10268 2083 10584
f 3209 10585 1160
f 3209 9946 10585
f 3210 1161 10586
f 3210 10586 9947
f 10587 1115 7371
f 8014 1115 10587
f 10588 7372 1116
f 8015 10588 1116
f 10589 8919 3980
f 2289 10589 3980
f 10590 3981 8920
f 2290 3981 10590
f 10591 4862 9578
f 4538 4862 10591
f 10592 9579 4863
f 4539 10592 4863
f 7369 3745 10593
f 6847 10593 3745
f 7370 10594 3746
f 6848 3746 10594
f 916 10595 7958
f 7958 10595 8576
f 917 7959 10596
f 7959 8577 10596
f 10345 2262 10597
f 10597 2262 974
f 10346 10598 2263
f 10598 975 2263
f 4341 7363 10599
f 10599 7363 2200
f 4342 10600 7364
f 10600 2201 7364
f 3462 10601 3432
f 11127 3432 10601
f 3463 3433 10602
f 11128 10602 3433
f 7662 10603 202
f 77 10603 7662
f 7663 203 10604
f 78 7663 10604
f 5058 10605 2505
f 386 2505 10605
f 5059 2506 10606
f 387 10606 2506
f 12011 5384 10607
f 10607 5384 1575
f 12012 10608 5385
f 10608 1576 5385
f 10609 9253 3895
f 3899 10609 3895
f 10610 3896 9254
f 3900 3896 10610
f 9542 12511 10611
f 9542 10611 515
f 9543 10612 12512
f 9543 516 10612
f 10613 169 8709
f 10613 6104 169
f 10614 8710 170
f 10614 170 6105
f 10615 9310 4372
f 4372 7723 10615
f 10616 4373 9311
f 4373 10616 7724
f 10617 1122 9223
f 12523 1122 10617
f 10618 9224 1123
f 12524 10618 1123
f 9120 10619 5878
f 5878 10619 7883
f 9121 5879 10620
f 5879 7884 10620
f 10621 10623 3905
f 3905 2036 10621
f 10622 3906 10624
f 3906 10622 2037
f 8027 10623 10621
f 2329 10623 8027
f 8028 10622 10624
f 2330 8028 10624
f 3422 10625 3039
f 8050 10625 3422
f 3423 3040 10626
f 8051 3423 10626
f 1380 10627 9195
f 1380 7282 10627
f 1381 9196 10628
f 1381 10628 7283
f 3030 10629 3036
f 3036 10629 10631
f 3031 3037 10630
f 3037 10632 10630
f 8132 10631 794
f 3036 10631 8132
f 8133 795 10632
f 3037 8133 10632
f 3524 10633 6398
f 10633 3524 2745
f 3525 6399 10634
f 10634 2746 3525
f 5799 10635 10633
f 1145 10635 5799
f 5800 10634 10636
f 1146 5800 10636
f 7453 10637 1315
f 1315 10637 1986
f 7454 1316 10638
f 1316 1987 10638
f 11209 10639 6266
f 6266 10639 5197
f 11210 6267 10640
f 6267 5198 10640
f 2678 10641 7193
f 10641 9742 7193
f 2679 7194 10642
f 10642 7194 9743
f 7835 10643 2891
f 7835 4370 10643
f 7836 2892 10644
f 7836 10644 4371
f 10645 1774 3172
f 7784 1774 10645
f 10646 3173 1775
f 7785 10646 1775
f 1982 6134 10647
f 6134 9028 10647
f 1983 10648 6135
f 6135 10648 9029
f 10649 3986 9540
f 3986 10649 8936
f 10650 9541 3987
f 3987 8937 10650
f 10241 7678 10651
f 10241 10651 2094
f 10242 10652 7679
f 10242 2095 10652
f 10653 5743 8570
f 10653 5473 5743
f 10654 8571 5744
f 10654 5744 5474
f 335 218 10655
f 33 335 10655
f 336 10656 219
f 34 10656 336
f 663 10657 2632
f 8610 10657 663
f 664 2633 10658
f 8611 664 10658
f 9067 10185 10659
f 3933 9067 10659
f 9068 10660 10186
f 3934 10660 9068
f 1336 10661 9405
f 10661 6570 9405
f 1337 9406 10662
f 10662 9406 6571
f 31 49 10663
f 49 9922 10663
f 32 10664 50
f 50 10664 9923
f 4908 10665 5193
f 5193 10665 9924
f 4909 5194 10666
f 5194 9925 10666
f 10667 5682 2881
f 10667 2881 5477
f 10668 2882 5683
f 10668 5478 2882
f 389 10669 11961
f 10669 389 10233
f 390 11962 10670
f 10670 10234 390
f 10671 5778 2032
f 10671 3988 5778
f 10672 2033 5779
f 10672 5779 3989
f 6596 10673 11396
f 6596 91 10673
f 6597 11397 10674
f 6597 10674 92
f 9670 10675 3669
f 3669 10675 5555
f 9671 3670 10676
f 3670 5556 10676
f 10677 2912 7393
f 2912 10677 11508
f 10678 7394 2913
f 2913 11509 10678
f 10679 11422 9091
f 144 10679 9091
f 10680 9092 11423
f 145 9092 10680
f 3331 3317 10681
f 10681 3317 11508
f 3332 10682 3318
f 10682 11509 3318
f 11929 307 10683
f 307 988 10683
f 11930 10684 308
f 308 10684 989
f 10685 6042 4729
f 2899 10685 4729
f 10686 4730 6043
f 2900 4730 10686
f 10687 2980 10253
f 2980 10687 7966
f 10688 10254 2981
f 2981 7967 10688
f 6022 1871 10689
f 9156 6022 10689
f 6023 10690 1872
f 9157 10690 6023
f 5173 10691 1018
f 5173 9756 10691
f 5174 1019 10692
f 5174 10692 9757
f 4520 10693 8789
f 8789 10693 972
f 4521 8790 10694
f 8790 973 10694
f 5309 10695 7013
f 5309 6430 10695
f 5310 7014 10696
f 5310 10696 6431
f 4391 10697 1272
f 4390 1272 10697
f 5664 10698 2383
f 7808 10698 5664
f 5665 2384 10699
f 7809 5665 10699
f 4390 10700 1210
f 4390 10697 10700
f 4391 1211 10701
f 4391 10701 10697
f 2820 7214 10702
f 8502 12554 10702
f 2821 10703 7215
f 8503 10703 12555
f 722 10704 7593
f 10704 10657 7593
f 723 7594 10705
f 10705 7594 10658
f 10706 4737 4733
f 10706 4733 2680
f 10707 4734 4738
f 10707 2681 4734
f 5753 10708 7244
f 7244 10708 9672
f 5754 7245 10709
f 7245 9673 10709
f 2586 3112 10710
f 10710 3112 5481
f 2587 10711 3113
f 10711 5482 3113
f 4199 10712 2572
f 2572 10712 3259
f 4200 2573 10713
f 2573 3260 10713
f 10714 5945 9475
f 10714 5069 5945
f 10715 9476 5946
f 10715 5946 5070
f 10716 4094 12386
f 10716 11782 4094
f 10717 12387 4095
f 10717 4095 11783
f 12507 10718 5358
f 2658 5358 10718
f 12508 5359 10719
f 2659 10719 5359
f 4111 10720 1667
f 5181 10720 4111
f 4112 1668 10721
f 5182 4112 10721
f 2635 3159 10722
f 2634 10722 3159
f 892 12441 10723
f 3913 892 11896
f 893 10724 12442
f 3914 11897 893
f 10725 8895 4440
f 2770 10725 4440
f 10726 4441 8896
f 2771 4441 10726
f 6406 2034 10727
f 4482 6406 10727
f 6407 10728 2035
f 4483 10728 6407
f 3663 10729 9443
f 3663 7581 10729
f 3664 9444 10730
f 3664 10730 7582
f 4764 2511 10731
f 4764 10731 3043
f 4765 10732 2512
f 4765 3044 10732
f 10733 3080 4601
f 4554 3080 11540
f 10734 4602 3081
f 4555 11541 3081
f 10735 1244 6366
f 10735 6366 8839
f 10736 6367 1245
f 10736 8840 6367
f 3323 10737 6070
f 3323 3327 10737
f 3324 6071 10738
f 3324 10738 3328
f 10735 10739 565
f 565 10739 5211
f 10736 566 10740
f 566 5212 10740
f 10741 469 10733
f 469 10741 10737
f 10742 10734 470
f 470 10738 10742
f 10743 3094 3098
f 5589 10743 3098
f 10744 3099 3095
f 5590 3099 10744
f 10745 7031 255
f 10745 2692 7031
f 10746 256 7032
f 10746 7032 2693
f 6562 10747 4858
f 10747 3193 11357
f 6563 4859 10748
f 10748 11358 3194
f 10749 11880 4642
f 10749 4642 9229
f 10750 4643 11881
f 10750 9230 4643
f 1448 10751 5545
f 1448 11382 10751
f 1449 5546 10752
f 1449 10752 11383
f 10753 4904 1353
f 10753 11955 4904
f 10754 1354 4905
f 10754 4905 11956
f 5545 10755 4436
f 5545 10751 10755
f 5546 4437 10756
f 5546 10756 10752
f 1617 9304 10757
f 10757 5495 1617
f 1618 10758 9305
f 10758 1618 5496
f 2559 10759 6486
f 6486 10759 9706
f 2560 6487 10760
f 6487 9707 10760
f 2228 10761 5485
f 10217 10761 2228
f 2229 5486 10762
f 10218 2229 10762
f 10763 8477 6130
f 10763 6130 3842
f 10764 6131 8478
f 10764 3843 6131
f 146 8964 10765
f 146 10765 200
f 147 10766 8965
f 147 201 10766
f 10767 5949 2136
f 5949 10767 3846
f 10768 2137 5950
f 5950 3847 10768
f 10769 653 5060
f 10769 3976 653
f 10770 5061 654
f 10770 654 3977
f 10771 2136 5949
f 3956 10838 10771
f 10772 5950 2137
f 3957 10772 10839
f 4355 2006 10773
f 2616 4355 10773
f 4356 10774 2007
f 2617 10774 4356
f 833 10775 8663
f 833 5183 10775
f 834 8664 10776
f 834 10776 5184
f 10777 2737 1524
f 9975 2737 10777
f 10778 1525 2738
f 9976 10778 2738
f 2361 2863 10779
f 10779 6334 2361
f 2362 10780 2864
f 10780 2362 6335
f 10781 1990 2875
f 5732 12517 10781
f 10782 2876 1991
f 5732 10782 12518
f 5643 2120 10783
f 8592 10783 2120
f 5644 10784 2121
f 8593 2121 10784
f 2165 596 10785
f 10785 7828 2165
f 2166 10786 597
f 10786 2166 7829
f 5643 10791 10787
f 5643 10787 2120
f 5644 10788 10792
f 5644 2121 10788
f 339 9819 10789
f 10789 5451 339
f 340 10790 9820
f 10790 340 5452
f 5643 3034 10791
f 7563 10791 3034
f 5644 10792 3035
f 7564 3035 10792
f 8452 10793 5326
f 10243 5326 10793
f 8453 5327 10794
f 10244 10794 5327
f 10795 5313 2956
f 10795 976 5313
f 10796 2957 5314
f 10796 5314 977
f 7712 10797 2829
f 4106 10797 7712
f 7713 2830 10798
f 4107 7713 10798
f 6388 10799 9758
f 807 10799 6388
f 6389 9759 10800
f 808 6389 10800
f 1795 10801 5718
f 10801 1795 8978
f 1796 5719 10802
f 10802 8979 1796
f 10803 1579 8859
f 3351 1579 10803
f 10804 8860 1580
f 3352 10804 1580
f 3245 10805 7943
f 5142 10805 3245
f 3246 7944 10806
f 5143 3246 10806
f 3599 8130 10807
f 11466 3599 10807
f 3600 10808 8131
f 11467 10808 3600
f 10809 113 9042
f 10822 10809 9433
f 10810 9043 114
f 10823 9434 10810
f 10811 7018 1838
f 10811 1838 7017
f 10812 3283 6648
f 10848 3283 10812
f 10813 6649 3284
f 10849 10813 3284
f 10637 10814 4498
f 4023 4498 10814
f 10638 4499 10815
f 4024 10815 4499
f 2551 4564 10816
f 10816 6242 2551
f 2552 10817 4565
f 10817 2552 6243
f 6497 10818 12297
f 7776 10818 6497
f 6498 12298 10819
f 7777 6498 10819
f 10820 4564 1392
f 10820 10816 4564
f 10821 1393 4565
f 10821 4565 10817
f 10809 10822 113
f 5094 113 10822
f 10810 114 10823
f 5095 10823 114
f 5860 7543 10824
f 5860 10824 1041
f 5861 10825 7544
f 5861 1042 10825
f 10826 9906 4500
f 10826 4500 10059
f 10827 4501 9907
f 10827 10060 4501
f 4059 10828 11020
f 10828 4059 10063
f 4060 11021 10829
f 10829 10064 4060
f 10830 8493 2008
f 10830 2008 5116
f 10831 2009 8494
f 10831 5117 2009
f 7417 4125 10832
f 4125 8060 10832
f 7418 10833 4126
f 4126 10833 8061
f 10781 2875 10834
f 4850 10834 2875
f 10782 10835 2876
f 4851 2876 10835
f 117 10836 12533
f 188 10836 117
f 118 12534 10837
f 189 118 10837
f 2136 10771 10838
f 5567 2136 10838
f 2137 10839 10772
f 5568 10839 2137
f 2798 10840 8984
f 10840 10844 12155
f 2799 8985 10841
f 10841 12156 10845
f 8102 232 10842
f 10842 232 7754
f 8103 10843 233
f 10843 7755 233
f 2798 10844 10840
f 2798 6252 10844
f 2799 10841 10845
f 2799 10845 6253
f 5459 1609 10846
f 1609 4924 10846
f 5460 10847 1610
f 1610 10847 4925
f 8251 10848 4546
f 10812 4546 10848
f 8252 4547 10849
f 10813 10849 4547
f 7073 8594 10850
f 7073 10850 579
f 7074 10851 8595
f 7074 580 10851
f 6568 10852 4705
f 6568 5084 10852
f 6569 4706 10853
f 6569 10853 5085
f 6144 4003 10854
f 553 6144 10854
f 6145 10855 4004
f 554 10855 6145
f 10856 8807 9358
f 10421 10856 9358
f 10857 9359 8808
f 10422 9359 10857
f 9588 1600 10858
f 2666 9588 10858
f 9589 10859 1601
f 2667 10859 9589
f 12388 10860 2741
f 2741 10860 7728
f 12389 2742 10861
f 2742 7729 10861
f 10862 7325 2044
f 10862 2044 6503
f 10863 2045 7326
f 10863 6504 2045
f 10864 9038 4454
f 7435 10864 4454
f 10865 4455 9039
f 7436 4455 10865
f 7315 10866 12329
f 11671 10866 7315
f 7316 12330 10867
f 11672 7316 10867
f 1691 10868 4926
f 10868 1691 7841
f 1692 4927 10869
f 10869 7842 1692
f 3474 8247 10870
f 3474 10870 6224
f 3475 10871 8248
f 3475 6225 10871
f 10872 1415 1437
f 7076 10872 1437
f 10873 1436 1414
f 7075 1436 10873
f 6616 10874 7646
f 6616 230 10874
f 6617 7647 10875
f 6617 10875 231
f 7972 1340 10876
f 1340 6638 10876
f 7973 10877 1341
f 1341 10877 6639
f 5054 3195 10878
f 6014 5054 11894
f 5055 10879 3195
f 6015 11895 5055
f 10880 12372 5227
f 10880 5227 6226
f 10881 5228 12373
f 10881 6227 5228
f 10882 5159 7869
f 10882 7869 2287
f 10883 7870 5160
f 10883 2288 7870
f 4143 10884 7199
f 1583 7199 10884
f 4144 7200 10885
f 1584 10885 7200
f 10886 12537 10890
f 8458 10886 2078
f 10887 10891 12538
f 8459 2079 10887
f 10888 3878 655
f 655 2513 10888
f 10889 656 3879
f 656 10889 2514
f 2078 10890 4426
f 2078 10886 10890
f 2079 4427 10891
f 2079 10891 10887
f 10892 882 8424
f 882 10892 6517
f 10893 8425 883
f 883 6518 10893
f 10894 198 283
f 10894 283 7323
f 10895 284 199
f 10895 7324 284
f 10896 1641 10209
f 5177 10896 10209
f 10897 10210 1642
f 5178 10210 10897
f 8166 10898 2885
f 10898 361 11890
f 8167 2886 10899
f 10899 11891 362
f 5016 10900 8308
f 5016 1712 11149
f 5017 8309 10901
f 5017 11150 1713
f 10902 8166 1094
f 10902 10898 8166
f 10903 1095 8167
f 10903 8167 10899
f 10904 5656 6590
f 1212 10904 6590
f 10905 6591 5657
f 1213 6591 10905
f 10906 9294 97
f 9108 9294 10906
f 10907 98 9295
f 9109 10907 9295
f 8725 569 10908
f 6658 10908 569
f 8726 10909 570
f 6659 570 10909
f 10910 4510 4744
f 10910 11526 4510
f 10911 4745 4511
f 10911 4511 11527
f 5633 10912 6929
f 10912 5633 9221
f 5634 6930 10913
f 10913 9222 5634
f 511 8264 10914
f 10914 8264 3140
f 512 10915 8265
f 10915 3141 8265
f 10916 11858 2772
f 8245 10916 2772
f 10917 2773 11859
f 8246 2773 10917
f 10918 7618 238
f 10918 238 8528
f 10919 239 7619
f 10919 8529 239
f 1323 6060 10920
f 10920 12273 1323
f 1324 10921 6061
f 10921 1324 12274
f 10922 1313 8428
f 10922 11907 1313
f 10923 8429 1314
f 10923 1314 11908
f 8679 10924 3061
f 10924 2648 3061
f 8680 3062 10925
f 10925 3062 2649
f 6288 2495 10926
f 2495 9168 10926
f 6289 10927 2496
f 2496 10927 9169
f 10928 1327 11006
f 10928 6480 1327
f 10929 11007 1328
f 10929 1328 6481
f 10930 1059 1659
f 1659 7357 10930
f 10931 1660 1060
f 1660 10931 7358
f 8043 10932 5191
f 5191 10936 9270
f 8044 5192 10933
f 5192 9271 10937
f 5362 10934 8324
f 5362 6942 10934
f 5363 8325 10935
f 5363 10935 6943
f 10932 2260 10936
f 10932 10936 5191
f 10933 10937 2261
f 10933 5192 10937
f 2690 589 10938
f 375 10938 589
f 2691 10939 590
f 376 590 10939
f 10940 5688 3333
f 3337 10944 10940
f 10941 3334 5689
f 3338 10941 10945
f 4824 10942 2316
f 10938 2316 10942
f 4825 2317 10943
f 10939 10943 2317
f 10944 5688 10940
f 5688 10944 3071
f 10945 10941 5689
f 5689 3072 10945
f 10946 7397 3506
f 10946 3506 5820
f 10947 3507 7398
f 10947 5821 3507
f 5812 3071 10948
f 10948 3071 10944
f 5813 10949 3072
f 10949 10945 3072
f 6820 1121 10950
f 10950 9525 6820
f 6820 10951 1121
f 10951 6820 9525
f 4221 10952 12173
f 10952 4221 7839
f 4222 12174 10953
f 10953 7840 4222
f 10954 8656 4638
f 10081 10954 4638
f 10955 4639 8657
f 10082 4639 10955
f 1909 10247 10956
f 7250 1909 10956
f 1910 10957 10248
f 7251 10957 1910
f 7802 5749 10958
f 10958 5749 1549
f 7803 10959 5750
f 10959 1550 5750
f 10960 9425 2281
f 2281 12359 10960
f 10961 2282 9426
f 2282 10961 12360
f 10962 3938 6368
f 10962 6368 10958
f 10963 6369 3939
f 10963 10959 6369
f 6868 9499 10964
f 6868 10964 9832
f 6869 10965 9500
f 6869 9833 10965
f 6442 10966 459
f 6442 4621 10966
f 6443 460 10967
f 6443 10967 4622
f 10968 2725 4470
f 10968 4850 2725
f 10969 4471 2726
f 10969 2726 4851
f 1950 459 10970
f 459 10966 10970
f 1951 10971 460
f 460 10971 10967
f 2407 10972 5069
f 5069 10972 1579
f 2408 5070 10973
f 5070 1580 10973
f 10974 4627 8793
f 10974 543 4627
f 10975 8794 4628
f 10975 4628 544
f 5776 10976 7604
f 5733 10976 5776
f 5777 7605 10977
f 5734 5777 10977
f 3820 10978 927
f 10978 3820 4741
f 3821 928 10979
f 10979 4742 3821
f 3373 2198 10980
f 3373 10980 10390
f 3374 10981 2199
f 3374 10391 10981
f 2698 5062 10982
f 2002 10982 5062
f 2699 10983 5063
f 2003 5063 10983
f 12021 5434 10984
f 10984 5434 704
f 12022 10985 5435
f 10985 705 5435
f 4697 10986 9797
f 12201 10986 4697
f 4698 9798 10987
f 12202 4698 10987
f 10988 7537 2106
f 10988 1684 7537
f 10989 2107 7538
f 10989 7538 1685
f 10990 3818 5955
f 10990 5955 408
f 10991 5956 3819
f 10991 409 5956
f 6808 10992 3978
f 6090 3978 10992
f 6809 3979 10993
f 6091 10993 3979
f 3736 9148 10994
f 3736 10994 2433
f 3737 10995 9149
f 3737 2434 10995
f 6212 8879 10996
f 10996 8879 4418
f 6213 10997 8880
f 10997 4419 8880
f 5434 10998 704
f 704 10998 8665
f 5435 705 10999
f 705 8666 10999
f 8402 7067 11000
f 11000 7067 995
f 8403 11001 7068
f 11001 996 7068
f 11002 3014 1031
f 1031 12011 11002
f 11003 1032 3015
f 1032 11003 12012
f 10583 1740 11004
f 9582 11004 1740
f 10584 11005 1741
f 9583 1741 11005
f 11006 6743 6747
f 6743 11006 1327
f 11007 6748 6744
f 6744 1328 11007
f 11008 5082 11012
f 7612 5082 11008
f 11009 11013 5083
f 7613 11009 5083
f 11010 5010 2660
f 7449 11010 2660
f 11011 2661 5011
f 7450 2661 11011
f 11012 11161 1631
f 1631 11008 11012
f 11013 1632 11162
f 1632 11013 11009
f 5010 11014 2660
f 6278 11014 5010
f 5011 2661 11015
f 6279 5011 11015
f 4207 2202 11016
f 2202 3933 11016
f 4208 11017 2203
f 2203 11017 3934
f 6322 11018 4041
f 11018 4952 4041
f 6323 4042 11019
f 11019 4042 4953
f 11020 2818 4059
f 3806 2818 11020
f 11021 4060 2819
f 3807 11021 2819
f 11022 9807 698
f 11022 698 5747
f 11023 699 9808
f 11023 5748 699
f 1250 7280 11024
f 7280 7138 11024
f 1251 11025 7281
f 7281 11025 7139
f 1736 11026 5698
f 2944 5698 11026
f 1737 5699 11027
f 2945 11027 5699
f 2599 6630 11028
f 2599 11028 5229
f 2600 11029 6631
f 2600 5230 11029
f 4141 9698 11030
f 11030 9698 5110
f 4142 11031 9699
f 11031 5111 9699
f 1197 8693 11032
f 1197 11032 7796
f 1198 11033 8694
f 1198 7797 11033
f 9692 3406 11034
f 3406 1174 11034
f 9693 11035 3407
f 3407 11035 1175
f 3090 11036 813
f 813 11036 7933
f 3091 814 11037
f 814 7934 11037
f 5157 11038 12552
f 3633 11038 5157
f 5158 12553 11039
f 3634 5158 11039
f 11040 10509 462
f 462 8052 11040
f 11041 463 10510
f 463 11041 8053
f 7674 11042 2210
f 11042 4135 2210
f 7675 2211 11043
f 11043 2211 4136
f 11044 4725 6232
f 3116 11044 6232
f 11045 6233 4726
f 3117 6233 11045
f 11046 5295 7234
f 5295 11046 12305
f 11047 7235 5296
f 5296 12306 11047
f 11048 7088 5629
f 12139 5629 4621
f 11049 5630 7089
f 12140 4622 5630
f 2395 4591 11050
f 11050 1845 2395
f 2396 11051 4592
f 11051 2396 1846
f 5676 323 11052
f 11246 5676 11052
f 5677 11053 324
f 11247 11053 5677
f 7881 1738 11054
f 7595 11054 1738
f 7882 11055 1739
f 7596 1739 11055
f 11056 323 2630
f 11056 11052 323
f 11057 2631 324
f 11057 324 11053
f 11058 7355 3231
f 11058 3231 11085
f 11059 3232 7356
f 11059 11086 3232
f 6853 11060 8889
f 6853 1986 11060
f 6854 8890 11061
f 6854 11061 1987
f 1746 11062 6438
f 4508 6438 11062
f 1747 6439 11063
f 4509 11063 6439
f 1956 4695 11064
f 3487 1956 11064
f 1957 11065 4696
f 3488 11065 1957
f 6426 3361 11066
f 11066 3361 11828
f 6427 11067 3362
f 11067 11829 3362
f 11068 2790 8196
f 2790 11068 6893
f 11069 8197 2791
f 2791 6894 11069
f 1772 7678 11070
f 5611 1772 11070
f 1773 11071 7679
f 5612 11071 1773
f 1748 11072 4799
f 4799 11072 2453
f 1749 4800 11073
f 4800 2454 11073
f 4406 7353 11074
f 4406 11074 2349
f 4407 11075 7354
f 4407 2350 11075
f 11072 11076 6818
f 6818 11076 7918
f 11073 6819 11077
f 6819 7919 11077
f 11078 11080 3196
f 11078 3196 11079
f 6976 11079 6474
f 6474 11079 3196
f 6977 6475 11080
f 6475 3196 11080
f 2465 6588 11081
f 11081 4974 2465
f 2466 11082 6589
f 11082 2466 4975
f 8915 10460 11083
f 10460 845 11083
f 8916 11084 10461
f 10461 11084 846
f 11085 6026 4096
f 11058 11085 4096
f 11086 4097 6027
f 11059 4097 11086
f 7494 5259 11087
f 11087 2126 7494
f 7495 11088 5260
f 11088 7495 2127
f 10720 4573 11089
f 5110 11089 4573
f 10721 11090 4574
f 5111 4574 11090
f 11091 1812 4986
f 11941 6132 1812
f 11092 4987 1813
f 11942 1813 6133
f 11093 4840 1978
f 11093 1978 12527
f 11094 1979 4841
f 11094 12528 1979
f 372 8642 11095
f 11095 8642 3974
f 373 11096 8643
f 11096 3975 8643
f 1041 4025 11097
f 4025 9124 11097
f 1042 11098 4026
f 4026 11098 9125
f 7307 11099 4850
f 4850 11099 10834
f 7308 4851 11100
f 4851 10835 11100
f 55 57 11101
f 11101 57 4556
f 56 11102 58
f 11102 4557 58
f 7118 1678 11103
f 11103 1678 1061
f 7119 11104 1679
f 11104 1062 1679
f 1002 11105 2150
f 11105 1002 9112
f 1003 2151 11106
f 11106 9113 1003
f 11107 8540 4351
f 11107 4351 1460
f 11108 4352 8541
f 11108 1461 4352
f 11109 2451 1145
f 2451 11109 8564
f 11110 1146 2452
f 2452 8565 11110
f 11945 11111 5342
f 11115 2829 5342
f 11946 5343 11112
f 11116 5343 2830
f 11113 1306 5465
f 10317 1306 11113
f 11114 5466 1307
f 10318 11114 1307
f 11111 760 11115
f 5342 11111 11115
f 11112 11116 761
f 5343 11116 11112
f 7059 802 11117
f 4978 7059 11117
f 7060 11118 802
f 4979 11118 7060
f 829 11119 12398
f 11119 829 7445
f 830 12399 11120
f 11120 7446 830
f 7565 2050 11121
f 11121 2050 1695
f 7566 11122 2051
f 11122 1696 2051
f 5181 11476 11123
f 10720 5181 11123
f 5182 11124 11477
f 10721 11124 5182
f 4229 3487 11125
f 1425 4229 11125
f 4230 11126 3488
f 1426 11126 4230
f 6634 11127 6076
f 6076 11127 6841
f 6635 6077 11128
f 6077 6842 11128
f 6210 11129 3790
f 10476 11129 6210
f 6211 3791 11130
f 10477 6211 11130
f 8334 11131 3722
f 11131 7138 3722
f 8335 3723 11132
f 11132 3723 7139
f 4169 11133 481
f 4169 2395 11133
f 4170 482 11134
f 4170 11134 2396
f 11135 2453 11072
f 8982 2453 11135
f 11136 11073 2454
f 8983 11136 2454
f 5539 6695 11137
f 11079 5539 11137
f 5540 11138 6696
f 11080 11138 5540
f 1750 491 11139
f 10639 1750 11139
f 1751 11140 492
f 10640 11140 1751
f 11141 4658 6460
f 6460 4938 11141
f 11142 6461 4659
f 6461 11142 4939
f 11143 8342 8673
f 10545 8342 11143
f 11144 8674 8343
f 10546 11144 8343
f 11145 9233 1942
f 10113 11145 1942
f 11146 1943 9234
f 10114 1943 11146
f 11147 839 1530
f 11147 1530 9526
f 11148 1531 840
f 11148 9527 1531
f 10900 11149 7887
f 11149 10900 5016
f 10901 7888 11150
f 11150 5017 10901
f 11151 11155 3110
f 3110 9499 11151
f 11152 3111 11156
f 3111 11152 9500
f 8076 11153 1704
f 8076 5346 11153
f 8077 1705 11154
f 8077 11154 5347
f 8424 5848 11155
f 5848 3110 11155
f 8425 11156 5849
f 5849 11156 3111
f 8757 4325 11157
f 150 11157 4325
f 8758 11158 4326
f 151 4326 11158
f 3233 11159 7477
f 11919 11159 3233
f 3234 7478 11160
f 11920 3234 11160
f 11161 3133 6326
f 11012 3133 11161
f 11162 6327 3134
f 11013 11162 3134
f 4924 11163 7752
f 11163 4924 6314
f 4925 7753 11164
f 11164 6315 4925
f 11165 3587 555
f 555 7286 11165
f 11166 556 3588
f 556 11166 7287
f 3199 11167 5153
f 613 5153 11167
f 3200 5154 11168
f 614 11168 5154
f 11169 8697 613
f 613 11167 11169
f 11170 614 8698
f 614 11170 11168
f 6556 11171 3901
f 11171 8671 3901
f 6557 3902 11172
f 11172 3902 8672
f 11173 1480 11470
f 11716 1480 11173
f 11174 11471 1481
f 11717 11174 1481
f 9602 11175 6798
f 9602 3605 11175
f 9603 6799 11176
f 9603 11176 3606
f 11177 6923 2226
f 9544 11177 2226
f 11178 2227 6924
f 9545 2227 11178
f 11179 831 4150
f 7104 11179 4150
f 11180 4151 832
f 7105 4151 11180
f 220 61 11181
f 202 11181 61
f 203 62 11182
f 221 11182 62
f 6727 3269 11183
f 3269 10135 11183
f 6728 11184 3270
f 3270 11184 10136
f 11185 5668 3546
f 2601 5668 11185
f 11186 3547 5669
f 2602 11186 5669
f 4235 4231 11187
f 11187 9795 4235
f 4236 11188 4232
f 11188 4236 9796
f 7301 642 11189
f 642 2397 11189
f 7302 11190 643
f 643 11190 2398
f 11191 2349 7704
f 7704 2676 11191
f 11192 7705 2350
f 7705 11192 2677
f 11193 5509 7158
f 11193 5507 5509
f 11194 7159 5510
f 11194 5510 5508
f 7385 1770 11195
f 11195 7146 7385
f 7386 11196 1771
f 11196 7386 7147
f 11466 9872 11197
f 9872 1210 11197
f 11467 11198 9873
f 9873 11198 1211
f 11199 1853 8146
f 11199 5004 1853
f 11200 8147 1854
f 11200 1854 5005
f 9872 11201 11898
f 11466 11201 9872
f 9873 11899 11202
f 11467 9873 11202
f 7587 10468 11203
f 11203 10468 9272
f 7588 11204 10469
f 11204 9273 10469
f 5692 11205 3024
f 11205 317 3024
f 5693 3025 11206
f 11206 3025 318
f 2010 7510 11207
f 11207 6831 2010
f 2011 11208 7511
f 11208 2011 6832
f 2094 11209 1994
f 1994 11209 6266
f 2095 1995 11210
f 1995 6267 11210
f 673 11211 3764
f 11211 7547 3764
f 674 3765 11212
f 11212 3765 7548
f 4960 11213 2499
f 1039 11213 4960
f 4961 2500 11214
f 1040 4961 11214
f 6974 11215 115
f 11215 3751 115
f 6975 116 11216
f 11216 116 3752
f 8829 10197 11217
f 8829 11217 2026
f 8830 11218 10198
f 8830 2027 11218
f 11219 2976 8074
f 1232 2976 11219
f 11220 8075 2977
f 1233 11220 2977
f 7208 11221 3106
f 3106 11221 6048
f 7209 3107 11222
f 3107 6049 11222
f 4408 5523 11223
f 5523 903 11223
f 4409 11224 5524
f 5524 11224 904
f 9528 11225 3760
f 11225 9528 2377
f 9529 3761 11226
f 11226 2378 9529
f 11227 6851 8759
f 5215 6851 11227
f 11228 8760 6852
f 5216 11228 6852
f 11229 8016 10547
f 689 8016 11229
f 11230 10548 8017
f 690 11230 8017
f 95 11231 6102
f 95 163 11231
f 96 6103 11232
f 96 11232 164
f 11233 7297 2646
f 1879 11233 2646
f 11234 2647 7298
f 1880 2647 11234
f 11235 3629 2200
f 7363 11235 2200
f 11236 2201 3630
f 7364 2201 11236
f 8501 1281 11237
f 11237 1281 3738
f 8501 11238 1281
f 11238 3738 1281
f 1048 11239 8940
f 11239 1048 3404
f 1049 8941 11240
f 11240 3405 1049
f 9783 1004 11241
f 9783 11241 1602
f 9784 11242 1005
f 9784 1603 11242
f 5077 1715 11243
f 5077 11243 1714
f 900 11244 7007
f 11244 10513 7007
f 900 7008 11245
f 11245 7008 10514
f 2333 10089 11246
f 2333 11246 3166
f 2334 11247 10090
f 2334 3167 11247
f 2674 11248 7486
f 11248 2674 8379
f 2675 7487 11249
f 11249 8380 2675
f 4472 7918 11250
f 11250 9014 4472
f 4473 11251 7919
f 11251 4473 9015
f 3486 3483 11252
f 3486 11252 3482
f 305 10603 11253
f 5941 305 11253
f 306 11254 10604
f 5942 11254 306
f 266 11255 2194
f 266 3426 11255
f 267 2195 11256
f 267 11256 3427
f 8217 3683 11257
f 3683 2764 11257
f 8218 11258 3684
f 3684 11258 2765
f 2030 11259 8713
f 11259 2030 8873
f 2031 8714 11260
f 11260 8874 2031
f 4550 11261 9628
f 11261 5142 9628
f 4551 9629 11262
f 11262 9629 5143
f 3890 11263 3891
f 11263 6650 3891
f 3890 3892 11264
f 11264 3892 6651
f 2905 11265 2529
f 2905 8783 11265
f 2906 2530 11266
f 2906 11266 8784
f 11267 3892 3890
f 11267 3890 3891
f 5759 11268 3734
f 5759 7142 11268
f 5760 3735 11269
f 5760 11269 7143
f 7565 11270 2050
f 7948 11270 7565
f 7566 2051 11271
f 7949 7566 11271
f 11272 2331 4648
f 12309 11272 4648
f 11273 4649 2332
f 12310 4649 11273
f 10755 11274 1117
f 1117 11274 7120
f 10756 1118 11275
f 1118 7121 11275
f 4518 11276 2314
f 4518 12287 11276
f 4519 2315 11277
f 4519 11277 12288
f 11278 5386 2688
f 11282 11278 2688
f 11279 2689 5387
f 11283 2689 11279
f 1420 3293 11280
f 3293 10509 11280
f 1421 11281 3294
f 3294 11281 10510
f 11282 2688 2162
f 11282 2162 7212
f 11283 2163 2689
f 11283 7213 2163
f 11758 11284 3840
f 2064 5994 11284
f 11759 3841 11285
f 2065 11285 5995
f 5992 12124 11286
f 8584 5992 11286
f 5993 11287 12125
f 8585 11287 5993
f 929 11288 8701
f 11288 929 10360
f 930 8702 11289
f 11289 10361 930
f 11290 10549 3239
f 7903 11290 3239
f 11291 3240 10550
f 7904 3240 11291
f 11292 11300 3784
f 5066 12175 3784
f 11293 3785 11301
f 5067 3785 12176
f 11294 3067 6751
f 2172 11294 6751
f 11295 6752 3068
f 2173 6752 11295
f 11782 10716 12560
f 11292 6806 12560
f 11783 12561 10717
f 11293 12561 6807
f 1045 6680 11298
f 1988 1045 11298
f 1046 11299 6681
f 1989 11299 1046
f 11300 7879 2964
f 11300 11296 7879
f 11301 2965 7880
f 11301 7880 11297
f 11302 2723 7788
f 11302 410 2723
f 11303 7789 2724
f 11303 2724 411
f 8610 663 11304
f 11304 2078 8610
f 8611 11305 664
f 11305 8611 2079
f 5549 11306 794
f 11306 5549 2291
f 5550 795 11307
f 11307 2292 5550
f 3925 11308 2984
f 9999 2984 11308
f 3926 2985 11309
f 10000 11309 2985
f 10305 11310 2847
f 2847 11310 6831
f 10306 2848 11311
f 2848 6832 11311
f 5094 1847 11312
f 5094 11312 113
f 5095 11313 1848
f 5095 114 11313
f 11314 792 6586
f 6586 3147 11314
f 11315 6587 793
f 6587 11315 3148
f 6102 8528 11316
f 8528 212 11316
f 6103 11317 8529
f 8529 11317 213
f 11318 9156 262
f 4480 11732 262
f 11319 263 9157
f 4481 263 11733
f 8640 11320 7626
f 11320 2417 7626
f 8641 7627 11321
f 11321 7627 2418
f 12003 11322 3497
f 7814 3497 11322
f 12004 3498 11323
f 7815 11323 3498
f 11671 2417 11324
f 11320 11324 2417
f 11672 11325 2418
f 11321 2418 11325
f 9688 3462 11326
f 3432 11326 3462
f 9689 11327 3463
f 3433 3463 11327
f 3151 11328 6302
f 6302 11328 1362
f 3152 6303 11329
f 6303 1363 11329
f 5374 11330 1643
f 9097 1643 11330
f 5375 1644 11331
f 9098 11331 1644
f 11332 4532 5801
f 11804 11332 5801
f 11333 5802 4533
f 11805 5802 11333
f 11334 3041 6781
f 11334 6781 6376
f 11335 6782 3042
f 11335 6377 6782
f 7206 11336 175
f 51 175 11336
f 7207 176 11337
f 52 11337 176
f 11338 7246 11034
f 11338 7333 7246
f 11339 11035 7247
f 11339 7247 7334
f 11340 125 264
f 11340 134 125
f 11341 265 126
f 11341 126 135
f 7270 905 11342
f 2948 7270 11342
f 7271 11343 906
f 2949 11343 7271
f 4255 11344 91
f 4255 4424 11344
f 4256 92 11345
f 4256 11345 4425
f 1800 11346 4311
f 10005 11346 1800
f 1801 4312 11347
f 10006 1801 11347
f 11348 8485 4414
f 11348 6428 8485
f 11349 4415 8486
f 11349 8486 6429
f 5824 11350 289
f 11350 5824 128
f 5825 290 11351
f 11351 129 5825
f 11352 5055 3195
f 11352 3195 5054
f 4275 8278 11353
f 4275 11353 6786
f 4276 11354 8279
f 4276 6787 11354
f 9227 395 11355
f 11355 4476 9227
f 9228 11356 396
f 11356 9228 4477
f 11357 1653 4858
f 10747 11357 4858
f 11358 4859 1654
f 10748 4859 11358
f 3651 4805 11359
f 11359 11394 4809
f 3652 11360 4806
f 11360 4810 11395
f 8136 794 11361
f 4496 8136 11361
f 8137 11362 795
f 4497 11362 8137
f 11363 4057 10401
f 7913 4057 11363
f 11364 10402 4058
f 7913 11364 4058
f 11365 185 5513
f 8456 11365 5513
f 11366 5514 184
f 8457 5514 11366
f 1416 6276 11367
f 6276 11363 11367
f 1417 11368 6277
f 6277 11368 11364
f 2982 11369 1189
f 1189 11369 4958
f 2983 1190 11370
f 1190 4959 11370
f 11371 5637 1494
f 11371 1494 9177
f 11372 1495 5638
f 11372 9178 1495
f 2712 7611 11373
f 2712 11373 7610
f 5243 3018 11374
f 3968 5243 11374
f 5244 11375 3019
f 3969 11375 5244
f 11376 1119 5330
f 1891 11376 5330
f 11377 5331 1120
f 1892 5331 11377
f 11378 2140 4307
f 4307 11870 11378
f 11379 4308 2141
f 4308 11379 11871
f 809 571 11380
f 809 11384 5553
f 810 11381 572
f 810 5554 11385
f 3313 11382 5814
f 5814 11382 11378
f 3314 5815 11383
f 5815 11379 11383
f 11380 11388 11384
f 809 11380 11384
f 11381 11385 11389
f 810 11385 11381
f 6264 11390 11386
f 3671 6264 11386
f 6265 11387 11391
f 3672 11387 6265
f 11384 11388 2381
f 11388 1304 2381
f 11385 2382 11389
f 11389 2382 1305
f 11390 9770 2800
f 11386 11390 2800
f 11391 2801 9771
f 11387 2801 11391
f 3139 11392 10093
f 3139 9719 11392
f 3139 10094 11393
f 3139 11393 9719
f 4805 11394 11359
f 4805 1094 11394
f 4806 11360 11395
f 4806 11395 1095
f 11396 8602 6596
f 11396 10679 8602
f 11397 6597 8603
f 11397 8603 10680
f 11298 11398 4161
f 4161 11398 8689
f 11299 4162 11399
f 4162 8690 11399
f 7238 2873 11400
f 9708 11406 11400
f 7239 11401 2874
f 9709 11401 11407
f 5874 3059 11402
f 5874 11402 2515
f 5875 11403 3060
f 5875 2516 11403
f 3297 11404 3301
f 9154 11404 3297
f 3298 3302 11405
f 9155 3298 11405
f 11406 259 7238
f 11406 7238 11400
f 11407 7239 259
f 11407 11401 7239
f 6952 11408 4442
f 11412 11408 6550
f 6953 4443 11409
f 11413 6551 11409
f 3774 11410 4980
f 11410 3774 7636
f 3775 4981 11411
f 11411 7637 3775
f 11412 1174 4442
f 11408 11412 4442
f 11413 4443 1175
f 11409 4443 11413
f 9764 2178 11414
f 11414 2178 3400
f 9765 11415 2179
f 11415 3401 2179
f 4928 11416 7264
f 11416 4928 6046
f 4929 7265 11417
f 11417 6047 4929
f 4205 8215 11418
f 11418 8215 7077
f 4206 11419 8216
f 11419 7078 8216
f 11420 7080 1802
f 11420 5380 7080
f 11421 1803 7081
f 11421 7081 5381
f 11422 248 45
f 11422 45 9091
f 11423 46 249
f 11423 9092 46
f 5275 11424 4249
f 4249 11424 7154
f 5276 4250 11425
f 4250 7155 11425
f 1364 6034 11426
f 11943 1364 11426
f 1365 11427 6035
f 11944 11427 1365
f 11428 7154 3155
f 4249 7154 11428
f 11429 3156 7155
f 4250 11429 7155
f 11430 9008 3392
f 8600 11430 3392
f 11431 3393 9009
f 8601 3393 11431
f 3884 5235 11432
f 3884 11432 8054
f 3885 11433 5236
f 3885 8055 11433
f 634 11434 10175
f 11434 634 3958
f 635 10176 11435
f 11435 3959 635
f 8150 11436 5579
f 5579 11436 9770
f 8151 5580 11437
f 5580 9771 11437
f 6236 11438 4882
f 11438 10547 4882
f 6237 4883 11439
f 11439 4883 10548
f 11440 5704 11036
f 11440 1260 5704
f 11441 11037 5705
f 11441 5705 1261
f 4315 11442 11346
f 3493 11442 4315
f 4316 11347 11443
f 3494 4316 11443
f 5195 11444 7228
f 5195 1006 11444
f 5196 7229 11445
f 5196 11445 1007
f 2481 11446 5189
f 2481 4225 11446
f 2482 5190 11447
f 2482 11447 4226
f 11446 4225 11448
f 4225 2992 11448
f 11447 11449 4226
f 4226 11449 2993
f 11444 11450 2970
f 11450 2208 2970
f 11445 2971 11451
f 11451 2971 2209
f 2964 6845 11452
f 11300 2964 11452
f 2965 11453 6846
f 11301 11453 2965
f 988 11454 8350
f 8276 11454 988
f 989 8351 11455
f 8277 989 11455
f 11456 423 4874
f 423 11456 995
f 11457 4875 424
f 424 996 11457
f 9916 5265 11458
f 11424 9916 11458
f 9917 11459 5266
f 11425 11459 9917
f 11460 968 8004
f 2910 968 11460
f 11461 8005 969
f 2911 11461 969
f 6094 1199 11462
f 11462 12301 6094
f 6095 11463 1200
f 11463 6095 12302
f 4970 3776 11464
f 3776 1950 11464
f 4971 11465 3777
f 3777 11465 1951
f 11466 11197 5048
f 11466 5048 9952
f 11467 9953 5049
f 11467 5049 11198
f 5631 11468 3164
f 11468 1004 3164
f 5632 3165 11469
f 11469 3165 1005
f 9251 11173 11470
f 12439 9251 11470
f 9252 11471 11174
f 12440 11471 9252
f 4434 11472 2721
f 4434 6721 11472
f 4435 2722 11473
f 4435 11473 6722
f 11474 3946 6804
f 9095 11474 6804
f 11475 6805 3947
f 9096 6805 11475
f 1346 4319 11476
f 11476 6921 1346
f 1347 11477 4320
f 11477 1347 6922
f 11478 11480 3428
f 6769 11478 5543
f 11479 3429 11481
f 6770 5544 11479
f 6769 11480 11478
f 433 11480 6769
f 6770 11479 11481
f 434 6770 11481
f 1438 3478 11482
f 11482 3478 12039
f 1439 11483 3479
f 11483 12040 3479
f 4104 11484 4791
f 4791 11484 1438
f 4105 4792 11485
f 4792 1439 11485
f 5350 1702 11486
f 11486 1702 417
f 5351 11487 1703
f 11487 418 1703
f 11488 6505 3430
f 8158 11488 3430
f 11489 3431 6506
f 8159 3431 11489
f 11490 5360 7875
f 1035 5360 11530
f 11491 7876 5361
f 1036 11531 5361
f 6190 11038 11492
f 8027 6190 11492
f 6191 11493 11039
f 8028 11493 6191
f 9451 1472 11494
f 11494 1472 8703
f 9452 11495 1473
f 11495 8704 1473
f 6422 11496 2563
f 4480 11496 6422
f 6423 2564 11497
f 4481 6423 11497
f 11498 5737 2576
f 2576 8400 11498
f 11499 2577 5738
f 2577 11499 8401
f 1798 9793 11500
f 1798 11500 1238
f 1799 11501 9794
f 1799 1239 11501
f 4217 11502 11498
f 4217 858 11502
f 4218 11499 11503
f 4218 11503 859
f 11504 1342 4942
f 11504 7156 1342
f 11505 4943 1343
f 11505 1343 7157
f 11506 7116 7367
f 7367 12082 11506
f 11507 7368 7117
f 7368 11507 12083
f 2912 11508 7160
f 7160 11508 11504
f 2913 7161 11509
f 7161 11505 11509
f 11510 337 4946
f 11510 5446 337
f 11511 4947 338
f 11511 338 5447
f 3848 11512 457
f 7905 11518 11512
f 3849 458 11513
f 7906 11513 11519
f 11257 11514 3172
f 3172 11514 8249
f 11258 3173 11515
f 3173 8250 11515
f 11516 6602 3691
f 11516 3691 5569
f 11517 3692 6603
f 11517 5570 3692
f 11518 457 11512
f 11518 6733 457
f 11519 11513 458
f 11519 458 6734
f 11524 11520 5042
f 5648 5042 11520
f 11525 5043 11521
f 5649 11521 5043
f 8326 8322 11522
f 8322 1855 11522
f 8327 11523 8323
f 8323 11523 1856
f 11524 788 4456
f 11524 4456 11520
f 11525 4457 789
f 11525 11521 4457
f 8020 4510 11526
f 11526 6200 8020
f 8021 11527 4511
f 11527 8021 6201
f 728 7262 11528
f 728 11528 8452
f 729 11529 7263
f 729 8453 11529
f 11530 5360 11490
f 11530 11490 2968
f 11531 11491 5361
f 11531 2969 11491
f 11532 6654 1615
f 11532 1615 10289
f 11533 1616 6655
f 11533 10290 1616
f 6517 3822 11534
f 9827 11534 3822
f 6518 11535 3823
f 9828 3823 11535
f 5913 4466 11536
f 11536 673 5913
f 5914 11537 4467
f 11537 5914 674
f 11538 2782 8962
f 2782 11538 11977
f 11539 8963 2783
f 2783 11978 11539
f 11540 3080 10733
f 11540 10733 469
f 11541 10734 3081
f 11541 470 10734
f 10025 6632 11542
f 6632 3343 11542
f 10026 11543 6633
f 6633 11543 3344
f 11544 6118 11548
f 6118 11544 7035
f 11545 11549 6119
f 6119 7036 11545
f 4693 2100 11546
f 11546 6157 4693
f 4694 11547 2101
f 11547 4694 6158
f 6161 11548 1976
f 1976 11548 6118
f 6162 1977 11549
f 1977 6119 11549
f 8827 11550 587
f 11518 587 11550
f 8828 588 11551
f 11519 11551 588
f 12350 11552 6370
f 6370 11552 7337
f 12351 6371 11553
f 6371 7338 11553
f 163 11554 6606
f 11554 163 95
f 164 6607 11555
f 11555 96 164
f 10103 6899 11556
f 11556 5894 10103
f 10104 11557 6900
f 11557 10104 5895
f 1079 8168 11558
f 2570 1079 11558
f 1080 11559 8169
f 2571 11559 1080
f 11560 10415 5146
f 11560 4672 10415
f 11561 5147 10416
f 11561 10416 4673
f 2590 2588 11562
f 11562 2588 9948
f 2591 11563 2589
f 11563 9949 2589
f 835 11564 7686
f 10217 11564 835
f 836 7687 11565
f 10218 836 11565
f 6825 11566 4241
f 4241 11566 10380
f 6826 4242 11567
f 4242 10381 11567
f 5583 11568 1111
f 567 11568 5583
f 5584 1112 11569
f 568 5584 11569
f 5826 11586 11570
f 11570 2704 5826
f 5827 11571 11587
f 11571 5827 2705
f 8142 11572 2930
f 2086 11572 8142
f 8143 2931 11573
f 2087 8143 11573
f 12423 11574 5555
f 12423 5432 11574
f 12424 5556 11575
f 12424 11575 5433
f 3247 7063 11576
f 11576 7063 782
f 3248 11577 7064
f 11577 783 7064
f 11578 5531 6126
f 1374 11578 6126
f 11579 6127 5532
f 1375 6127 11579
f 7063 11580 782
f 782 11580 6159
f 7064 783 11581
f 783 6160 11581
f 1665 5277 11582
f 11582 3966 1665
f 1666 11583 5278
f 11583 1666 3967
f 3854 5996 11584
f 11584 11157 3854
f 3855 11585 5997
f 11585 3855 11158
f 5826 1201 11586
f 9781 11586 1201
f 5827 11587 1202
f 9782 1202 11587
f 6534 7824 11588
f 6534 11588 8803
f 6535 11589 7825
f 6535 8804 11589
f 11590 12263 1551
f 1085 11590 5271
f 11591 1552 12264
f 1086 5272 11591
f 6582 11592 12289
f 11592 6582 8741
f 6583 12290 11593
f 11593 8742 6583
f 2517 784 11594
f 6374 11594 784
f 2518 11595 785
f 6375 785 11595
f 105 11596 301
f 12639 11596 105
f 106 302 11597
f 12640 106 11597
f 5957 11598 4908
f 4908 11598 10665
f 5958 4909 11599
f 4909 10666 11599
f 11600 923 8598
f 11600 6066 923
f 11601 8599 924
f 11601 924 6067
f 11602 2839 270
f 11602 9712 2839
f 11603 271 2840
f 11603 2840 9713
f 11604 923 6066
f 11604 6066 9793
f 11605 6067 924
f 11605 9794 6067
f 7166 6578 11606
f 6578 5690 11606
f 7167 11607 6579
f 6579 11607 5691
f 2808 11608 2026
f 11608 2808 7614
f 2809 2027 11609
f 11609 7615 2809
f 10474 11610 7343
f 7343 11610 3530
f 10475 7344 11611
f 7344 3531 11611
f 11101 4556 11612
f 11612 4556 6436
f 11102 11613 4557
f 11613 6437 4557
f 1546 11614 12304
f 1546 12303 11614
f 11615 3548 11614
f 532 3548 11615
f 11616 11614 3548
f 532 11616 3548
f 4842 714 11617
f 11617 714 3712
f 4843 11618 715
f 11618 3713 715
f 11619 9664 7602
f 7136 11619 7602
f 11620 7603 9665
f 7137 7603 11620
f 5555 4052 11621
f 3669 5555 11621
f 5556 11622 4053
f 3670 11622 5556
f 6960 3315 11623
f 9221 11623 3315
f 6961 11624 3316
f 9222 3316 11624
f 1236 11625 4285
f 1236 11560 11625
f 1237 4286 11626
f 1237 11626 11561
f 11627 8434 11623
f 11627 10297 8434
f 11628 11624 8435
f 11628 8435 10298
f 11629 4597 545
f 4597 11629 691
f 11630 546 4598
f 4598 692 11630
f 11631 2385 9002
f 11631 12195 2385
f 11632 9003 2386
f 11632 2386 12196
f 10358 11633 2365
f 2365 11633 9427
f 10359 2366 11634
f 2366 9428 11634
f 9519 6478 11635
f 9519 11635 4267
f 9520 11636 6479
f 9520 4268 11636
f 4117 6709 11637
f 6709 2928 11637
f 4118 11638 6710
f 6710 11638 2929
f 4585 11639 9268
f 4585 6554 11639
f 4586 9269 11640
f 4586 11640 6555
f 11641 5983 1913
f 11641 347 5983
f 11642 1914 5984
f 11642 5984 348
f 1090 6554 11643
f 11643 8162 1090
f 1091 11644 6555
f 11644 1091 8163
f 2054 2230 11645
f 11645 2230 9957
f 2055 11646 2231
f 11646 9958 2231
f 2242 7290 11647
f 9421 11647 7290
f 2243 11648 7291
f 9422 7291 11648
f 10275 97 11649
f 11649 97 10047
f 11650 10048 98
f 10276 11650 98
f 11651 11316 253
f 11651 253 297
f 11652 254 11317
f 11652 298 254
f 8110 11653 11426
f 775 11653 8110
f 8111 11427 11654
f 776 8111 11654
f 5350 11655 1702
f 5350 3792 11655
f 5351 1703 11656
f 5351 11656 3793
f 11657 1944 1311
f 11661 7928 11657
f 11658 1312 1945
f 11662 11658 7929
f 4019 8540 11659
f 7164 4019 11659
f 4020 11660 8541
f 7165 11660 4020
f 1311 11661 11657
f 1311 4108 11661
f 1312 11658 11662
f 1312 11662 4109
f 3026 4625 11663
f 10448 11663 4625
f 3027 11664 4626
f 10449 4626 11664
f 8182 11665 796
f 10271 11665 8182
f 8183 797 11666
f 10272 8183 11666
f 11667 2786 5465
f 4890 2786 11667
f 11668 5466 2787
f 4891 11668 2787
f 6040 6258 11669
f 11669 6258 6254
f 6041 11670 6259
f 11670 6255 6259
f 11671 1059 10866
f 11671 11324 1059
f 11672 10867 1060
f 11672 1060 11325
f 11673 1386 2930
f 12108 2930 11572
f 11674 2931 1387
f 12109 11573 2931
f 11675 4744 862
f 862 8508 11675
f 11676 863 4745
f 863 11676 8509
f 2841 11677 6138
f 1238 6138 11677
f 2842 6139 11678
f 1239 11678 6139
f 11679 850 1484
f 11679 3743 850
f 11680 1485 851
f 11680 851 3744
f 10671 11681 7555
f 2845 7555 11681
f 10672 7556 11682
f 2846 11682 7556
f 681 11683 9199
f 3398 11683 681
f 682 9200 11684
f 3399 682 11684
f 5003 2274 11685
f 5002 11685 2274
f 1776 9856 11686
f 11690 6837 1776
f 1777 11687 9857
f 11691 1777 6838
f 5002 11688 3000
f 5002 2274 11688
f 5003 3001 11689
f 5003 11689 2274
f 11690 11686 7849
f 11690 1776 11686
f 11691 7850 11687
f 11691 11687 1777
f 11694 11692 7990
f 11692 5171 3913
f 11695 7991 11693
f 11693 3914 5172
f 11694 5171 11692
f 438 5171 11694
f 11695 11693 5172
f 439 11695 5172
f 8644 11696 206
f 11696 8270 206
f 8645 207 11697
f 11697 207 8271
f 11698 609 3528
f 7371 609 11698
f 11699 3529 610
f 7372 11699 610
f 6857 11700 2578
f 2578 11700 5481
f 6858 2579 11701
f 2579 5482 11701
f 3424 4388 11702
f 11702 5780 3424
f 3425 11703 4389
f 11703 3425 5781
f 11704 7158 3375
f 3371 7158 11704
f 11705 3376 7159
f 3372 11705 7159
f 11706 10619 1869
f 1869 8679 11706
f 11707 1870 10620
f 1870 11707 8680
f 7162 1619 11708
f 2688 7162 11708
f 7163 11709 1620
f 2689 11709 7163
f 4666 8827 11710
f 2036 4666 11722
f 4667 11711 8828
f 2037 11723 4667
f 6499 4333 11712
f 11716 4333 6088
f 6500 11713 4334
f 11717 6089 4334
f 11714 4860 2098
f 2098 10297 11714
f 11715 2099 4861
f 2099 11715 10298
f 11712 4333 11716
f 11173 11712 11716
f 11713 11717 4334
f 11174 11717 11713
f 6114 11718 7431
f 10787 11718 6114
f 6115 7432 11719
f 10788 6115 11719
f 4758 11720 4882
f 4758 5394 11720
f 4759 4883 11721
f 4759 11721 5395
f 11710 11722 4666
f 11710 4209 11722
f 11711 4667 11723
f 11711 11723 4210
f 4265 7094 11724
f 11724 7094 7654
f 4266 11725 7095
f 11725 7655 7095
f 1113 11726 4680
f 9073 11726 1113
f 1114 4681 11727
f 9074 1114 11727
f 9138 7327 11728
f 11754 9138 11728
f 9139 11729 7328
f 11755 11729 9139
f 11730 1214 5682
f 1214 11730 11669
f 11731 5683 1215
f 1215 11670 11731
f 4372 11318 11732
f 11732 11318 262
f 4373 11733 11319
f 11733 263 11319
f 1839 9030 11734
f 6336 1839 11734
f 1840 11735 9031
f 6337 11735 1840
f 2497 11736 4055
f 11736 2497 4752
f 2498 4056 11737
f 11737 4753 2498
f 1661 5761 11738
f 1661 11738 673
f 1662 11739 5762
f 1662 674 11739
f 5623 2867 11740
f 11740 1867 5623
f 5624 11741 2868
f 11741 5624 1868
f 329 11742 6394
f 11742 11596 6394
f 330 6395 11743
f 11743 6395 11597
f 7786 11744 11346
f 5038 11744 7786
f 7787 11347 11745
f 5039 7787 11745
f 1372 6929 11746
f 1372 11746 6354
f 1373 11747 6930
f 1373 6355 11747
f 2715 11748 7481
f 7481 11748 4540
f 2716 7482 11749
f 7482 4541 11749
f 8729 856 11750
f 856 10731 11750
f 8730 11751 857
f 857 11751 10732
f 2399 8869 11752
f 11752 8922 2399
f 2400 11753 8870
f 11753 2400 8923
f 11754 11728 9868
f 12535 9868 10890
f 11755 9869 11729
f 12536 10891 9869
f 7266 4566 11756
f 986 7266 11756
f 7267 11757 4567
f 987 11757 7267
f 11758 2064 11284
f 7796 2064 11758
f 11759 11285 2065
f 7797 11759 2065
f 1302 11760 4571
f 11760 1302 8532
f 1303 4572 11761
f 11761 8533 1303
f 11762 5414 2345
f 8546 11762 2345
f 11763 2346 5415
f 8547 2346 11763
f 980 3838 11764
f 3838 9898 11764
f 981 11765 3839
f 3839 11765 9899
f 1575 3551 11766
f 1575 11766 10702
f 1576 11767 3552
f 1576 10703 11767
f 7057 11768 5882
f 5882 11768 5515
f 7058 5883 11769
f 5883 5516 11769
f 1585 7506 11770
f 11770 7309 1585
f 1586 11771 7507
f 11771 1586 7310
f 11772 11768 2471
f 8797 11772 2471
f 11773 2472 11769
f 8798 2472 11773
f 11774 5044 8779
f 11774 6100 5044
f 11775 8780 5045
f 11775 5045 6101
f 4846 2212 11776
f 2114 11778 11776
f 4847 11777 2213
f 2115 11777 11779
f 11778 3836 4846
f 11776 11778 4846
f 11779 4847 3837
f 11777 4847 11779
f 7504 260 11780
f 6356 11780 260
f 7505 11781 261
f 6357 261 11781
f 179 11782 6806
f 6806 11782 12560
f 180 6807 11783
f 6807 12561 11783
f 8148 4123 11784
f 4123 10109 11784
f 8149 11785 4124
f 4124 11785 10110
f 11786 9106 4599
f 11786 1849 9106
f 11787 4600 9107
f 11787 9107 1850
f 1746 6438 11788
f 1746 11788 8050
f 1747 11789 6439
f 1747 8051 11789
f 4271 11790 8086
f 4737 11794 4271
f 4272 8087 11791
f 4738 4272 11795
f 11792 9507 1716
f 11792 1716 1816
f 11793 1717 9508
f 11793 1817 1717
f 7901 11790 11794
f 4271 11794 11790
f 7902 11795 11791
f 4272 11791 11795
f 9203 11796 3080
f 9203 2491 11796
f 9204 3081 11797
f 9204 11797 2492
f 9463 11798 6536
f 9463 992 11798
f 9464 6537 11799
f 9464 11799 992
f 8414 3897 11800
f 11800 3897 2910
f 8415 11801 3898
f 11801 2911 3898
f 7656 11802 6294
f 11802 8962 6294
f 7657 6295 11803
f 11803 6295 8963
f 11804 5801 1073
f 11804 1073 10087
f 11805 1074 5802
f 11805 10088 1074
f 1386 11806 2930
f 11806 1386 1390
f 1387 2931 11807
f 11807 1391 1387
f 2405 3846 11808
f 11808 2074 2405
f 2406 11809 3847
f 11809 2406 2075
f 537 693 11810
f 693 6018 11810
f 538 11811 694
f 694 11811 6019
f 2048 11812 8219
f 11812 800 8219
f 2049 8220 11813
f 11813 8220 801
f 10994 11814 2433
f 11814 5886 2433
f 10995 2434 11815
f 11815 2434 5887
f 9439 11816 9433
f 11816 10822 9433
f 9440 9434 11817
f 11817 9434 10823
f 4591 1400 11818
f 1400 7204 11818
f 4592 11819 1401
f 1401 11819 7205
f 1400 11820 7204
f 11820 8570 7204
f 1401 7205 11821
f 11821 7205 8571
f 11822 8253 1824
f 12542 8253 11822
f 11823 1825 8254
f 12543 11823 8254
f 619 2423 11824
f 11824 4005 619
f 620 11825 2424
f 11825 620 4006
f 4711 11826 1462
f 1462 11826 12497
f 4712 1463 11827
f 1463 12498 11827
f 11828 3361 2962
f 7692 11828 2962
f 11829 2963 3362
f 7693 2963 11829
f 10663 9922 11830
f 10663 11830 8580
f 10664 11831 9923
f 10664 8581 11831
f 11832 8548 1538
f 1538 6458 11832
f 11833 1539 8549
f 1539 11833 6459
f 9648 11834 5140
f 9648 648 11834
f 9649 5141 11835
f 9649 11835 649
f 3255 11836 2515
f 3255 10227 11836
f 3256 2516 11837
f 3256 11837 10228
f 2708 9910 11838
f 6572 2708 11838
f 2709 11839 9911
f 6573 11839 2709
f 4746 11840 4750
f 11840 2676 4750
f 4747 4751 11841
f 11841 4751 2677
f 11842 7974 5125
f 11842 4668 7974
f 11843 5126 7975
f 11843 7975 4669
f 2877 5106 11844
f 2877 11844 3189
f 2878 11845 5107
f 2878 3190 11845
f 3383 11842 11846
f 3383 11846 7433
f 3384 11847 11843
f 3384 7434 11847
f 7883 1242 11848
f 11848 1242 8799
f 7884 11849 1243
f 11849 8800 1243
f 1708 4526 11850
f 4762 1708 11850
f 1709 11851 4527
f 4763 11851 1709
f 11852 10097 3724
f 1617 11852 3724
f 11853 3725 10098
f 1618 3725 11853
f 11854 3641 5026
f 7585 3641 11854
f 11855 5027 3642
f 7586 11855 3642
f 11856 8811 4762
f 4762 11850 11856
f 11857 4763 8812
f 4763 11857 11851
f 11858 6996 5892
f 453 6996 11858
f 11859 5893 6997
f 454 11859 6997
f 8807 11860 3082
f 11860 8986 3082
f 8808 3083 11861
f 11861 3083 8987
f 8909 3862 11862
f 11862 3862 9397
f 8910 11863 3863
f 11863 9398 3863
f 11868 1722 11864
f 11864 3726 397
f 11869 11865 1723
f 11865 398 3727
f 2978 11866 5784
f 12131 5784 11866
f 2979 5785 11867
f 12132 11867 5785
f 397 4353 11868
f 397 11868 11864
f 398 11869 4354
f 398 11865 11869
f 2439 5866 11870
f 2439 11870 1528
f 2440 11871 5867
f 2440 1529 11871
f 11872 3615 10199
f 8039 3615 11872
f 11873 10200 3616
f 8040 11873 3616
f 3768 11874 8211
f 3768 1486 11874
f 3769 8212 11875
f 3769 11875 1487
f 1553 4337 11876
f 11876 3766 1553
f 1554 11877 4338
f 11877 1554 3767
f 11878 6876 2190
f 11878 2190 3045
f 11879 2191 6877
f 11879 3046 2191
f 2218 11880 7383
f 7383 11880 10749
f 2219 7384 11881
f 7384 10750 11881
f 3812 11882 10299
f 4986 11882 3812
f 3813 10300 11883
f 4987 3813 11883
f 4776 667 11884
f 4776 11884 2403
f 4777 11885 668
f 4777 2404 11885
f 11886 2861 9114
f 12335 4203 2861
f 11887 9115 2862
f 12336 2862 4204
f 11888 8416 1512
f 792 11888 1512
f 11889 1513 8417
f 793 1513 11889
f 11890 4269 2885
f 10898 11890 2885
f 11891 2886 4270
f 10899 2886 11891
f 2942 9696 11892
f 11177 2942 11892
f 2943 11893 9697
f 11178 11893 2943
f 11894 10878 9801
f 11894 5054 10878
f 11895 9802 10879
f 11895 10879 5055
f 892 10723 11896
f 523 11896 10723
f 893 11897 10724
f 524 10724 11897
f 3063 11898 2326
f 2326 11898 11201
f 3064 2327 11899
f 2327 11202 11899
f 5248 11900 918
f 5247 918 11900
f 6711 11901 3675
f 6715 11901 6711
f 6712 3676 11902
f 6716 6712 11902
f 3903 11903 7714
f 11903 8388 7714
f 3904 7715 11904
f 11904 7715 8389
f 11905 8895 12313
f 1877 8895 11905
f 11906 12314 8896
f 1878 11906 8896
f 11907 3006 406
f 11907 406 1313
f 11908 407 3007
f 11908 1314 407
f 3919 8544 11909
f 11113 3919 11909
f 3920 11910 8545
f 11114 11910 3920
f 11911 9682 5285
f 5285 7315 11911
f 11912 5286 9683
f 5286 11912 7316
f 9892 1932 11913
f 1358 11913 1932
f 9893 11914 1933
f 1359 1933 11914
f 1294 11915 4088
f 11915 1294 5639
f 1295 4089 11916
f 11916 5640 1295
f 6767 11917 1851
f 7600 1851 11917
f 6768 1852 11918
f 7601 11918 1852
f 11919 3233 2092
f 9059 11919 2092
f 11920 2093 3234
f 9060 2093 11920
f 7600 11921 1851
f 11921 7600 1248
f 7601 1852 11922
f 11922 1249 7601
f 11923 3589 7941
f 2208 3589 11923
f 11924 7942 3590
f 2209 11924 3590
f 5400 2903 11925
f 533 5400 11925
f 5401 11926 2904
f 534 11926 5401
f 2553 11927 2004
f 2004 11927 1950
f 2554 2005 11928
f 2005 1951 11928
f 2825 11929 5652
f 5652 11929 11945
f 2826 5653 11930
f 5653 11946 11930
f 11931 1490 6800
f 3205 1490 11931
f 11932 6801 1491
f 3206 11932 1491
f 11933 1412 4952
f 11933 6322 1412
f 11934 4953 1413
f 11934 1413 6323
f 1300 7136 11935
f 1300 11935 5757
f 1301 11936 7137
f 1301 5758 11936
f 11937 11933 9383
f 9383 870 11937
f 11938 9384 11934
f 9384 11938 871
f 11939 1268 3538
f 11939 3538 3542
f 11940 3539 1269
f 11940 3543 3539
f 11091 11941 1812
f 11091 521 11941
f 11092 1813 11942
f 11092 11942 522
f 11943 7148 8029
f 11426 7148 11943
f 11944 8030 7149
f 11427 11944 7149
f 7443 2606 11945
f 7443 11945 11929
f 7444 11946 2607
f 7444 11930 11946
f 11947 3207 11951
f 2170 9594 11947
f 11948 11952 3208
f 2171 11948 9595
f 7628 7624 11949
f 11949 7624 12094
f 7629 11950 7625
f 11950 12095 7625
f 2170 11951 1323
f 2170 11947 11951
f 2171 1324 11952
f 2171 11952 11948
f 5680 11953 2810
f 2810 11953 7873
f 5681 2811 11954
f 2811 7874 11954
f 4904 11955 7375
f 10551 7375 11955
f 4905 7376 11956
f 10552 11956 7376
f 9262 11957 3766
f 9262 2172 11957
f 9263 3767 11958
f 9263 11958 2173
f 4331 11959 1041
f 7875 11959 4331
f 4332 1042 11960
f 7876 4332 11960
f 9266 1220 11961
f 1220 10239 11961
f 9267 11962 1221
f 1221 11962 10240
f 4193 2592 11963
f 4193 11963 6306
f 4194 11964 2593
f 4194 6307 11964
f 3753 444 11965
f 12187 6240 3753
f 3754 11966 444
f 12188 3754 6241
f 551 6284 11967
f 2279 551 11967
f 552 11968 6285
f 2280 11968 552
f 11969 4253 3962
f 4253 11969 9981
f 11970 3963 4254
f 4254 9982 11970
f 3454 11971 9781
f 1075 9781 11971
f 3455 9782 11972
f 1076 11972 9782
f 3870 6891 11973
f 3870 11973 5382
f 3871 11974 6892
f 3871 5383 11974
f 11975 8998 39
f 8998 11975 5694
f 11976 40 8999
f 8999 5695 11976
f 11977 1474 5233
f 5233 2782 11977
f 11978 5234 1475
f 5234 11978 2783
f 11979 11983 1050
f 1050 9505 11979
f 11980 1051 11984
f 1051 11980 9506
f 594 11981 9336
f 10151 11981 594
f 595 9337 11982
f 10152 595 11982
f 8576 10595 11983
f 11983 11979 8576
f 8577 11984 10596
f 11984 8577 11980
f 11985 10914 3140
f 11985 3140 4154
f 11986 3141 10915
f 11986 4155 3141
f 5388 11987 9823
f 5388 823 11987
f 5389 9824 11988
f 5389 11988 824
f 9451 11989 6628
f 11989 11985 6628
f 9452 6629 11990
f 11990 6629 11986
f 949 11991 3144
f 949 3143 11991
f 2954 2128 11992
f 11992 2128 10137
f 2955 11993 2129
f 11993 10138 2129
f 949 10094 11994
f 949 11994 10093
f 5299 11995 10025
f 1830 11995 5299
f 5300 10026 11996
f 1831 5300 11996
f 1875 11997 7425
f 1875 7297 11997
f 1876 7426 11998
f 1876 11998 7298
f 2804 7347 11999
f 2804 11999 10492
f 2805 12000 7348
f 2805 10493 12000
f 12001 941 8855
f 12001 8855 12005
f 12002 8856 942
f 12002 12006 8856
f 9278 4644 12003
f 12003 4644 9075
f 9279 12004 4645
f 12004 9076 4645
f 12001 12005 1885
f 1885 12005 10067
f 12002 1886 12006
f 1886 10068 12006
f 9821 5601 12007
f 12007 1734 9821
f 9822 12008 5602
f 12008 9822 1735
f 6268 3271 12009
f 3271 10517 12009
f 6269 12010 3272
f 3272 12010 10518
f 7073 12011 8594
f 8594 12011 1031
f 7074 8595 12012
f 8595 1032 12012
f 12013 8661 1764
f 9364 12013 1764
f 12014 1765 8662
f 9365 1765 12014
f 12015 3147 892
f 1726 3147 12015
f 12016 893 3148
f 1727 12016 3148
f 12017 2401 10438
f 2401 12017 8747
f 12018 10439 2402
f 2402 8748 12018
f 2455 12019 1964
f 2455 10409 12019
f 2456 1965 12020
f 2456 12020 10410
f 12021 10984 1356
f 9016 12021 1356
f 12022 1357 10985
f 9017 1357 12022
f 12023 3816 2946
f 3816 12023 9777
f 12024 2947 3817
f 3817 9778 12024
f 8532 3137 12025
f 5549 12025 3137
f 8533 12026 3138
f 5550 3138 12026
f 632 9918 12027
f 9918 9676 12027
f 633 12028 9919
f 9919 12028 9677
f 4797 12029 6178
f 7571 12029 4797
f 4798 6179 12030
f 7572 4798 12030
f 12031 3295 8004
f 509 3295 12031
f 12032 8005 3296
f 510 12032 3296
f 3012 12033 7559
f 6907 7559 12033
f 3013 7560 12034
f 6908 12034 7560
f 1649 5219 12035
f 12035 5219 8473
f 1650 12036 5220
f 12036 8474 5220
f 12037 12033 6703
f 12037 6703 7134
f 12038 6704 12034
f 12038 7135 6704
f 12039 3478 8304
f 12197 8304 6038
f 12040 8305 3479
f 12198 6039 8305
f 6496 3935 12041
f 12041 3935 5317
f 6496 12042 3935
f 12042 5317 3935
f 12043 10380 736
f 5311 12043 736
f 12044 737 10381
f 5312 737 12044
f 7134 12045 471
f 12045 10043 471
f 7135 472 12046
f 12046 472 10044
f 7299 2409 12047
f 2409 7248 12047
f 7300 12048 2410
f 2410 12048 7249
f 2596 12049 5271
f 5271 12049 8606
f 2597 5272 12050
f 5272 8607 12050
f 5963 12051 1744
f 5963 12041 12051
f 5964 1745 12052
f 5964 12052 12042
f 10143 10364 12053
f 2648 12053 10364
f 10144 12054 10365
f 2649 10365 12054
f 12051 5796 12055
f 12055 5796 8504
f 12052 12056 5796
f 12056 8505 5796
f 11665 12061 12057
f 12057 3168 8608
f 11666 12058 12062
f 12058 8609 3169
f 12059 1180 627
f 5943 12493 12059
f 12060 627 1180
f 5944 12060 12493
f 12057 12061 3168
f 12061 9640 3168
f 12058 3169 12062
f 12062 3169 9641
f 12063 9836 3114
f 4932 12063 3114
f 12064 3115 9837
f 4933 3115 12064
f 7142 9085 12065
f 9085 1476 12065
f 7143 12066 9086
f 9086 12066 1477
f 10452 466 12067
f 12067 466 11933
f 10453 12068 467
f 12068 11934 467
f 1008 5979 12069
f 12069 5979 695
f 1009 12070 5980
f 12070 696 5980
f 7774 12071 3223
f 7774 1344 12071
f 7775 3224 12072
f 7775 12072 1345
f 12073 1055 5056
f 8332 1055 12073
f 12074 5057 1056
f 8333 12074 1056
f 12075 4144 1608
f 12075 1608 4143
f 12076 7837 1273
f 7837 12076 6172
f 12077 1274 7838
f 7838 6173 12077
f 3420 266 12078
f 3420 12078 6717
f 3421 12079 267
f 3421 6718 12079
f 4263 7579 12080
f 2184 4263 12080
f 4264 12081 7580
f 2185 12081 4264
f 4158 12082 8689
f 8689 12082 1191
f 4159 8690 12083
f 8690 1192 12083
f 6108 12084 6440
f 12084 517 12088
f 6109 6441 12085
f 12085 12089 518
f 978 12086 12564
f 10225 12086 978
f 979 12565 12087
f 10226 979 12087
f 12088 6440 12084
f 12088 5625 6440
f 12089 12085 6441
f 12089 6441 5626
f 12090 11121 1695
f 1695 5531 12090
f 12091 1696 11122
f 1696 12091 5532
f 517 12084 12092
f 6866 517 12092
f 518 12093 12085
f 6867 12093 518
f 12094 2584 3911
f 12098 8775 2584
f 12095 3912 2585
f 12099 2585 8776
f 12096 5221 6729
f 2106 5221 12096
f 12097 6730 5222
f 2107 12097 5222
f 2584 12094 12098
f 7624 12098 12094
f 2585 12099 12095
f 7625 12095 12099
f 5064 3856 12100
f 5064 12100 11173
f 5065 12101 3857
f 5065 11174 12101
f 6230 12102 4404
f 4404 12102 8072
f 6231 4405 12103
f 4405 8073 12103
f 12104 3122 6254
f 12104 6262 3122
f 12105 6255 3123
f 12105 3123 6263
f 1418 3285 12106
f 2948 1418 12106
f 1419 12107 3286
f 2949 12107 1419
f 11673 2930 12108
f 11673 12108 3950
f 11674 12109 2931
f 11674 3951 12109
f 1254 12110 12179
f 12110 1254 2545
f 1255 12180 12111
f 12111 2546 1255
f 5607 7905 12112
f 3357 5607 12112
f 5608 12113 7906
f 3358 12113 5608
f 9116 12114 2537
f 12114 4688 2537
f 9117 2538 12115
f 12115 2538 4689
f 12116 4084 2146
f 6976 12116 2146
f 12117 2147 4085
f 6977 2147 12117
f 6640 8418 12118
f 6640 12118 6566
f 6641 12119 8419
f 6641 6567 12119
f 9550 4050 12120
f 4739 12120 4050
f 9551 12121 4051
f 4740 4051 12121
f 12122 528 350
f 9122 528 12122
f 12123 351 529
f 9123 12123 529
f 5989 628 12124
f 12071 5989 12124
f 5990 12125 629
f 12072 12125 5990
f 12126 468 7776
f 12126 7777 468
f 6312 3907 12127
f 12127 3907 5617
f 6313 12128 3908
f 12128 5618 3908
f 12129 8384 2986
f 2986 7634 12129
f 12130 2987 8385
f 2987 12130 7635
f 12131 7393 4281
f 12131 4281 5784
f 12132 4282 7394
f 12132 5785 4282
f 12133 309 5038
f 309 12133 3739
f 12134 5039 310
f 310 3740 12134
f 3689 12135 401
f 401 12135 7250
f 3690 402 12136
f 402 7251 12136
f 559 12137 4674
f 12137 3816 4674
f 560 4675 12138
f 12138 4675 3817
f 12139 11048 5629
f 4906 11048 12139
f 12140 5630 11049
f 4907 12140 11049
f 9965 12141 9961
f 9961 12141 10458
f 9966 9962 12142
f 9962 10459 12142
f 5006 12143 4223
f 12143 5006 9209
f 5007 4224 12144
f 12144 9210 5007
f 12145 6816 10426
f 10950 6816 12145
f 12146 10427 6817
f 10951 12146 6817
f 12147 3649 3687
f 12147 12143 3649
f 12148 3688 3650
f 12148 3650 12144
f 6278 12149 11014
f 12149 6278 886
f 6279 11015 12150
f 12150 887 6279
f 6923 12151 3157
f 11526 3157 12151
f 6924 3158 12152
f 11527 12152 3158
f 521 12153 8654
f 8654 12153 3325
f 522 8655 12154
f 8655 3326 12154
f 10840 12155 9680
f 12155 3128 9680
f 10841 9681 12156
f 12156 9681 3128
f 1936 1980 12157
f 1936 12157 5739
f 1937 12158 1981
f 1937 5740 12158
f 12159 7734 491
f 8735 7734 12159
f 12160 492 7735
f 8736 12160 7735
f 710 12161 7317
f 5769 12161 710
f 711 7318 12162
f 5770 711 12162
f 7114 3402 12163
f 3402 9642 12163
f 7115 12164 3403
f 3403 12164 9643
f 11514 2764 12165
f 12165 2764 5424
f 11515 12166 2765
f 12166 5425 2765
f 3402 7114 12167
f 7986 12167 7114
f 3403 12168 7115
f 7987 7115 12168
f 12169 9684 4946
f 337 12169 4946
f 12170 4947 9685
f 338 4947 12170
f 12171 5834 5838
f 6895 5834 12171
f 12172 5839 5835
f 6896 12172 5835
f 12173 6564 2992
f 4225 12173 2992
f 12174 2993 6565
f 4226 2993 12174
f 3145 11292 12175
f 12175 11292 3784
f 3146 12176 11293
f 12176 3785 11293
f 12177 10333 6250
f 6250 4785 12177
f 12178 6251 10334
f 6251 12178 4786
f 3408 12179 9449
f 12179 4303 9449
f 3409 9450 12180
f 12180 9450 4304
f 4587 1390 12181
f 1390 1386 12181
f 4588 12182 1391
f 1391 12182 1387
f 2299 12183 7457
f 12183 7766 7457
f 2300 7458 12184
f 12184 7458 7767
f 4902 3772 12185
f 12185 3772 10239
f 4903 12186 3773
f 12186 10240 3773
f 3753 11965 12187
f 11965 7027 12187
f 3754 12188 11966
f 11966 12188 7028
f 5696 12189 8268
f 5696 4394 12189
f 5697 8269 12190
f 5697 12190 4395
f 12191 945 4978
f 1673 945 12191
f 12192 4979 946
f 1674 12192 946
f 2371 12193 6779
f 6779 12193 9690
f 2372 6780 12194
f 6780 9691 12194
f 12195 7377 2385
f 12195 479 7377
f 12196 2386 7378
f 12196 7378 480
f 12197 11482 12039
f 12197 12039 8304
f 12198 12040 11483
f 12198 8305 12040
f 12199 4115 2656
f 12199 2656 2580
f 12200 2657 4116
f 12200 2581 2657
f 2028 12201 1623
f 7126 12201 2028
f 2029 1624 12202
f 7127 2029 12202
f 12203 107 27
f 107 12203 12213
f 12204 28 108
f 108 12214 12204
f 7557 1663 12205
f 12205 1663 10397
f 7558 12206 1664
f 12206 10398 1664
f 132 12207 177
f 12213 132 242
f 133 178 12208
f 12214 243 133
f 4900 12209 2188
f 2188 12209 8037
f 4901 2189 12210
f 2189 8038 12210
f 2188 12211 4900
f 10017 4900 12211
f 2189 4901 12212
f 10018 12212 4901
f 12203 12207 12213
f 12213 12207 132
f 12204 12214 12208
f 12214 133 12208
f 2012 12215 1528
f 3506 12215 2012
f 2013 1529 12216
f 3507 2013 12216
f 12217 8306 8917
f 1913 12217 8917
f 12218 8918 8307
f 1914 8918 12218
f 3267 7589 12219
f 7589 2702 12219
f 3268 12220 7590
f 7590 12220 2703
f 3641 12221 427
f 6266 427 12221
f 3642 428 12222
f 6267 12222 428
f 9160 12223 6296
f 6515 6296 12223
f 9161 6297 12224
f 6516 12224 6297
f 3792 5350 12225
f 12225 10231 3792
f 3793 12226 5351
f 12226 3793 10232
f 12227 8263 1203
f 12227 2757 8263
f 12228 1203 8263
f 12228 8263 2757
f 8699 12229 477
f 477 12229 5945
f 8700 478 12230
f 478 5946 12230
f 12231 805 4333
f 12231 8693 805
f 12232 4334 806
f 12232 806 8694
f 2479 12233 7236
f 1149 7236 12233
f 2480 7237 12234
f 1150 12234 7237
f 257 12235 5569
f 5573 5569 12235
f 258 5570 12236
f 5574 12236 5570
f 6574 12237 11355
f 6574 12421 12237
f 6575 11356 12238
f 6575 12238 12422
f 2310 9126 12239
f 12239 2527 2310
f 2311 12240 9127
f 12240 2311 2528
f 11330 3347 12241
f 4486 12241 3347
f 11331 12242 3348
f 4487 3348 12242
f 12243 7447 10035
f 7447 12243 1804
f 12244 10036 7448
f 7448 1805 12244
f 12245 11083 6090
f 12245 6090 10992
f 12246 6091 11084
f 12246 10993 6091
f 12451 12247 1826
f 12247 10237 1826
f 12452 1827 12248
f 12248 1827 10238
f 12249 317 11205
f 12249 11328 317
f 12250 11206 318
f 12250 318 11329
f 2034 5909 12251
f 5909 5481 12251
f 2035 12252 5910
f 5910 12252 5482
f 12253 388 6594
f 12253 6594 2747
f 12254 6595 388
f 12254 2748 6595
f 4185 8663 12255
f 4185 12255 9507
f 4186 12256 8664
f 4186 9508 12256
f 12257 10531 4934
f 7680 12257 4934
f 12258 4935 10532
f 7681 4935 12258
f 8771 848 12259
f 12259 1639 8771
f 8772 12260 849
f 12260 8772 1640
f 1414 12261 7889
f 4916 7889 12261
f 1415 7890 12262
f 4917 12262 7890
f 12263 1085 12267
f 1085 12263 11590
f 12264 12268 1086
f 1086 11591 12264
f 12265 5340 8499
f 5340 12265 1575
f 12266 8500 5341
f 5341 1576 12266
f 3555 12267 5565
f 1085 5565 12267
f 3556 5566 12268
f 1086 12268 5566
f 12269 3036 6881
f 6881 4966 12269
f 12270 6882 3037
f 6882 12270 4967
f 5073 12271 4384
f 12271 6668 4384
f 5074 4385 12272
f 12272 4385 6669
f 12273 4966 7762
f 7762 1323 12273
f 12274 7763 4967
f 7763 12274 1324
f 8737 7433 12275
f 12275 7433 12279
f 8738 12276 7434
f 12276 12280 7434
f 7810 12277 4065
f 12277 2857 4065
f 7811 4066 12278
f 12278 4066 2858
f 7433 2634 12279
f 2634 3159 12279
f 7434 12280 2635
f 2635 12280 3159
f 4496 12281 3848
f 12281 8120 3848
f 4497 3849 12282
f 12282 3849 8121
f 12283 6540 3661
f 4789 12283 3661
f 12284 3662 6541
f 4790 3662 12284
f 12285 9908 4496
f 4496 3848 12285
f 12286 4497 9909
f 4497 12286 3849
f 11456 4874 12287
f 617 12287 4874
f 11457 12288 4875
f 618 4875 12288
f 12289 10065 1655
f 12289 1655 6376
f 12290 1656 10066
f 12290 6377 1656
f 4910 7857 12291
f 7857 7881 12291
f 4911 12292 7858
f 7858 12292 7882
f 9770 12293 3982
f 12293 2804 3982
f 9771 3983 12294
f 12294 3983 2805
f 12291 1873 12295
f 4013 12295 1873
f 12292 12296 1874
f 4014 1874 12296
f 2443 12297 5963
f 6497 12297 2443
f 2444 5964 12298
f 6498 2444 12298
f 4247 5537 12299
f 4247 12299 8932
f 4248 12300 5538
f 4248 8933 12300
f 2914 10407 12301
f 1168 12301 10407
f 2915 12302 10408
f 1169 10408 12302
f 6298 12303 1546
f 6298 9720 12303
f 6299 1546 12304
f 6299 12304 9721
f 7293 12305 11046
f 12305 7293 2704
f 7294 11047 12306
f 12306 2705 7294
f 5382 4516 12307
f 12307 4516 1368
f 5383 12308 4517
f 12308 1369 4517
f 3002 11272 12309
f 6612 3002 12309
f 3003 12310 11273
f 6613 12310 3003
f 12311 7907 7911
f 7102 12311 7911
f 12312 7912 7908
f 7103 7912 12312
f 8895 1926 12313
f 12313 1926 6308
f 8896 12314 1927
f 12314 6309 1927
f 12315 9008 6450
f 12315 6450 1252
f 12316 6451 9009
f 12316 1253 6451
f 12317 7467 501
f 501 3516 12317
f 12318 502 7468
f 502 12318 3517
f 5120 12319 3102
f 2044 3102 12319
f 5120 3103 12320
f 2045 12320 3103
f 2178 12321 3400
f 3400 12321 8546
f 2179 3401 12322
f 3401 8547 12322
f 12323 488 5724
f 12323 9726 488
f 12324 5725 489
f 12324 489 9727
f 954 9249 12325
f 954 12325 3770
f 955 12326 9250
f 955 3771 12326
f 12327 6010 2700
f 12327 8324 6010
f 12328 2701 6011
f 12328 6011 8325
f 3221 648 12329
f 415 3221 12329
f 3222 12330 649
f 416 12330 3222
f 4650 6218 12331
f 1388 4650 12331
f 4651 12332 6219
f 1389 12332 4651
f 2968 12333 10589
f 12333 2968 11490
f 2969 10590 12334
f 12334 11491 2969
f 12335 2861 11886
f 6340 12335 11886
f 12336 11887 2862
f 6341 11887 12336
f 12337 4261 2040
f 5197 12337 2040
f 12338 2041 4262
f 5198 2041 12338
f 9174 8561 12339
f 9174 12339 8560
f 1057 12340 4323
f 4323 12340 10892
f 1058 4324 12341
f 4324 10893 12341
f 8980 815 12342
f 12342 1350 8980
f 8981 12343 816
f 12343 8981 1351
f 3227 2449 12344
f 12344 2449 8408
f 3228 12345 2450
f 12345 8409 2450
f 872 10101 12346
f 872 12346 8849
f 873 12347 10102
f 873 8850 12347
f 12348 436 3685
f 12348 3685 6214
f 12349 3686 437
f 12349 6215 3686
f 12350 8257 2893
f 12350 8390 8257
f 12351 2894 8258
f 12351 8258 8391
f 5068 6427 12352
f 5068 12352 6426
f 11536 4466 12353
f 12353 4466 10205
f 11537 12354 4467
f 12354 10206 4467
f 12355 687 7808
f 12355 7808 5664
f 12356 7809 688
f 12356 5665 7809
f 12357 4305 8369
f 9087 4305 12357
f 12358 8370 4306
f 9088 12358 4306
f 12359 3436 8823
f 7911 12359 8823
f 12360 8824 3437
f 7912 8824 12360
f 3720 12361 777
f 12365 3720 8477
f 3721 778 12362
f 12366 8478 3721
f 4063 12363 12253
f 12542 12363 4063
f 4064 12254 12364
f 12543 4064 12364
f 12365 12361 3720
f 12365 2901 12361
f 12366 3721 12362
f 12366 12362 2902
f 12367 12364 4149
f 12367 4149 12363
f 125 134 12368
f 125 12368 11336
f 126 12369 135
f 126 11337 12369
f 6901 12370 3671
f 1502 12370 6901
f 6902 3672 12371
f 1503 6902 12371
f 3512 2285 12372
f 12372 6038 3512
f 3513 12373 2286
f 12373 3513 6039
f 9715 1370 12374
f 1370 6992 12374
f 9716 12375 1371
f 1371 12375 6993
f 12376 685 3663
f 6274 685 12376
f 12377 3664 686
f 6275 12377 686
f 7620 1814 12378
f 7620 12378 1968
f 7621 12379 1815
f 7621 1969 12379
f 12380 35 6356
f 12380 218 35
f 12381 6357 36
f 12381 36 219
f 8905 12382 3595
f 12382 7796 3595
f 8906 3596 12383
f 12383 3596 7797
f 8843 12384 4884
f 8843 868 12384
f 8844 4885 12385
f 8844 12385 869
f 12386 5559 9385
f 4094 5559 12386
f 12387 9386 5560
f 4095 12387 5560
f 8336 12388 4363
f 8336 10860 12388
f 8337 4364 12389
f 8337 12389 10861
f 5868 3798 12390
f 3162 5868 12390
f 5869 12391 3799
f 3163 12391 5869
f 12392 11792 1816
f 12392 1816 5167
f 12393 1817 11793
f 12393 5168 1817
f 11000 995 12394
f 995 11456 12394
f 11001 12395 996
f 996 12395 11457
f 12396 1432 3585
f 12400 5291 12396
f 12397 3586 1433
f 12401 12397 5292
f 12398 573 3860
f 1724 12398 3860
f 12399 3861 574
f 1725 3861 12399
f 12400 12396 3585
f 12400 3585 2561
f 12401 3586 12397
f 12401 2562 3586
f 12402 5231 6705
f 9734 12402 6705
f 12403 6706 5232
f 9735 6706 12403
f 12404 4976 1126
f 2702 12404 1126
f 12405 1127 4977
f 2703 1127 12405
f 1724 7218 12406
f 9018 12406 7218
f 1725 12407 7219
f 9019 7219 12407
f 7230 12408 8988
f 8988 12408 4994
f 7231 8989 12409
f 8989 4995 12409
f 5726 12410 3619
f 5726 4015 12410
f 5727 3620 12411
f 5727 12411 4016
f 12408 6511 12412
f 7945 12412 6511
f 12409 12413 6512
f 7945 6512 12413
f 2950 12414 5591
f 12414 1191 5591
f 2951 5592 12415
f 12415 5592 1192
f 5575 12416 8276
f 12416 5575 5579
f 5576 8277 12417
f 12417 5580 5576
f 11252 6016 12418
f 4408 12418 6016
f 11252 12419 6017
f 4409 6017 12419
f 12420 5924 2603
f 12420 2603 5923
f 12237 12421 6490
f 12421 1444 6490
f 12238 6491 12422
f 12422 6491 1445
f 12423 5923 5432
f 12420 5923 12423
f 12424 5433 5924
f 12420 12424 5924
f 1317 12425 8000
f 8000 12425 1069
f 1318 8001 12426
f 8001 1070 12426
f 6755 12427 2916
f 2916 12427 10675
f 6755 2917 12428
f 2917 10676 12428
f 12429 3734 9600
f 1022 3734 12429
f 12430 9601 3735
f 1023 12430 3735
f 4868 12431 636
f 12431 2363 636
f 4869 637 12432
f 12432 637 2363
f 8887 8554 12433
f 12433 8554 9548
f 8888 12434 8555
f 12434 9549 8555
f 6128 12435 11147
f 4303 12435 6128
f 6129 11148 12436
f 4304 6129 12436
f 1828 12437 7980
f 8012 12437 1828
f 1829 7981 12438
f 8013 1829 12438
f 12435 12439 4450
f 12439 11470 4450
f 12436 4451 12440
f 12440 4451 11471
f 892 7490 12441
f 3131 12441 7490
f 893 12442 7491
f 3132 7491 12442
f 10293 12443 3307
f 6300 3307 12443
f 10294 3308 12444
f 6301 12444 3308
f 1952 2092 12445
f 1952 12445 2715
f 1953 12446 2093
f 1953 2716 12446
f 2405 12447 2314
f 12447 6280 2314
f 2406 2315 12448
f 12448 2315 6281
f 7136 2601 12449
f 12449 2601 11185
f 7137 12450 2602
f 12450 11186 2602
f 7319 12451 4739
f 7319 12247 12451
f 7320 4740 12452
f 7320 12452 12248
f 3915 12453 12455
f 3915 5714 12453
f 3916 12456 12454
f 3916 12454 5715
f 12455 10998 3909
f 3909 3915 12455
f 12456 3910 10999
f 3910 12456 3916
f 1404 12457 1394
f 1394 12457 9002
f 1405 1395 12458
f 1395 9003 12458
f 6737 12459 9166
f 12459 6737 12463
f 6738 9167 12460
f 12460 12464 6738
f 1065 5858 12461
f 1187 12461 5858
f 1066 12462 5859
f 1188 5859 12462
f 1226 2895 12463
f 2895 12459 12463
f 1227 12464 2896
f 2896 12464 12460
f 4560 5844 12465
f 12469 9367 12465
f 4561 12466 5845
f 12470 12466 9368
f 5751 7798 12467
f 12467 7798 7299
f 5752 12468 7799
f 12468 7300 7799
f 7885 12469 5844
f 12469 12465 5844
f 7886 5845 12470
f 12470 5845 12466
f 4412 2238 12471
f 8298 4412 12471
f 4413 12472 2239
f 8299 12472 4413
f 12473 8284 5782
f 12473 7772 8284
f 12474 5783 8285
f 12474 8285 7773
f 4972 12475 9233
f 9233 12475 1942
f 4973 9234 12476
f 9234 1943 12476
f 5915 3016 12477
f 3016 3020 12477
f 5916 12478 3017
f 3017 12478 3021
f 12483 12479 10926
f 7939 12479 4009
f 12484 10927 12480
f 7940 4010 12480
f 12481 6765 1230
f 6765 12481 9142
f 12482 1231 6766
f 6766 9143 12482
f 6410 4009 12483
f 12483 4009 12479
f 6411 12484 4010
f 12484 12480 4010
f 898 12485 12489
f 898 1508 12485
f 899 12490 12486
f 899 12486 1509
f 12487 4135 5412
f 12487 5412 1559
f 12488 1560 5413
f 12488 5413 4136
f 6392 4402 12489
f 4402 898 12489
f 6393 12490 4403
f 4403 12490 899
f 7887 1425 12491
f 3014 12491 1425
f 7888 12492 1426
f 3015 1426 12492
f 12060 1180 12493
f 12059 12493 1180
f 12494 724 5213
f 9540 724 12494
f 12495 5214 725
f 9541 12495 725
f 5443 363 12496
f 5442 12496 363
f 12497 6802 425
f 12497 11826 6802
f 12498 426 6803
f 12498 6803 11827
f 3764 7547 12499
f 12499 7547 1022
f 3765 12500 7548
f 12500 1023 7548
f 6320 958 12501
f 6320 12501 7183
f 6321 12502 959
f 6321 7184 12502
f 12503 2138 1043
f 4575 2138 12503
f 12504 1044 2139
f 4576 12504 2139
f 12131 12505 7303
f 8056 7303 12505
f 12132 7304 12506
f 8057 12506 7304
f 6759 1770 12507
f 5358 6759 12507
f 6760 12508 1771
f 5359 12508 6760
f 12509 160 5175
f 10508 160 12509
f 12510 5176 160
f 10508 12510 160
f 1893 12511 4886
f 4886 12511 9542
f 1894 4887 12512
f 4887 9543 12512
f 12511 8743 12513
f 4007 12513 8743
f 12512 12514 8744
f 4008 8744 12514
f 4283 10337 12515
f 8596 4283 12515
f 4284 12516 10338
f 8597 12516 4284
f 12517 1990 10781
f 12517 11812 1990
f 12518 10782 1991
f 12518 1991 11813
f 9572 4774 12519
f 3573 9572 12519
f 9573 12520 4775
f 3574 12520 9573
f 12521 6729 5098
f 5098 5092 12521
f 12522 5099 6730
f 5099 12522 5093
f 12523 2431 8382
f 12523 10617 2431
f 12524 8383 2432
f 12524 2432 10618
f 12525 4770 2289
f 6570 12525 2289
f 12526 2290 4771
f 6571 2290 12526
f 1396 4486 12527
f 1396 12527 9164
f 1397 12528 4487
f 1397 9165 12528
f 12529 3645 8008
f 12529 359 3645
f 12530 8009 3646
f 12530 3646 360
f 12531 4776 4779
f 10231 12531 4779
f 12532 4780 4777
f 10232 4780 12532
f 161 12533 99
f 161 218 12533
f 162 100 12534
f 162 12534 219
f 12535 11754 9868
f 12603 11754 12535
f 12536 9869 11755
f 12604 12536 11755
f 12537 10789 4400
f 12537 4400 12535
f 12538 4401 10790
f 12538 12536 4401
f 2016 12539 6823
f 3868 12539 2016
f 2017 6824 12540
f 3869 2017 12540
f 6785 3779 12541
f 6785 12541 3778
f 1966 12542 11822
f 8582 12542 1966
f 1967 11823 12543
f 8583 1967 12543
f 7168 12544 8889
f 7168 9475 12544
f 7169 8890 12545
f 7169 12545 9476
f 1099 8148 12546
f 8168 1099 12546
f 1100 12547 8149
f 8169 12547 1100
f 12548 5157 12552
f 5157 12548 9089
f 12549 12553 5158
f 5158 9090 12549
f 12550 4756 6976
f 3287 4756 12550
f 12551 6977 4757
f 3288 12551 4757
f 8821 12552 1292
f 12548 12552 8821
f 8822 1293 12553
f 12549 8822 12553
f 12554 10864 2820
f 10702 12554 2820
f 12555 2821 10865
f 10703 2821 12555
f 3229 12556 357
f 12556 5776 357
f 3230 358 12557
f 12557 358 5777
f 3201 12558 1092
f 5635 12558 3201
f 3202 1093 12559
f 5636 3202 12559
f 12560 5513 11296
f 11300 12560 11296
f 12561 11297 5514
f 11301 11297 12561
f 12562 825 12187
f 12562 4699 825
f 12563 12188 826
f 12563 826 4700
f 12564 5870 11578
f 12564 9461 5870
f 12565 11579 5871
f 12565 5871 9462
f 12566 9700 2389
f 9700 12566 4478
f 12567 2390 9701
f 9701 4479 12567
f 545 12568 9934
f 8859 12568 545
f 546 9935 12569
f 8860 546 12569
f 2102 7694 12570
f 2102 12570 1360
f 2103 12571 7695
f 2103 1361 12571
f 12572 7879 185
f 12572 185 11365
f 12573 184 7880
f 12573 11366 184
f 712 8588 12574
f 10852 712 12574
f 713 12575 8589
f 10853 12575 713
f 413 9411 12576
f 5199 413 12576
f 414 12577 9412
f 5200 12577 414
f 12578 10247 3053
f 12578 3053 12580
f 12579 3054 10248
f 12579 12581 3054
f 12578 12580 5761
f 5761 12580 11738
f 12579 5762 12581
f 5762 11739 12581
f 1022 3126 12582
f 2620 12582 3126
f 1023 12583 3127
f 2621 3127 12583
f 12584 2000 7313
f 12584 3367 2000
f 12585 7314 2001
f 12585 2001 3368
f 12586 9558 130
f 9558 12586 9554
f 12587 131 9559
f 9559 9555 12587
f 12254 388 12588
f 12253 12588 388
f 4848 7841 12589
f 4848 12595 8893
f 4849 12590 7842
f 4849 8894 12596
f 5965 12591 7833
f 5965 7423 12591
f 5966 7834 12592
f 5966 12592 7424
f 410 12593 2723
f 410 9270 12593
f 411 2724 12594
f 411 12594 9271
f 12589 12595 4848
f 12595 12589 377
f 12590 4849 12596
f 12596 377 12590
f 7964 1026 12597
f 7964 12597 4807
f 7965 12598 1027
f 7965 4808 12598
f 1422 1170 12599
f 1422 12599 4948
f 1423 12600 1171
f 1423 4949 12600
f 4924 2994 12601
f 12601 2994 9065
f 4925 12602 2995
f 12602 9066 2995
f 12603 8719 3788
f 12603 3788 11754
f 12604 3789 8720
f 12604 11755 3789
f 3597 933 12605
f 12605 7752 3597
f 3598 12606 934
f 12606 3598 7753
f 12402 12607 798
f 12607 12601 798
f 12403 799 12608
f 12608 799 12602
f 12609 8259 6380
f 1321 8259 12609
f 12610 6381 8260
f 1322 12610 8260
f 5765 2988 12611
f 2232 12611 2988
f 5766 12612 2989
f 2233 2989 12612
f 9489 12613 11992
f 12613 9489 3730
f 9490 11993 12614
f 12614 3731 9490
f 6124 9632 12615
f 9632 5416 12615
f 6125 12616 9633
f 9633 12616 5417
f 8082 12617 365
f 8082 7527 12617
f 8083 366 12618
f 8083 12618 7528
f 12619 3581 9872
f 12619 12615 3581
f 12620 9873 3582
f 12620 3582 12616
f 6416 1077 12621
f 12621 1077 7518
f 6417 12622 1078
f 12622 7519 1078
f 6588 1087 12623
f 1087 1081 12623
f 6589 12624 1088
f 1088 12624 1082
f 12625 10464 451
f 7988 12625 451
f 12626 452 10465
f 7989 452 12626
f 440 12627 2770
f 12627 440 10017
f 441 2771 12628
f 12628 10018 441
f 5255 7686 12629
f 12629 2206 5255
f 5256 12630 7687
f 12630 5256 2207
f 5656 12631 2425
f 12631 9223 2425
f 5657 2426 12632
f 12632 2426 9224
f 1199 12633 11462
f 1199 10597 12633
f 1200 11463 12634
f 1200 12634 10598
f 12635 1818 5165
f 12635 3149 1818
f 12636 5166 1819
f 12636 1819 3150
f 12637 11484 4104
f 4976 12637 4104
f 12638 4105 11485
f 4977 4105 12638
f 299 12639 7646
f 11596 12639 299
f 300 7647 12640
f 11597 300 12640
f 12641 6769 5543
f 6282 12641 5543
f 12642 5544 6770
f 6283 5544 12642
f 5886 1096 12643
f 1096 12331 12643
f 5887 12644 1097
f 1097 12644 12332
f 15 12645 53
f 15 31 12645
f 2 54 12646
f 2 12646 32
f 9177 3243 12647
f 12647 3243 3780
f 9178 12648 3244
f 12648 3781 3244
f 12649 3613 6096
f 10253 3613 12649
f 12650 6097 3614
f 10254 12650 3614
f 67 12651 85
f 10655 12651 67
f 68 86 12652
f 10656 68 12652
f 12653 9511 9162
f 9162 12205 12653
f 12654 9163 9512
f 9163 12654 12206
f 3927 6674 12655
f 6674 5535 12655
f 3928 12656 6675
f 6675 12656 5536
f 2644 12657 2026
f 9332 12657 2644
f 2645 2027 12658
f 9333 2645 12658

 